SEQN,Age,Gender,AST,ALT,Platelet_K,Triglyceride,Total_Cholesterol,LDL,HDL,SBP,DBP,Weight_kg,Height_cm,BMI,Waist_cm,FIB4_Index,APRI_Score,TG_HDL_Ratio,NAFLD_Risk
73557,69,1,16.0,16.0,204.0,2.0,167.0,,,122.0,72.0,78.3,171.3,26.7,100.0,1.3529411764705883,0.19607843137254902,,Moderate
73558,54,1,18.0,29.0,314.0,2.0,170.0,,,156.0,62.0,89.5,176.8,28.6,107.6,0.5748276073506192,0.14331210191082805,,Low
73559,72,1,22.0,16.0,237.0,2.0,126.0,56.0,69.6,140.0,90.0,88.9,175.3,28.9,109.2,1.6708860759493671,0.23206751054852323,0.02873563218390805,Moderate
73561,73,2,36.0,28.0,300.0,2.0,201.0,101.0,99.6,136.0,86.0,52.0,162.4,19.7,,1.6554843917804152,0.3,0.020080321285140562,Moderate
73562,56,1,24.0,16.0,249.0,2.0,226.0,,,160.0,84.0,105.0,158.7,41.7,123.1,1.3493975903614457,0.24096385542168672,,Moderate
73564,61,2,20.0,21.0,180.0,2.0,168.0,97.0,70.6,118.0,80.0,93.4,161.8,35.7,110.8,1.4790323671550596,0.2777777777777778,0.028328611898017,Moderate
73566,56,2,23.0,24.0,296.0,2.0,278.0,,,128.0,74.0,61.8,152.8,26.5,85.5,0.8882158751984047,0.19425675675675674,,Low
73567,65,1,29.0,20.0,187.0,2.0,173.0,,,140.0,78.0,65.3,172.4,22.0,93.7,2.2540043516508574,0.3877005347593583,,Moderate
73568,26,2,20.0,23.0,231.0,2.0,168.0,67.0,100.6,106.0,60.0,47.1,152.5,20.3,73.7,0.4693830965786965,0.21645021645021645,0.019880715705765408,Low
73571,76,1,28.0,27.0,181.0,2.0,167.0,,,124.0,68.0,102.4,172.5,34.4,122.1,2.262617629531351,0.38674033149171266,,Moderate
73574,33,2,20.0,20.0,210.0,2.0,131.0,75.0,55.6,122.0,56.0,56.8,158.0,22.8,78.7,0.7027642214999338,0.2380952380952381,0.03597122302158273,Low
73577,32,1,30.0,44.0,330.0,2.0,182.0,119.0,62.6,118.0,74.0,79.7,166.2,28.9,100.0,0.4385619557494743,0.22727272727272727,0.03194888178913738,Low
73580,38,2,17.0,13.0,209.0,2.0,225.0,159.0,65.6,124.0,84.0,93.5,161.4,35.9,107.4,0.8572639396208087,0.2033492822966507,0.030487804878048783,Low
73581,50,1,26.0,20.0,172.0,2.0,202.0,105.0,96.6,138.0,80.0,80.9,185.0,23.6,99.3,1.6900513783428641,0.37790697674418605,0.020703933747412008,Moderate
73585,28,1,24.0,28.0,212.0,2.0,198.0,,,106.0,70.0,92.2,175.1,30.1,90.3,0.5990380326938695,0.2830188679245283,,Low
73589,35,1,22.0,21.0,198.0,2.0,192.0,,,124.0,78.0,78.3,172.9,26.2,94.6,0.848625128695526,0.2777777777777778,,Low
73592,29,1,28.0,49.0,243.0,2.0,168.0,,,118.0,86.0,92.9,173.1,31.0,107.7,0.4773662551440329,0.28806584362139914,,Low
73594,23,1,39.0,32.0,200.0,2.0,189.0,,,118.0,66.0,62.7,159.4,24.7,88.6,0.7928434784054164,0.4875,,Low
73595,58,1,28.0,34.0,267.0,2.0,165.0,,,146.0,86.0,96.0,175.3,31.2,114.8,1.0431224804173571,0.26217228464419473,,Low
73596,57,2,50.0,73.0,267.0,2.0,151.0,78.0,72.6,128.0,72.0,104.0,164.7,38.3,117.8,1.2493156161384724,0.46816479400749067,0.027548209366391185,Low
73598,20,1,17.0,17.0,181.0,2.0,177.0,68.0,108.6,114.0,42.0,86.7,165.0,31.8,98.6,0.4555917818362056,0.23480662983425415,0.01841620626151013,Low
73600,37,1,29.0,24.0,235.0,2.0,189.0,113.0,75.6,144.0,90.0,126.2,185.1,36.8,122.9,0.9320221609951598,0.30851063829787234,0.026455026455026457,Low
73603,35,1,87.0,146.0,198.0,2.0,227.0,,,118.0,80.0,95.4,165.4,34.9,113.7,1.2727575408051566,1.0984848484848484,,Low
73604,69,2,22.0,20.0,236.0,2.0,203.0,,,116.0,68.0,59.5,156.9,24.2,96.6,1.4382844024765595,0.23305084745762714,,Moderate
73607,75,1,18.0,16.0,152.0,2.0,161.0,103.0,57.6,120.0,84.0,111.9,169.6,38.9,130.5,2.2203947368421053,0.2960526315789474,0.034722222222222224,Moderate
73610,43,1,28.0,33.0,260.0,2.0,200.0,89.0,110.6,128.0,78.0,90.2,176.8,28.9,102.6,0.8061134529640777,0.2692307692307692,0.018083182640144666,Low
73613,60,2,32.0,29.0,226.0,2.0,203.0,,,130.0,72.0,104.9,163.8,39.1,113.6,1.5775887137165467,0.3539823008849558,,Moderate
73614,55,2,26.0,18.0,208.0,2.0,256.0,,,108.0,68.0,60.9,167.9,21.6,90.9,1.6204530402191715,0.3125,,Moderate
73615,65,2,17.0,13.0,243.0,2.0,166.0,,,138.0,56.0,55.4,145.9,26.0,100.3,1.2612010634339057,0.1748971193415638,,Low
73616,62,2,27.0,24.0,271.0,2.0,171.0,,,126.0,50.0,71.8,172.8,24.0,95.5,1.2608997015433703,0.24907749077490776,,Low
73618,54,2,26.0,30.0,196.0,2.0,238.0,151.0,86.6,106.0,58.0,79.4,155.8,32.7,107.8,1.3078273311858049,0.3316326530612245,0.023094688221709007,Moderate
73619,36,2,45.0,48.0,242.0,2.0,162.0,92.0,69.6,102.0,60.0,81.7,173.1,27.3,91.1,0.9662266901727208,0.46487603305785125,0.02873563218390805,Low
73621,80,1,20.0,20.0,197.0,2.0,161.0,70.0,90.6,134.0,72.0,76.4,176.2,24.6,98.2,1.8160958192891692,0.25380710659898476,0.02207505518763797,Moderate
73622,72,1,19.0,14.0,205.0,2.0,186.0,,,148.0,64.0,99.5,185.4,28.9,115.6,1.7834798972497394,0.23170731707317072,,Moderate
73623,32,1,55.0,72.0,286.0,2.0,172.0,,,120.0,74.0,91.5,186.6,26.3,97.5,0.725237724293895,0.4807692307692308,,Low
73624,31,2,14.0,12.0,340.0,2.0,274.0,,,106.0,72.0,82.9,171.1,28.3,97.7,0.3684853188651435,0.10294117647058822,,Low
73628,80,1,25.0,23.0,175.0,2.0,175.0,,,116.0,54.0,74.0,176.9,23.6,96.5,2.3830218749379974,0.35714285714285715,,Moderate
73629,26,2,13.0,10.0,334.0,2.0,204.0,,,108.0,52.0,100.8,166.1,36.5,103.6,0.3200149248912911,0.09730538922155689,,Low
73631,56,2,47.0,31.0,182.0,2.0,173.0,,,162.0,102.0,98.8,158.9,39.1,113.8,2.5973689831564375,0.6456043956043956,,Moderate
73632,23,1,32.0,39.0,215.0,2.0,148.0,,,112.0,74.0,87.5,166.1,31.7,106.0,0.5481596334909029,0.37209302325581395,,Low
73633,43,2,14.0,15.0,210.0,2.0,195.0,142.0,52.6,142.0,82.0,76.8,158.7,30.5,100.3,0.7401701506085285,0.16666666666666666,0.03802281368821293,Low
73638,63,2,14.0,13.0,208.0,2.0,140.0,71.0,68.6,138.0,56.0,60.9,156.6,24.8,98.0,1.1760710891121446,0.16826923076923075,0.02915451895043732,Low
73639,71,1,30.0,34.0,271.0,2.0,210.0,137.0,72.6,120.0,66.0,81.5,164.0,30.3,109.0,1.3479409090536674,0.27675276752767525,0.027548209366391185,Moderate
73640,67,2,21.0,11.0,330.0,2.0,165.0,94.0,70.6,138.0,70.0,54.9,157.6,22.1,81.5,1.2855347327906466,0.1590909090909091,0.028328611898017,Low
73641,64,2,28.0,31.0,96.0,2.0,191.0,85.0,105.6,,,48.1,157.7,19.3,74.3,3.3526323044997985,0.7291666666666666,0.01893939393939394,High
73642,57,2,23.0,18.0,267.0,2.0,271.0,183.0,87.6,132.0,74.0,95.5,159.0,37.8,113.8,1.1573245819420275,0.2153558052434457,0.022831050228310504,Low
73643,62,1,17.0,17.0,220.0,2.0,123.0,,,134.0,64.0,73.6,168.9,25.8,94.1,1.1619661308558862,0.19318181818181818,,Low
73645,54,2,44.0,38.0,300.0,2.0,146.0,,,124.0,68.0,75.4,160.7,29.2,102.3,1.2847936553556394,0.3666666666666667,,Low
73647,61,2,18.0,23.0,260.0,2.0,127.0,67.0,59.6,112.0,46.0,74.2,163.8,27.7,109.0,0.880572410133339,0.17307692307692307,0.03355704697986577,Low
73654,46,1,22.0,20.0,242.0,2.0,181.0,,,126.0,90.0,113.7,177.2,36.2,132.1,0.9350829724090028,0.2272727272727273,,Low
73655,44,1,18.0,19.0,260.0,2.0,206.0,146.0,59.6,130.0,98.0,113.1,190.54,31.2,116.8,0.6988356200980188,0.17307692307692307,0.03355704697986577,Low
73656,54,1,21.0,26.0,395.0,2.0,146.0,71.0,74.6,118.0,70.0,88.8,178.0,28.0,100.5,0.5630270816372169,0.1329113924050633,0.02680965147453083,Low
73657,19,2,13.0,10.0,263.0,2.0,176.0,124.0,51.6,,,77.9,160.0,30.4,92.0,0.2969895749283611,0.12357414448669203,0.03875968992248062,Low
73659,70,2,27.0,37.0,345.0,2.0,241.0,162.0,78.6,,,117.2,159.5,46.1,125.0,0.9006205391510879,0.1956521739130435,0.025445292620865142,Low
73660,59,1,17.0,17.0,169.0,2.0,206.0,,,112.0,74.0,73.9,172.8,24.7,93.8,1.4394274077600118,0.2514792899408284,,Moderate
73661,25,1,21.0,18.0,203.0,2.0,142.0,90.0,51.6,112.0,52.0,63.4,173.8,21.0,73.2,0.6095748113677134,0.25862068965517243,0.03875968992248062,Low
73662,39,1,195.0,80.0,170.0,2.0,223.0,,,196.0,110.0,75.3,179.5,23.4,,5.001557932025265,2.8676470588235294,,High
73663,25,1,18.0,16.0,267.0,2.0,186.0,118.0,67.6,104.0,62.0,124.8,194.6,33.0,109.6,0.42134831460674155,0.16853932584269662,0.02958579881656805,Low
73665,59,1,28.0,19.0,189.0,2.0,188.0,,,132.0,90.0,92.0,161.8,35.1,,2.0052634516093546,0.37037037037037035,,Moderate
73666,70,1,22.0,17.0,181.0,2.0,125.0,,,130.0,40.0,77.3,171.4,26.3,100.8,2.0635627765522253,0.3038674033149172,,Moderate
73667,24,1,21.0,20.0,249.0,2.0,187.0,122.0,64.6,112.0,74.0,88.2,174.2,29.1,97.1,0.4526017111083912,0.21084337349397592,0.030959752321981428,Low
73668,30,2,23.0,33.0,225.0,2.0,160.0,93.0,66.6,108.0,68.0,83.1,160.3,32.3,108.8,0.5338381449308067,0.25555555555555554,0.030030030030030033,Low
73670,71,2,20.0,15.0,260.0,2.0,241.0,,,144.0,76.0,70.7,142.6,34.8,106.7,1.4101631670806491,0.19230769230769232,,Moderate
73671,49,1,27.0,33.0,388.0,2.0,243.0,108.0,134.6,138.0,60.0,58.2,165.3,21.3,74.6,0.5935689145087326,0.17396907216494847,0.01485884101040119,Low
73672,73,1,24.0,27.0,270.0,2.0,272.0,,,146.0,94.0,83.9,176.3,27.0,109.3,1.2487872489138572,0.2222222222222222,,Low
73673,45,1,18.0,20.0,254.0,2.0,172.0,,,118.0,62.0,65.3,184.1,19.3,81.5,0.7130767959743423,0.17716535433070865,,Low
73674,45,2,26.0,34.0,224.0,2.0,184.0,105.0,78.6,98.0,66.0,58.4,164.9,21.5,79.5,0.8957738598961398,0.29017857142857145,0.025445292620865142,Low
73675,29,1,26.0,24.0,244.0,2.0,230.0,,,130.0,74.0,72.7,169.5,25.3,86.0,0.6307770717412966,0.26639344262295084,,Low
73676,44,1,24.0,36.0,179.0,2.0,254.0,171.0,82.6,118.0,74.0,109.6,170.8,37.6,121.0,0.9832402234636871,0.33519553072625696,0.02421307506053269,Low
73677,61,2,15.0,13.0,175.0,2.0,174.0,83.0,90.6,106.0,62.0,105.2,169.9,36.4,106.6,1.450144798703099,0.2142857142857143,0.02207505518763797,Moderate
73678,51,1,49.0,52.0,247.0,2.0,276.0,,,132.0,74.0,100.1,172.3,33.7,113.4,1.4030321764846636,0.4959514170040486,,Moderate
73684,64,1,33.0,39.0,252.0,2.0,177.0,,,116.0,58.0,63.9,160.5,24.8,98.4,1.342026431890254,0.32738095238095233,,Moderate
73688,58,1,15.0,22.0,248.0,2.0,179.0,116.0,62.6,118.0,68.0,97.1,170.1,33.6,113.2,0.7479218678604075,0.15120967741935484,0.03194888178913738,Low
73690,77,2,32.0,15.0,199.0,2.0,255.0,147.0,107.6,168.0,68.0,56.3,162.2,21.4,85.2,3.1969952981759047,0.4020100502512563,0.01858736059479554,High
73692,65,1,19.0,18.0,167.0,2.0,208.0,,,136.0,44.0,57.8,156.0,23.8,86.3,1.7430676143021682,0.28443113772455086,,Moderate
73693,78,2,26.0,18.0,197.0,2.0,214.0,,,174.0,76.0,78.8,149.6,35.2,111.5,2.426417178081757,0.3299492385786802,,Moderate
73694,66,2,26.0,24.0,175.0,2.0,191.0,84.0,106.6,124.0,52.0,76.0,168.4,26.8,106.0,2.0015830469599685,0.37142857142857144,0.01876172607879925,Moderate
73698,23,1,22.0,16.0,175.0,2.0,176.0,,,128.0,64.0,92.3,178.2,29.1,95.8,0.7228571428571429,0.3142857142857143,,Low
73699,20,1,21.0,18.0,223.0,2.0,109.0,51.0,57.6,100.0,56.0,77.0,184.1,22.7,84.0,0.4439235397583707,0.23542600896860988,0.034722222222222224,Low
73701,47,1,21.0,21.0,261.0,2.0,227.0,,,116.0,74.0,70.1,168.9,24.6,86.1,0.8252147803177183,0.20114942528735633,,Low
73702,48,2,24.0,26.0,368.0,2.0,179.0,109.0,69.6,158.0,66.0,123.3,163.3,46.2,141.1,0.6139287708673588,0.16304347826086957,0.02873563218390805,Low
73703,38,2,18.0,17.0,248.0,2.0,200.0,,,100.0,54.0,63.7,156.2,26.1,93.8,0.668928901309886,0.1814516129032258,,Low
73706,54,1,21.0,25.0,151.0,2.0,149.0,71.0,77.6,138.0,80.0,91.9,172.7,30.8,113.1,1.5019867549668875,0.34768211920529807,0.025773195876288662,Moderate
73707,45,1,20.0,19.0,249.0,2.0,176.0,,,126.0,80.0,100.0,176.3,32.2,102.7,0.8292134959176931,0.2008032128514056,,Low
73708,69,1,18.0,26.0,294.0,2.0,176.0,,,114.0,62.0,71.2,165.8,25.9,94.8,0.828490611706206,0.15306122448979592,,Low
73709,64,1,22.0,16.0,179.0,2.0,132.0,73.0,58.6,168.0,46.0,100.3,180.3,30.9,111.2,1.9664804469273742,0.30726256983240224,0.034129692832764506,Moderate
73712,18,1,19.0,25.0,328.0,2.0,162.0,,,114.0,36.0,85.1,176.7,27.3,98.8,0.20853658536585365,0.1448170731707317,,Low
73714,29,2,16.0,13.0,307.0,2.0,213.0,130.0,82.6,104.0,62.0,71.9,164.9,26.4,87.1,0.4191871189715087,0.13029315960912052,0.02421307506053269,Low
73715,38,2,21.0,20.0,212.0,2.0,155.0,,,104.0,72.0,85.2,157.0,34.6,105.3,0.8416897387003925,0.2476415094339623,,Low
73716,25,1,23.0,19.0,216.0,2.0,182.0,,,118.0,56.0,86.3,181.2,26.3,87.4,0.6107131804424676,0.2662037037037037,,Low
73717,78,1,30.0,19.0,133.0,2.0,144.0,,,166.0,74.0,85.7,162.5,32.5,108.3,4.036336971858003,0.5639097744360901,,High
73718,53,1,21.0,38.0,247.0,2.0,126.0,72.0,53.6,134.0,76.0,99.8,194.0,26.5,103.5,0.730981545419185,0.2125506072874494,0.03731343283582089,Low
73720,48,1,25.0,47.0,208.0,2.0,255.0,,,132.0,90.0,129.7,178.1,40.9,124.2,0.8415287971032378,0.3004807692307693,,Low
73723,77,1,19.0,15.0,193.0,2.0,126.0,,,126.0,74.0,105.1,177.3,33.4,116.2,1.957227853368377,0.24611398963730569,,Moderate
73724,26,1,18.0,14.0,166.0,2.0,167.0,93.0,73.6,116.0,68.0,65.1,184.2,19.2,72.5,0.7534835012952688,0.2710843373493976,0.027173913043478264,Low
73725,80,2,26.0,15.0,216.0,2.0,199.0,,,150.0,78.0,56.4,149.9,25.1,,2.486359679046737,0.30092592592592593,,Moderate
73726,67,2,25.0,19.0,236.0,2.0,210.0,,,148.0,86.0,52.3,149.0,23.6,87.3,1.6282684501406393,0.26483050847457623,,Moderate
73729,46,1,26.0,32.0,230.0,2.0,185.0,116.0,68.6,120.0,62.0,105.5,170.8,36.2,123.6,0.9192388155425117,0.28260869565217395,0.02915451895043732,Low
73730,48,1,22.0,22.0,180.0,2.0,152.0,88.0,63.6,114.0,70.0,89.1,183.6,26.4,103.2,1.2507775359529145,0.3055555555555556,0.031446540880503145,Low
73732,80,1,20.0,12.0,270.0,2.0,195.0,104.0,90.6,160.0,88.0,64.4,169.2,22.5,87.5,1.710667464265558,0.1851851851851852,0.02207505518763797,Moderate
73733,23,2,22.0,21.0,390.0,2.0,189.0,,,108.0,74.0,75.8,154.0,32.0,101.3,0.28312372425490295,0.14102564102564102,,Low
73735,29,2,23.0,41.0,402.0,2.0,130.0,,,116.0,72.0,90.0,154.7,37.6,104.4,0.2591241273126872,0.14303482587064675,,Low
73736,55,1,24.0,20.0,292.0,2.0,209.0,,,110.0,66.0,86.3,168.2,30.5,94.4,1.0108252501026445,0.2054794520547945,,Low
73738,29,1,48.0,36.0,204.0,2.0,98.0,,,126.0,82.0,155.8,187.2,44.5,128.9,1.1372549019607843,0.5882352941176471,,Low
73739,46,2,16.0,16.0,203.0,2.0,172.0,103.0,68.6,118.0,68.0,73.7,163.8,27.5,96.7,0.9064039408866995,0.1970443349753695,0.02915451895043732,Low
73740,57,2,24.0,17.0,238.0,2.0,209.0,,,118.0,74.0,64.6,154.8,27.0,85.8,1.3940703153348888,0.25210084033613445,,Moderate
73741,47,2,24.0,19.0,292.0,2.0,239.0,,,,,81.6,156.4,33.4,108.6,0.8862361226232659,0.2054794520547945,,Low
73746,64,2,19.0,13.0,419.0,2.0,226.0,,,,,51.4,164.1,19.1,79.8,0.8049110245941273,0.1133651551312649,,Low
73747,80,2,16.0,9.0,271.0,2.0,234.0,164.0,69.6,198.0,82.0,78.4,161.4,30.1,105.8,1.5744157441574416,0.14760147601476017,0.02873563218390805,Moderate
73749,29,1,20.0,18.0,180.0,2.0,149.0,,,108.0,68.0,90.0,194.4,23.8,88.3,0.75948506127444,0.2777777777777778,,Low
73751,61,2,19.0,17.0,278.0,2.0,185.0,,,,,79.7,161.7,30.5,104.7,1.011146724521978,0.17086330935251798,,Low
73755,75,1,16.0,14.0,209.0,2.0,182.0,101.0,80.6,130.0,82.0,61.8,164.8,22.8,93.6,1.5345143076311447,0.19138755980861244,0.02481389578163772,Moderate
73756,56,1,17.0,18.0,212.0,2.0,143.0,61.0,81.6,118.0,58.0,75.0,171.3,25.6,93.3,1.058436565549675,0.20047169811320756,0.02450980392156863,Low
73757,29,2,21.0,11.0,273.0,2.0,187.0,118.0,68.6,98.0,60.0,102.7,165.5,37.5,125.3,0.6726022302119343,0.19230769230769232,0.02915451895043732,Low
73760,64,1,22.0,14.0,247.0,2.0,222.0,,,120.0,82.0,61.5,169.9,21.3,85.6,1.5234972818327674,0.22267206477732795,,Moderate
73763,31,2,17.0,13.0,291.0,2.0,187.0,115.0,71.6,110.0,78.0,102.8,160.9,39.7,105.5,0.5022800745888243,0.14604810996563575,0.02793296089385475,Low
73765,54,1,23.0,21.0,259.0,2.0,246.0,,,106.0,54.0,65.9,172.3,22.2,85.0,1.0464348249926738,0.22200772200772198,,Low
73766,75,2,25.0,18.0,294.0,2.0,153.0,,,136.0,58.0,88.3,156.6,36.0,113.6,1.503203191297933,0.21258503401360546,,Moderate
73767,35,2,15.0,10.0,198.0,2.0,200.0,130.0,69.6,100.0,68.0,53.0,167.0,19.0,73.5,0.8384827129234339,0.1893939393939394,0.02873563218390805,Low
73770,50,2,17.0,16.0,231.0,2.0,161.0,,,120.0,64.0,125.2,176.3,40.3,134.0,0.9199134199134199,0.18398268398268397,,Low
73772,21,2,35.0,13.0,301.0,2.0,188.0,113.0,74.6,,,68.1,157.8,27.3,89.5,0.6772502395773147,0.29069767441860467,0.02680965147453083,Low
73773,39,2,25.0,29.0,189.0,2.0,199.0,121.0,77.6,92.0,52.0,67.0,169.3,23.4,90.0,0.9579521413895533,0.3306878306878307,0.025773195876288662,Low
73774,80,2,25.0,11.0,174.0,2.0,127.0,,,,,58.9,158.7,23.4,88.7,3.4656476388248696,0.35919540229885055,,High
73776,19,2,25.0,17.0,227.0,2.0,148.0,,,104.0,48.0,52.9,153.2,22.5,73.0,0.5075084664857188,0.27533039647577096,,Low
73778,62,1,16.0,14.0,210.0,2.0,121.0,,,,,161.8,175.9,52.3,161.0,1.2624911998910713,0.19047619047619047,,Low
73779,62,1,19.0,18.0,249.0,2.0,233.0,160.0,72.6,114.0,68.0,57.3,178.1,18.1,78.4,1.1150894086181433,0.19076305220883533,0.027548209366391185,Low
73780,78,1,20.0,14.0,203.0,2.0,164.0,,,150.0,78.0,75.3,176.9,24.1,92.0,2.0538302334156753,0.24630541871921183,,Moderate
73781,48,2,21.0,14.0,327.0,2.0,183.0,107.0,75.6,118.0,74.0,80.1,162.9,30.2,103.1,0.8238511677300422,0.16055045871559634,0.026455026455026457,Low
73782,68,1,80.0,48.0,195.0,2.0,190.0,,,106.0,74.0,65.2,167.8,23.2,88.0,4.026648031271237,1.0256410256410255,,High
73783,26,1,24.0,20.0,215.0,2.0,222.0,145.0,76.6,96.0,68.0,71.5,169.5,24.9,86.4,0.6489797292836599,0.27906976744186046,0.026109660574412535,Low
73786,18,2,18.0,12.0,260.0,2.0,189.0,,,108.0,58.0,72.3,156.0,29.7,89.8,0.3597336292643053,0.17307692307692307,,Low
73787,71,1,20.0,21.0,201.0,2.0,141.0,,,90.0,46.0,97.9,186.2,28.2,111.8,1.5416388265428318,0.24875621890547264,,Moderate
73790,59,1,28.0,31.0,184.0,2.0,261.0,192.0,68.6,148.0,72.0,100.7,182.7,30.2,118.5,1.6125432551534358,0.3804347826086956,0.02915451895043732,Moderate
73792,68,2,21.0,23.0,192.0,2.0,230.0,,,138.0,90.0,81.4,167.7,28.9,107.7,1.5508259545494938,0.2734375,,Moderate
73795,59,1,32.0,39.0,243.0,2.0,227.0,,,148.0,84.0,81.7,165.3,29.9,106.3,1.2441232690699773,0.32921810699588483,,Low
73797,57,2,27.0,25.0,245.0,2.0,118.0,,,116.0,78.0,180.1,166.9,64.7,158.7,1.2563265306122449,0.2755102040816327,,Low
73800,54,2,31.0,36.0,358.0,2.0,220.0,,,124.0,78.0,138.5,159.9,54.2,139.7,0.7793296089385475,0.21648044692737428,,Low
73801,46,2,20.0,17.0,235.0,2.0,243.0,139.0,103.6,110.0,64.0,63.5,166.3,23.0,81.9,0.9495011703550057,0.2127659574468085,0.019305019305019305,Low
73802,18,2,17.0,13.0,231.0,2.0,178.0,,,106.0,64.0,52.0,164.5,19.2,70.5,0.3673988312660609,0.18398268398268397,,Low
73804,55,1,27.0,46.0,217.0,2.0,130.0,,,108.0,64.0,96.3,176.8,30.8,114.2,1.0089921884332822,0.3110599078341014,,Low
73805,30,2,15.0,15.0,191.0,2.0,190.0,112.0,77.6,120.0,82.0,140.2,167.6,49.9,143.5,0.6083219915509032,0.1963350785340314,0.025773195876288662,Low
73806,63,1,22.0,24.0,229.0,2.0,220.0,156.0,63.6,130.0,60.0,109.2,184.2,32.2,119.7,1.2354413331504677,0.24017467248908297,0.031446540880503145,Low
73807,50,2,24.0,24.0,198.0,2.0,152.0,79.0,72.6,114.0,64.0,69.5,158.2,27.8,84.6,1.237116031708676,0.30303030303030304,0.027548209366391185,Low
73808,53,2,25.0,20.0,279.0,2.0,179.0,,,146.0,76.0,91.1,164.8,33.5,108.5,1.0619319247982872,0.2240143369175627,,Low
73809,52,2,171.0,164.0,216.0,2.0,213.0,,,138.0,74.0,68.3,163.4,25.6,90.5,3.2145765988738084,1.979166666666667,,High
73810,48,1,21.0,21.0,247.0,2.0,214.0,,,116.0,84.0,84.9,177.5,26.9,95.3,0.8905410257404063,0.2125506072874494,,Low
73813,34,2,26.0,14.0,321.0,2.0,203.0,148.0,54.6,106.0,60.0,65.4,157.7,26.3,80.5,0.7360091521825021,0.20249221183800625,0.03663003663003663,Low
73815,72,2,25.0,21.0,149.0,2.0,203.0,119.0,83.6,138.0,52.0,70.3,167.7,25.0,94.0,2.6361892780187,0.41946308724832215,0.023923444976076555,Moderate
73816,64,1,19.0,25.0,239.0,2.0,250.0,169.0,80.6,142.0,64.0,82.2,172.0,27.8,100.8,1.0175732217573221,0.19874476987447698,0.02481389578163772,Low
73820,56,1,20.0,28.0,156.0,2.0,163.0,62.0,100.6,120.0,72.0,91.4,178.7,28.6,99.8,1.3567955441356874,0.3205128205128205,0.019880715705765408,Moderate
73823,35,1,17.0,19.0,211.0,2.0,140.0,,,120.0,68.0,69.9,179.4,21.7,78.0,0.6469306239477927,0.2014218009478673,,Low
73831,48,2,19.0,15.0,313.0,2.0,177.0,,,114.0,70.0,103.6,173.2,34.5,121.8,0.7523239215636133,0.15175718849840253,,Low
73833,34,2,16.0,12.0,296.0,2.0,168.0,,,96.0,42.0,46.9,159.3,18.5,74.1,0.5305380852012778,0.13513513513513514,,Low
73834,64,1,21.0,23.0,353.0,2.0,243.0,,,112.0,76.0,66.6,173.3,22.2,93.0,0.7938905736337352,0.14872521246458925,,Low
73837,29,1,17.0,19.0,221.0,2.0,117.0,66.0,50.6,102.0,62.0,93.6,180.8,28.6,104.2,0.5117735601727916,0.1923076923076923,0.039525691699604744,Low
73839,68,1,20.0,22.0,211.0,2.0,135.0,64.0,70.6,136.0,58.0,99.0,167.2,35.4,116.6,1.3741847120551194,0.23696682464454977,0.028328611898017,Moderate
73840,77,2,19.0,16.0,236.0,2.0,245.0,,,120.0,70.0,72.0,152.0,31.2,101.2,1.5497881355932204,0.20127118644067796,,Moderate
73842,53,1,27.0,23.0,177.0,2.0,234.0,,,156.0,86.0,80.4,162.5,30.4,100.6,1.6857860255122827,0.38135593220338987,,Moderate
73843,42,1,35.0,43.0,194.0,2.0,214.0,,,118.0,84.0,79.8,167.9,28.3,95.1,1.1555304040666436,0.4510309278350515,,Low
73845,70,2,26.0,20.0,240.0,2.0,175.0,95.0,79.6,140.0,74.0,95.3,156.1,39.1,,1.6956848829373403,0.27083333333333337,0.02512562814070352,Moderate
73846,24,2,20.0,17.0,243.0,2.0,122.0,,,110.0,74.0,83.7,155.9,34.4,105.8,0.47908271612115155,0.205761316872428,,Low
73847,34,1,19.0,24.0,277.0,2.0,233.0,156.0,76.6,138.0,92.0,96.8,180.9,29.6,101.7,0.4760440354506417,0.17148014440433212,0.026109660574412535,Low
73848,65,2,20.0,23.0,186.0,2.0,183.0,99.0,83.6,118.0,52.0,116.1,168.1,41.1,,1.4573588079257915,0.2688172043010753,0.023923444976076555,Moderate
73850,30,1,22.0,21.0,275.0,2.0,169.0,,,118.0,78.0,69.5,174.7,22.8,83.6,0.5237229365663817,0.2,,Low
73851,48,2,19.0,20.0,257.0,2.0,210.0,,,110.0,64.0,72.3,161.1,27.9,,0.7934996091361121,0.1848249027237354,,Low
73852,40,2,18.0,21.0,278.0,2.0,176.0,104.0,71.6,,,79.2,161.2,30.5,88.4,0.5651686365824263,0.1618705035971223,0.02793296089385475,Low
73855,38,2,17.0,15.0,292.0,2.0,143.0,,,,,137.1,153.0,58.6,150.5,0.5712208314269387,0.14554794520547945,,Low
73858,52,1,27.0,33.0,153.0,2.0,190.0,,,116.0,64.0,88.9,182.7,26.6,87.0,1.5974184899464037,0.4411764705882353,,Moderate
73859,38,1,32.0,57.0,239.0,2.0,176.0,,,126.0,84.0,90.2,169.2,31.5,101.7,0.6739043289502482,0.3347280334728034,,Low
73860,53,1,22.0,18.0,240.0,2.0,240.0,139.0,100.6,150.0,94.0,69.3,175.1,22.6,88.3,1.1451201484215479,0.22916666666666666,0.019880715705765408,Low
73861,77,1,26.0,23.0,186.0,2.0,189.0,,,,,116.3,183.0,34.7,124.2,2.244332564205719,0.34946236559139787,,Moderate
73862,61,2,19.0,17.0,287.0,2.0,163.0,84.0,78.6,150.0,56.0,98.2,149.1,44.2,128.3,0.9794382906519509,0.16550522648083624,0.025445292620865142,Low
73863,26,1,19.0,12.0,182.0,2.0,145.0,,,128.0,0.0,65.8,172.2,22.2,74.9,0.7835467939002064,0.26098901098901095,,Low
73864,62,2,17.0,27.0,363.0,2.0,243.0,,,108.0,68.0,78.7,158.0,31.5,99.0,0.5587944754140179,0.11707988980716254,,Low
73865,48,1,26.0,19.0,180.0,2.0,253.0,,,122.0,82.0,73.3,187.1,20.9,91.0,1.5906157548358948,0.36111111111111116,,Moderate
73866,47,2,25.0,25.0,475.0,2.0,202.0,101.0,100.6,128.0,72.0,127.3,158.2,50.9,126.8,0.49473684210526314,0.13157894736842105,0.019880715705765408,Low
73868,32,1,18.0,20.0,308.0,2.0,199.0,,,112.0,72.0,88.1,176.8,28.2,97.9,0.4181737516363243,0.1461038961038961,,Low
73870,38,1,22.0,26.0,193.0,2.0,208.0,,,136.0,56.0,109.3,189.9,30.3,117.0,0.8494978703394915,0.2849740932642487,,Low
73872,63,2,27.0,27.0,225.0,2.0,175.0,95.0,79.6,110.0,70.0,70.3,158.3,28.1,104.7,1.4549226783578568,0.3,0.02512562814070352,Moderate
73873,80,1,19.0,15.0,276.0,2.0,186.0,,,138.0,70.0,68.3,161.7,26.1,98.9,1.4219649000568293,0.1721014492753623,,Moderate
73875,43,1,29.0,34.0,244.0,2.0,173.0,,,122.0,84.0,92.3,180.8,28.2,102.2,0.8764702281668382,0.2971311475409836,,Low
73878,45,2,15.0,15.0,212.0,2.0,237.0,,,132.0,88.0,71.4,167.6,25.4,87.6,0.8220955216006308,0.1768867924528302,,Low
73879,58,2,34.0,23.0,396.0,2.0,236.0,,,146.0,76.0,50.3,161.4,19.3,77.3,1.0383596578801806,0.21464646464646464,,Low
73880,50,2,19.0,28.0,210.0,2.0,157.0,84.0,72.6,122.0,90.0,110.8,163.2,41.6,119.0,0.8549196413303949,0.2261904761904762,0.027548209366391185,Low
73881,38,1,32.0,49.0,284.0,2.0,180.0,,,114.0,54.0,110.7,174.2,36.5,118.3,0.6116700201207244,0.28169014084507044,,Low
73882,25,2,28.0,29.0,258.0,2.0,223.0,,,110.0,60.0,65.7,157.2,26.6,86.0,0.5038245609454896,0.2713178294573643,,Low
73883,67,1,20.0,18.0,300.0,2.0,207.0,,,104.0,66.0,112.4,167.8,39.9,142.2,1.0528034297666375,0.16666666666666669,,Low
73884,43,1,43.0,69.0,161.0,2.0,216.0,134.0,81.6,116.0,66.0,92.0,173.2,30.7,110.3,1.3825679649415359,0.6677018633540373,0.02450980392156863,Moderate
73886,64,2,23.0,20.0,225.0,2.0,250.0,,,132.0,74.0,82.9,163.0,31.2,102.0,1.4628853612798625,0.25555555555555554,,Moderate
73888,56,1,27.0,25.0,201.0,2.0,103.0,,,142.0,84.0,101.8,175.6,33.0,114.9,1.5044776119402985,0.3358208955223881,,Moderate
73896,19,2,25.0,12.0,235.0,2.0,149.0,,,,,47.1,153.1,20.1,,0.583492293329941,0.26595744680851063,,Low
73899,57,1,33.0,27.0,138.0,2.0,90.0,,,126.0,54.0,140.6,182.3,42.3,133.7,2.623178396970256,0.5978260869565216,,Moderate
73900,66,1,34.0,31.0,181.0,2.0,205.0,121.0,83.6,,,95.7,189.7,26.6,106.0,2.2267088273374744,0.4696132596685083,0.023923444976076555,Moderate
73901,54,1,35.0,31.0,179.0,2.0,186.0,,,116.0,74.0,81.3,181.4,24.7,87.3,1.8963911778246065,0.4888268156424581,,Moderate
73902,28,2,36.0,48.0,229.0,2.0,143.0,,,96.0,62.0,60.3,162.3,22.9,80.2,0.6353374141300686,0.39301310043668125,,Low
73906,34,2,23.0,18.0,241.0,2.0,192.0,,,110.0,68.0,85.9,172.4,28.9,103.9,0.7648098241879394,0.23858921161825725,,Low
73908,67,1,14.0,17.0,338.0,2.0,133.0,,,108.0,52.0,95.5,178.7,29.9,109.6,0.6730722375268648,0.10355029585798817,,Low
73910,51,1,23.0,15.0,171.0,2.0,215.0,137.0,77.6,118.0,76.0,71.9,179.9,22.2,85.0,1.7711537875638594,0.3362573099415205,0.025773195876288662,Moderate
73913,26,1,27.0,24.0,227.0,2.0,125.0,,,138.0,76.0,83.5,191.3,22.8,89.8,0.6312561671930217,0.29735682819383263,,Low
73914,52,2,25.0,15.0,186.0,2.0,236.0,,,108.0,42.0,63.6,160.3,24.8,101.9,1.804615896082309,0.33602150537634407,,Moderate
73916,27,1,22.0,26.0,282.0,2.0,208.0,146.0,61.6,134.0,76.0,82.8,159.8,32.4,108.0,0.4130956889080898,0.19503546099290783,0.032467532467532464,Low
73918,32,1,25.0,21.0,277.0,2.0,208.0,132.0,75.6,120.0,76.0,75.6,180.5,23.2,79.6,0.630232173966765,0.22563176895306858,0.026455026455026457,Low
73920,18,1,20.0,15.0,259.0,2.0,141.0,70.0,70.6,128.0,88.0,60.0,168.7,21.1,71.9,0.35888648767945175,0.19305019305019305,0.028328611898017,Low
73922,75,2,21.0,27.0,217.0,2.0,258.0,,,,,96.8,150.6,42.7,124.5,1.3968151673942557,0.24193548387096775,,Moderate
73924,39,2,23.0,15.0,273.0,2.0,185.0,111.0,73.6,92.0,50.0,68.8,166.3,24.9,82.4,0.8483677805978151,0.21062271062271062,0.027173913043478264,Low
73925,60,1,20.0,17.0,145.0,2.0,118.0,,,112.0,68.0,81.5,168.6,28.7,96.5,2.0071913796110317,0.3448275862068966,,Moderate
73926,64,1,28.0,31.0,217.0,2.0,176.0,114.0,61.6,140.0,78.0,88.4,169.1,30.9,103.4,1.4831921715759477,0.3225806451612903,0.032467532467532464,Moderate
73928,23,1,20.0,28.0,223.0,2.0,219.0,153.0,65.6,124.0,70.0,117.6,189.1,32.9,103.0,0.38982882866422536,0.2242152466367713,0.030487804878048783,Low
73930,70,2,20.0,24.0,112.0,2.0,199.0,82.0,116.6,136.0,66.0,92.4,164.0,34.4,121.0,2.551551815399144,0.4464285714285714,0.017152658662092625,Moderate
73931,37,2,25.0,23.0,299.0,1.0,154.0,95.0,58.8,,,68.9,146.7,32.0,91.0,0.6450696755946294,0.20903010033444816,0.017006802721088437,Low
73932,30,1,20.0,18.0,257.0,2.0,199.0,,,114.0,78.0,94.4,189.1,26.4,100.1,0.5502776507288308,0.19455252918287938,,Low
73934,31,1,29.0,47.0,244.0,2.0,165.0,112.0,52.6,138.0,66.0,86.8,170.9,29.7,97.3,0.5374288006418328,0.2971311475409836,0.03802281368821293,Low
73935,63,1,22.0,20.0,226.0,2.0,203.0,141.0,61.6,132.0,68.0,73.6,174.3,24.2,93.7,1.3713231047852692,0.24336283185840712,0.032467532467532464,Moderate
73937,41,2,18.0,18.0,252.0,2.0,211.0,131.0,79.6,92.0,54.0,52.7,153.5,22.4,79.8,0.6902709054440107,0.17857142857142858,0.02512562814070352,Low
73938,53,2,21.0,18.0,341.0,2.0,219.0,152.0,66.6,106.0,64.0,70.5,162.3,26.8,90.4,0.7693155889155694,0.15395894428152493,0.030030030030030033,Low
73941,28,1,24.0,19.0,170.0,2.0,173.0,,,120.0,60.0,75.5,170.1,26.1,86.1,0.9068669009471617,0.3529411764705882,,Low
73943,19,1,24.0,15.0,252.0,2.0,141.0,,,,,55.4,161.5,21.2,73.1,0.46721703859010105,0.23809523809523808,,Low
73945,66,1,34.0,24.0,216.0,2.0,206.0,,,142.0,64.0,120.2,178.9,37.6,131.8,2.120623064353955,0.3935185185185185,,Moderate
73949,48,1,27.0,20.0,305.0,2.0,169.0,,,128.0,90.0,94.4,171.7,32.0,101.9,0.9501456061769598,0.2213114754098361,,Low
73952,42,1,40.0,64.0,243.0,2.0,175.0,114.0,60.6,114.0,68.0,122.6,176.9,39.2,124.4,0.8641975308641975,0.411522633744856,0.033003300330033,Low
73954,45,2,18.0,15.0,204.0,2.0,157.0,,,118.0,68.0,66.6,166.8,23.9,91.0,1.0252014739960809,0.22058823529411764,,Low
73955,31,2,16.0,11.0,263.0,2.0,196.0,,,112.0,72.0,69.9,155.3,29.0,97.0,0.5686297601162387,0.15209125475285173,,Low
73957,26,2,15.0,15.0,267.0,2.0,121.0,,,104.0,64.0,59.2,160.6,23.0,81.1,0.37714444569810046,0.1404494382022472,,Low
73962,49,1,48.0,46.0,238.0,2.0,206.0,104.0,101.6,152.0,68.0,105.0,181.5,31.9,110.9,1.4570734490601598,0.5042016806722689,0.01968503937007874,Moderate
73964,45,1,20.0,17.0,281.0,2.0,225.0,,,156.0,114.0,89.2,172.8,29.9,98.5,0.7768044929989312,0.1779359430604982,,Low
73974,34,1,37.0,24.0,212.0,2.0,247.0,,,118.0,74.0,103.8,182.5,31.2,106.4,1.2112649750083484,0.4363207547169811,,Low
73975,64,2,156.0,48.0,297.0,2.0,161.0,105.0,55.6,128.0,54.0,61.8,156.1,25.4,103.2,4.852074989553218,1.3131313131313131,0.03597122302158273,High
73977,30,1,29.0,30.0,214.0,2.0,137.0,70.0,66.6,108.0,70.0,80.0,180.8,24.5,90.9,0.7422408489555988,0.338785046728972,0.030030030030030033,Low
73979,61,2,33.0,33.0,188.0,2.0,224.0,105.0,118.6,122.0,70.0,67.7,161.7,25.9,86.7,1.86392724169585,0.4388297872340425,0.016863406408094434,Moderate
73980,43,1,22.0,15.0,184.0,2.0,207.0,,,114.0,68.0,67.0,174.6,22.0,85.3,1.327479074460948,0.29891304347826086,,Moderate
73981,36,2,18.0,7.0,246.0,2.0,193.0,112.0,80.6,,,59.5,145.8,28.0,89.8,0.9956137337804034,0.1829268292682927,0.02481389578163772,Low
73985,43,2,24.0,13.0,303.0,2.0,134.0,,,126.0,70.0,104.8,165.2,38.4,125.0,0.9446379579281131,0.19801980198019803,,Low
73987,56,1,41.0,44.0,198.0,2.0,202.0,,,124.0,72.0,93.8,163.9,34.9,116.0,1.7481566847235992,0.5176767676767676,,Moderate
73990,50,2,26.0,37.0,291.0,2.0,184.0,,,144.0,94.0,55.0,146.8,25.5,76.6,0.7344284656253075,0.2233676975945017,,Low
73992,20,1,24.0,19.0,286.0,2.0,129.0,84.0,44.6,118.0,74.0,60.1,180.6,18.4,73.0,0.3850333995030407,0.2097902097902098,0.04484304932735426,Low
73993,57,1,25.0,27.0,219.0,2.0,120.0,,,136.0,66.0,77.2,169.9,26.7,102.5,1.252243734543709,0.28538812785388123,,Low
73994,36,1,21.0,19.0,300.0,2.0,145.0,,,136.0,78.0,89.3,182.6,26.8,103.7,0.5781276493538156,0.17500000000000002,,Low
73995,40,2,24.0,18.0,338.0,2.0,154.0,77.0,76.6,96.0,48.0,58.7,158.0,23.5,83.9,0.6694502070405184,0.17751479289940827,0.026109660574412535,Low
73998,32,2,18.0,17.0,203.0,2.0,134.0,75.0,58.6,98.0,54.0,75.1,163.7,28.0,90.3,0.6881799015809251,0.22167487684729065,0.034129692832764506,Low
73999,66,1,25.0,19.0,245.0,2.0,187.0,104.0,82.6,120.0,86.0,77.7,172.2,26.2,94.5,1.5450447383119466,0.25510204081632654,0.02421307506053269,Moderate
74001,48,1,20.0,24.0,310.0,2.0,140.0,,,112.0,58.0,134.1,177.8,42.4,140.5,0.6321263852343686,0.16129032258064516,,Low
74002,63,1,25.0,24.0,275.0,2.0,223.0,156.0,66.6,142.0,74.0,121.7,176.6,39.0,128.0,1.169074649964699,0.22727272727272727,0.030030030030030033,Low
74003,68,2,17.0,17.0,213.0,2.0,201.0,,,118.0,54.0,97.5,167.0,35.0,109.6,1.3162966316525864,0.1995305164319249,,Moderate
74004,31,2,17.0,14.0,328.0,2.0,194.0,,,122.0,88.0,76.8,156.8,31.2,104.2,0.429410592950755,0.12957317073170732,,Low
74005,23,1,24.0,23.0,185.0,2.0,160.0,,,128.0,80.0,68.8,182.3,20.7,81.3,0.6221619273486771,0.3243243243243243,,Low
74006,34,2,20.0,21.0,280.0,2.0,135.0,81.0,53.6,154.0,84.0,111.5,176.8,35.7,109.7,0.5299577334302673,0.17857142857142858,0.03731343283582089,Low
74007,71,2,23.0,15.0,219.0,2.0,249.0,128.0,120.6,100.0,58.0,80.6,155.6,33.3,106.9,1.9252912646443567,0.26255707762557073,0.01658374792703151,Moderate
74008,49,2,18.0,16.0,288.0,2.0,267.0,,,124.0,78.0,90.1,169.4,31.4,102.0,0.765625,0.15625,,Low
74010,40,1,23.0,25.0,271.0,2.0,206.0,,,128.0,84.0,98.8,185.0,28.9,107.8,0.6789667896678967,0.2121771217712177,,Low
74011,55,1,23.0,15.0,167.0,,193.0,118.0,,124.0,80.0,87.0,171.4,29.6,101.9,1.9558179373063402,0.344311377245509,,Moderate
74012,68,2,24.0,24.0,230.0,2.0,186.0,,,154.0,78.0,67.2,148.6,30.4,113.8,1.4483939348630968,0.2608695652173913,,Moderate
74013,56,2,15.0,12.0,204.0,2.0,180.0,,,124.0,82.0,77.6,183.3,23.1,89.5,1.188662318919818,0.1838235294117647,,Low
74014,60,1,30.0,44.0,193.0,2.0,235.0,,,146.0,60.0,81.4,168.4,28.7,104.0,1.4060114513988977,0.38860103626943004,,Moderate
74017,18,2,20.0,17.0,313.0,2.0,141.0,,,110.0,54.0,78.5,156.9,31.9,93.1,0.2789547125018526,0.1597444089456869,,Low
74018,22,1,20.0,25.0,183.0,2.0,211.0,138.0,72.6,126.0,74.0,105.8,173.8,35.0,112.0,0.4808743169398907,0.273224043715847,0.027548209366391185,Low
74022,66,2,31.0,29.0,214.0,2.0,180.0,,,116.0,76.0,83.3,164.4,30.8,104.8,1.775386270608636,0.3621495327102804,,Moderate
74023,19,1,29.0,21.0,280.0,2.0,137.0,,,102.0,54.0,84.2,178.6,26.4,87.0,0.42942163400011363,0.2589285714285714,,Low
74025,45,1,26.0,17.0,307.0,2.0,177.0,,,112.0,80.0,82.7,172.9,27.7,98.4,0.9243214374348847,0.21172638436482086,,Low
74027,42,1,24.0,16.0,160.0,2.0,132.0,,,120.0,80.0,55.2,164.2,20.5,70.0,1.575,0.375,,Moderate
74028,57,2,15.0,8.0,233.0,2.0,120.0,,,118.0,62.0,52.3,158.4,20.8,77.0,1.2973740298594378,0.1609442060085837,,Low
74029,22,1,31.0,26.0,292.0,2.0,153.0,,,124.0,60.0,78.3,176.2,25.2,85.8,0.4580520690556216,0.2654109589041096,,Low
74031,19,2,24.0,17.0,166.0,2.0,168.0,94.0,73.6,100.0,54.0,48.5,159.7,19.0,66.1,0.6662424398588424,0.36144578313253006,0.027173913043478264,Low
74032,47,2,22.0,22.0,398.0,2.0,188.0,,,114.0,72.0,95.4,172.8,31.9,102.2,0.5538933183711084,0.13819095477386936,,Low
74033,80,1,27.0,20.0,238.0,2.0,171.0,107.0,63.6,158.0,66.0,64.8,163.5,24.2,95.0,2.029372618235103,0.2836134453781513,0.031446540880503145,Moderate
74036,43,1,26.0,36.0,140.0,2.0,192.0,112.0,79.6,,,108.5,174.6,35.6,,1.3309523809523809,0.4642857142857143,0.02512562814070352,Moderate
74037,20,1,18.0,15.0,165.0,2.0,142.0,71.0,70.6,,,63.6,172.8,21.3,74.9,0.5633430321756242,0.27272727272727276,0.028328611898017,Low
74038,54,2,19.0,23.0,271.0,2.0,206.0,,,150.0,84.0,89.6,152.8,38.4,118.0,0.7894309550647924,0.17527675276752766,,Low
74041,60,1,41.0,37.0,166.0,2.0,137.0,,,124.0,60.0,72.0,162.0,27.4,99.6,2.4362741492239697,0.6174698795180723,,Moderate
74044,73,1,28.0,20.0,211.0,2.0,211.0,,,148.0,90.0,55.1,174.8,18.0,81.5,2.1661246189618812,0.33175355450236965,,Moderate
74045,38,1,26.0,31.0,365.0,2.0,279.0,195.0,83.6,146.0,66.0,112.2,162.1,42.7,127.3,0.48616448877384555,0.17808219178082194,0.023923444976076555,Low
74046,41,2,19.0,13.0,209.0,2.0,184.0,109.0,74.6,94.0,52.0,56.4,154.3,23.7,85.6,1.0337594566015635,0.22727272727272727,0.02680965147453083,Low
74047,40,2,23.0,28.0,189.0,2.0,186.0,132.0,53.6,118.0,70.0,65.1,157.1,26.4,89.7,0.9199135321917699,0.3042328042328042,0.03731343283582089,Low
74048,80,1,28.0,18.0,152.0,2.0,161.0,105.0,55.6,100.0,52.0,79.1,173.2,26.4,106.2,3.4735069953023388,0.4605263157894736,0.03597122302158273,High
74049,62,2,29.0,12.0,197.0,2.0,248.0,,,106.0,62.0,41.0,156.2,16.8,68.2,2.634710111682607,0.3680203045685279,,Moderate
74050,44,2,18.0,14.0,186.0,2.0,166.0,,,110.0,66.0,66.0,162.3,25.1,82.0,1.1380156107238717,0.24193548387096775,,Low
74051,20,2,26.0,38.0,318.0,2.0,226.0,,,122.0,68.0,73.6,163.0,27.7,87.0,0.2652677326666557,0.20440251572327045,,Low
74054,40,2,18.0,16.0,247.0,2.0,131.0,70.0,60.6,120.0,64.0,64.5,164.3,23.9,84.1,0.728744939271255,0.18218623481781376,0.033003300330033,Low
74056,38,1,28.0,47.0,175.0,2.0,185.0,119.0,65.6,128.0,86.0,90.0,173.5,29.9,108.7,0.8868591483071989,0.4,0.030487804878048783,Low
74057,63,2,16.0,13.0,225.0,2.0,200.0,138.0,61.6,134.0,66.0,128.4,165.0,47.2,133.4,1.2425284395445133,0.17777777777777778,0.032467532467532464,Low
74058,60,2,60.0,183.0,202.0,2.0,209.0,135.0,73.6,128.0,70.0,83.3,156.1,34.2,104.5,1.3174240472457734,0.7425742574257426,0.027173913043478264,Moderate
74059,57,1,15.0,20.0,184.0,2.0,241.0,,,98.0,50.0,90.2,178.8,28.2,106.8,1.0390424569360435,0.20380434782608695,,Low
74062,67,2,30.0,21.0,118.0,2.0,120.0,,,,,70.7,149.4,31.7,98.2,3.7171013506300397,0.6355932203389831,,High
74065,71,2,26.0,21.0,206.0,2.0,266.0,164.0,101.6,170.0,64.0,63.4,166.2,23.0,84.5,1.9554865309497182,0.3155339805825243,0.01968503937007874,Moderate
74070,59,2,18.0,17.0,261.0,2.0,301.0,221.0,79.6,102.0,70.0,101.2,157.6,40.7,115.5,0.9868690949754239,0.1724137931034483,0.02512562814070352,Low
74072,63,1,35.0,26.0,123.0,2.0,192.0,124.0,67.6,132.0,66.0,88.0,190.3,24.3,95.4,3.515740471379641,0.7113821138211381,0.02958579881656805,High
74075,59,1,21.0,22.0,187.0,2.0,145.0,,,132.0,90.0,104.2,164.4,38.6,115.9,1.4125972597037504,0.2807486631016043,,Moderate
74077,26,1,22.0,26.0,212.0,2.0,139.0,83.0,55.6,120.0,78.0,74.8,165.4,27.3,88.7,0.52914353442944,0.259433962264151,0.03597122302158273,Low
74078,63,1,21.0,18.0,162.0,2.0,184.0,118.0,65.6,,,67.7,168.2,23.9,87.1,1.924901793230046,0.3240740740740741,0.030487804878048783,Moderate
74081,80,1,29.0,18.0,189.0,2.0,187.0,,,142.0,84.0,91.9,174.4,30.2,104.5,2.8932764239026287,0.3835978835978836,,High
74083,67,2,21.0,13.0,162.0,2.0,176.0,,,138.0,66.0,73.9,156.8,30.1,102.0,2.4088369632373374,0.3240740740740741,,Moderate
74085,80,2,26.0,31.0,178.0,2.0,195.0,105.0,89.6,130.0,66.0,83.6,161.4,32.1,99.1,2.0987585854814146,0.3651685393258427,0.022321428571428572,Moderate
74087,59,2,18.0,16.0,278.0,2.0,171.0,,,136.0,66.0,53.5,143.7,25.9,89.0,0.9550359712230215,0.1618705035971223,,Low
74090,80,2,19.0,17.0,189.0,2.0,186.0,,,,,60.9,152.0,26.4,91.3,1.95055105849326,0.25132275132275134,,Moderate
74091,19,2,21.0,23.0,194.0,2.0,184.0,,,104.0,66.0,79.7,163.6,29.8,92.0,0.4288518103544992,0.2706185567010309,,Low
74097,40,2,16.0,12.0,188.0,2.0,181.0,112.0,68.6,116.0,72.0,109.6,172.1,37.0,104.6,0.9827238624504269,0.2127659574468085,0.02915451895043732,Low
74099,44,1,30.0,28.0,206.0,2.0,232.0,146.0,85.6,130.0,90.0,80.7,167.8,28.7,93.2,1.2109541368256795,0.3640776699029126,0.023364485981308414,Low
74101,34,2,27.0,43.0,264.0,2.0,213.0,,,122.0,74.0,83.2,173.4,27.7,105.0,0.5302791195656481,0.2556818181818182,,Low
74102,18,2,79.0,39.0,317.0,2.0,169.0,,,124.0,72.0,117.9,164.0,43.8,111.5,0.7183035795294445,0.6230283911671924,,Low
74109,59,2,23.0,22.0,260.0,2.0,252.0,,,,,57.8,152.5,24.9,81.9,1.1127437388252435,0.22115384615384615,,Low
74110,60,1,38.0,41.0,229.0,2.0,188.0,122.0,65.6,136.0,84.0,64.8,163.3,24.3,91.0,1.5549178039564273,0.41484716157205237,0.030487804878048783,Moderate
74111,61,2,23.0,11.0,255.0,2.0,245.0,,,134.0,72.0,59.3,157.4,23.9,84.6,1.6589035938925583,0.22549019607843135,,Moderate
74112,28,2,15.0,14.0,298.0,2.0,171.0,100.0,70.6,116.0,78.0,121.0,174.2,39.9,125.9,0.37667691813160487,0.12583892617449663,0.028328611898017,Low
74115,27,1,24.0,31.0,228.0,2.0,179.0,,,116.0,54.0,70.2,166.7,25.3,87.8,0.5104571741813603,0.2631578947368421,,Low
74116,25,1,17.0,18.0,185.0,2.0,164.0,,,116.0,72.0,86.1,168.6,30.3,94.0,0.5414781657734824,0.22972972972972971,,Low
74118,35,2,20.0,17.0,259.0,2.0,184.0,120.0,63.6,108.0,66.0,74.5,165.2,27.3,92.3,0.6555016892873864,0.19305019305019305,0.031446540880503145,Low
74119,32,2,16.0,18.0,208.0,2.0,212.0,110.0,101.6,116.0,72.0,97.4,164.3,36.1,107.0,0.580190179435116,0.19230769230769232,0.01968503937007874,Low
74120,80,1,25.0,24.0,252.0,2.0,251.0,155.0,95.6,132.0,80.0,91.7,171.5,31.2,108.9,1.6200328986661232,0.248015873015873,0.020920502092050212,Moderate
74122,71,2,34.0,17.0,195.0,2.0,218.0,125.0,92.6,118.0,64.0,52.0,160.3,20.2,71.1,3.002466660706194,0.4358974358974359,0.021598272138228944,High
74123,21,2,23.0,27.0,276.0,2.0,218.0,137.0,80.6,114.0,72.0,60.3,160.3,23.5,79.4,0.3367876570272817,0.20833333333333334,0.02481389578163772,Low
74124,28,2,18.0,12.0,243.0,2.0,158.0,66.0,91.6,116.0,52.0,60.8,162.5,23.0,86.3,0.5987336124929453,0.1851851851851852,0.02183406113537118,Low
74125,39,2,17.0,17.0,294.0,2.0,169.0,,,114.0,78.0,92.8,161.6,35.5,120.1,0.5469425829900978,0.1445578231292517,,Low
74126,53,2,25.0,16.0,187.0,2.0,197.0,,,142.0,68.0,112.9,162.8,42.6,133.6,1.7713903743315509,0.3342245989304813,,Moderate
74127,33,2,14.0,14.0,416.0,2.0,170.0,104.0,65.6,112.0,62.0,67.4,155.0,28.1,88.7,0.2968141677008175,0.08413461538461538,0.030487804878048783,Low
74128,71,2,21.0,20.0,145.0,2.0,143.0,47.0,95.6,138.0,58.0,62.2,152.0,26.9,90.9,2.2992947272084043,0.3620689655172414,0.020920502092050212,Moderate
74131,24,2,17.0,11.0,257.0,2.0,164.0,95.0,68.6,100.0,0.0,80.6,165.2,29.5,92.8,0.47866392446586603,0.16536964980544747,0.02915451895043732,Low
74132,62,2,22.0,18.0,331.0,2.0,277.0,,,122.0,76.0,92.4,167.1,33.1,97.7,0.9712926984274429,0.16616314199395774,,Low
74134,51,2,90.0,180.0,267.0,2.0,220.0,129.0,90.6,126.0,82.0,51.7,155.8,21.3,80.6,1.2813423241852726,0.8426966292134831,0.02207505518763797,Low
74138,69,1,16.0,12.0,186.0,2.0,193.0,,,156.0,94.0,89.6,166.2,32.4,119.2,1.7134266053369538,0.21505376344086022,,Moderate
74139,63,2,26.0,27.0,139.0,2.0,200.0,,,148.0,86.0,52.4,157.6,21.1,82.4,2.2678650861693215,0.4676258992805756,,Moderate
74141,71,2,18.0,15.0,261.0,2.0,130.0,38.0,91.6,122.0,68.0,111.9,161.3,43.0,125.0,1.2642842187619614,0.1724137931034483,0.02183406113537118,Low
74142,61,1,33.0,30.0,158.0,2.0,141.0,,,104.0,48.0,125.4,176.1,40.4,132.8,2.3260875701643444,0.5221518987341772,,Moderate
74143,30,1,33.0,23.0,215.0,2.0,216.0,,,122.0,80.0,84.7,180.2,26.1,96.7,0.9601361391465305,0.3837209302325581,,Low
74144,51,1,23.0,27.0,238.0,2.0,251.0,,,116.0,76.0,95.7,175.5,31.1,104.1,0.9485040136686709,0.24159663865546216,,Low
74146,50,1,25.0,24.0,220.0,2.0,185.0,,,122.0,82.0,69.6,170.7,23.9,82.3,1.1597962797268835,0.2840909090909091,,Low
74147,79,2,19.0,14.0,247.0,2.0,200.0,122.0,77.6,108.0,70.0,79.8,148.4,36.2,108.4,1.6241260085447329,0.1923076923076923,0.025773195876288662,Moderate
74148,42,2,19.0,12.0,238.0,2.0,221.0,,,112.0,80.0,83.6,164.5,30.9,109.4,0.9679107454061374,0.1995798319327731,,Low
74149,54,2,14.0,12.0,273.0,2.0,197.0,,,116.0,68.0,62.0,150.7,27.3,94.0,0.7994080650317896,0.1282051282051282,,Low
74150,20,2,19.0,12.0,226.0,2.0,137.0,69.0,67.6,108.0,72.0,58.3,163.3,21.9,78.1,0.4853829696726943,0.21017699115044247,0.02958579881656805,Low
74153,59,2,33.0,22.0,215.0,2.0,140.0,,,136.0,84.0,64.0,151.5,27.9,98.8,1.9307060220668535,0.3837209302325581,,Moderate
74154,52,2,14.0,13.0,235.0,2.0,230.0,143.0,86.6,148.0,74.0,127.9,161.2,49.2,121.7,0.8591951975573762,0.14893617021276595,0.023094688221709007,Low
74158,19,2,22.0,15.0,373.0,2.0,236.0,161.0,74.6,126.0,96.0,55.2,156.8,22.5,81.9,0.289348889850706,0.14745308310991959,0.02680965147453083,Low
74159,32,1,27.0,40.0,178.0,2.0,294.0,216.0,77.6,132.0,90.0,97.6,178.5,30.6,98.8,0.7674741287599661,0.37921348314606745,0.025773195876288662,Low
74160,66,2,29.0,16.0,227.0,2.0,170.0,87.0,82.6,96.0,52.0,86.8,161.5,33.3,118.0,2.107929515418502,0.31938325991189426,0.02421307506053269,Moderate
74164,38,2,20.0,12.0,405.0,2.0,180.0,,,106.0,72.0,61.5,158.5,24.5,83.8,0.5417113636840933,0.12345679012345678,,Low
74166,28,2,23.0,21.0,264.0,2.0,186.0,,,120.0,76.0,64.6,167.8,22.9,89.3,0.5323193989090118,0.21780303030303028,,Low
74169,22,1,15.0,10.0,284.0,2.0,145.0,,,106.0,70.0,103.6,170.7,35.6,109.3,0.3674477562871708,0.13204225352112675,,Low
74170,56,1,26.0,20.0,187.0,2.0,216.0,146.0,69.6,150.0,76.0,115.1,190.9,31.6,108.9,1.7410240509303176,0.34759358288770054,0.02873563218390805,Moderate
74172,33,2,23.0,17.0,326.0,2.0,137.0,,,94.0,54.0,73.3,169.2,25.6,87.9,0.5646765012348979,0.1763803680981595,,Low
74173,43,2,21.0,19.0,232.0,2.0,196.0,104.0,91.6,130.0,80.0,50.6,159.7,19.8,75.5,0.8929414124358502,0.22629310344827588,0.02183406113537118,Low
74175,80,2,24.0,14.0,246.0,2.0,226.0,,,134.0,76.0,72.0,157.9,28.9,,2.085941400292093,0.24390243902439024,,Moderate
74176,51,2,30.0,47.0,329.0,2.0,227.0,122.0,104.6,126.0,92.0,50.1,154.3,21.0,80.1,0.6783387142607255,0.22796352583586624,0.019120458891013385,Low
74178,53,2,25.0,17.0,259.0,2.0,163.0,,,126.0,68.0,73.3,157.0,29.7,97.2,1.2407710547225528,0.2413127413127413,,Low
74180,63,2,21.0,15.0,205.0,2.0,252.0,188.0,63.6,170.0,94.0,100.1,177.4,31.8,118.5,1.66632746895363,0.25609756097560976,0.031446540880503145,Moderate
74181,38,1,12.0,17.0,202.0,2.0,170.0,,,106.0,56.0,106.5,173.8,35.3,129.4,0.5475061634483557,0.1485148514851485,,Low
74184,55,2,20.0,16.0,201.0,2.0,232.0,155.0,76.6,144.0,78.0,49.3,157.2,19.9,81.5,1.3681592039800996,0.24875621890547264,0.026109660574412535,Moderate
74186,29,2,21.0,15.0,257.0,2.0,140.0,65.0,74.6,,,50.1,172.9,16.8,75.0,0.6118409488561133,0.20428015564202337,0.02680965147453083,Low
74187,23,2,23.0,22.0,377.0,2.0,166.0,96.0,69.6,116.0,66.0,74.2,162.3,28.2,94.1,0.2991596258676868,0.15251989389920423,0.02873563218390805,Low
74188,80,1,17.0,12.0,165.0,2.0,148.0,,,140.0,58.0,66.0,166.5,23.8,,2.3793829275693668,0.25757575757575757,,Moderate
74190,56,2,19.0,16.0,222.0,2.0,210.0,122.0,87.6,120.0,68.0,75.0,165.8,27.3,101.0,1.1981981981981982,0.21396396396396394,0.022831050228310504,Low
74191,39,2,16.0,11.0,236.0,2.0,180.0,117.0,62.6,,,71.9,162.2,27.3,88.2,0.7972164365106971,0.16949152542372883,0.03194888178913738,Low
74193,66,2,30.0,32.0,255.0,2.0,196.0,105.0,90.6,,,80.2,144.0,38.7,112.3,1.3726190458327099,0.29411764705882354,0.02207505518763797,Moderate
74195,26,2,18.0,22.0,213.0,2.0,141.0,95.0,45.6,116.0,56.0,123.2,165.2,45.1,138.6,0.4684410105841581,0.21126760563380284,0.043859649122807015,Low
74196,36,2,15.0,11.0,202.0,2.0,191.0,120.0,70.6,,,94.7,174.9,31.0,101.1,0.8060204260989721,0.18564356435643564,0.028328611898017,Low
74198,66,2,29.0,28.0,235.0,2.0,211.0,,,130.0,66.0,81.7,166.6,29.4,106.0,1.5392000028503423,0.30851063829787234,,Moderate
74199,22,2,20.0,19.0,147.0,2.0,141.0,,,100.0,62.0,51.1,165.0,18.8,75.9,0.6866865503608651,0.3401360544217687,,Low
74203,51,2,18.0,14.0,246.0,2.0,198.0,,,124.0,78.0,65.3,162.9,24.6,90.0,0.9973407320146569,0.1829268292682927,,Low
74205,65,1,25.0,24.0,218.0,2.0,164.0,94.0,69.6,176.0,78.0,60.6,165.3,22.2,81.3,1.5215675963389392,0.286697247706422,0.02873563218390805,Moderate
74207,32,2,23.0,24.0,247.0,2.0,232.0,141.0,90.6,122.0,68.0,77.0,167.0,27.6,103.0,0.6082403679785491,0.23279352226720645,0.02207505518763797,Low
74211,74,2,22.0,17.0,172.0,2.0,267.0,,,174.0,64.0,88.4,161.6,33.9,121.0,2.2956278927857565,0.31976744186046513,,Moderate
74214,47,2,20.0,23.0,245.0,2.0,226.0,147.0,78.6,118.0,60.0,73.7,160.2,28.7,92.5,0.8000144865863278,0.20408163265306123,0.025445292620865142,Low
74219,74,1,21.0,13.0,211.0,2.0,162.0,,,124.0,78.0,57.1,161.3,21.9,85.5,2.042663755767787,0.24881516587677727,,Moderate
74221,34,2,21.0,15.0,284.0,2.0,189.0,,,146.0,96.0,117.3,162.1,44.6,,0.6491338284488487,0.18485915492957747,,Low
74222,45,1,35.0,51.0,207.0,2.0,149.0,,,114.0,70.0,67.3,168.1,23.8,87.8,1.0654304987169638,0.4227053140096618,,Low
74224,66,1,20.0,28.0,236.0,2.0,204.0,121.0,82.6,134.0,86.0,52.1,150.8,22.9,87.2,1.05701928892411,0.211864406779661,0.02421307506053269,Low
74225,67,2,18.0,14.0,372.0,2.0,188.0,127.0,60.6,122.0,62.0,78.1,160.2,30.4,104.2,0.8664437036193113,0.12096774193548387,0.033003300330033,Low
74226,20,2,24.0,17.0,242.0,2.0,180.0,77.0,102.6,112.0,68.0,48.3,163.4,18.1,65.4,0.48106239676628026,0.24793388429752064,0.019493177387914232,Low
74227,78,2,18.0,13.0,211.0,2.0,228.0,,,122.0,58.0,77.6,150.9,34.1,98.5,1.845495439573985,0.21327014218009477,,Moderate
74230,44,1,33.0,41.0,285.0,2.0,234.0,150.0,83.6,124.0,72.0,82.1,168.5,28.9,103.8,0.7956642184640562,0.28947368421052627,0.023923444976076555,Low
74231,67,2,17.0,12.0,334.0,2.0,174.0,,,130.0,90.0,70.7,150.8,31.1,95.9,0.9844340667769218,0.12724550898203593,,Low
74232,29,2,13.0,16.0,270.0,2.0,162.0,,,96.0,66.0,56.9,172.3,19.2,77.0,0.3490740740740741,0.12037037037037038,,Low
74233,19,2,18.0,15.0,230.0,2.0,160.0,85.0,74.6,114.0,74.0,46.9,153.8,19.8,67.2,0.3839305230153439,0.1956521739130435,0.02680965147453083,Low
74235,27,2,16.0,12.0,295.0,2.0,245.0,,,102.0,64.0,116.0,170.7,39.8,120.8,0.42273782422020056,0.13559322033898305,,Low
74237,51,2,14.0,10.0,377.0,2.0,139.0,68.0,70.6,120.0,68.0,122.8,160.4,47.7,150.3,0.5989035144191571,0.09283819628647214,0.028328611898017,Low
74239,35,2,18.0,14.0,188.0,2.0,254.0,139.0,114.6,112.0,76.0,57.3,159.0,22.7,85.3,0.8956094808767412,0.23936170212765956,0.017452006980802792,Low
74241,72,1,18.0,24.0,154.0,2.0,196.0,126.0,69.6,138.0,82.0,87.8,172.3,29.6,107.5,1.7178239754583329,0.2922077922077922,0.02873563218390805,Moderate
74243,33,2,12.0,11.0,194.0,2.0,161.0,,,126.0,82.0,106.5,168.5,37.5,124.7,0.6154561466638887,0.15463917525773196,,Low
74247,74,1,18.0,14.0,154.0,2.0,166.0,,,112.0,34.0,64.9,175.4,21.1,85.7,2.311636196281489,0.2922077922077922,,Moderate
74251,20,1,18.0,16.0,233.0,2.0,157.0,,,108.0,72.0,74.6,180.6,22.9,80.7,0.38626609442060084,0.19313304721030042,,Low
74252,18,2,17.0,10.0,244.0,2.0,154.0,91.0,62.6,104.0,60.0,53.8,156.1,22.1,78.5,0.39658072295554264,0.17418032786885246,0.03194888178913738,Low
74253,77,1,16.0,7.0,163.0,2.0,141.0,77.0,63.6,142.0,58.0,72.5,175.1,23.6,90.3,2.856762151824343,0.245398773006135,0.031446540880503145,High
74254,71,1,24.0,23.0,149.0,2.0,131.0,,,136.0,58.0,111.1,168.2,39.3,126.5,2.384621218478224,0.40268456375838924,,Moderate
74259,39,2,25.0,23.0,283.0,2.0,179.0,,,104.0,56.0,63.0,146.5,29.4,92.2,0.7183800484298514,0.2208480565371025,,Low
74262,70,2,20.0,15.0,215.0,2.0,150.0,,,140.0,58.0,64.6,153.5,27.4,98.2,1.681295096028026,0.23255813953488372,,Moderate
74264,46,2,17.0,9.0,345.0,2.0,262.0,181.0,80.6,130.0,0.0,75.5,149.3,33.9,97.1,0.7555555555555555,0.12318840579710144,0.02481389578163772,Low
74265,36,2,21.0,16.0,248.0,2.0,184.0,91.0,92.6,106.0,76.0,58.1,163.3,21.8,87.0,0.7620967741935484,0.2116935483870968,0.021598272138228944,Low
74268,62,2,24.0,23.0,275.0,2.0,188.0,92.0,95.6,154.0,78.0,64.0,162.1,24.4,93.2,1.1282525386070081,0.2181818181818182,0.020920502092050212,Low
74270,51,2,53.0,92.0,211.0,2.0,219.0,133.0,85.6,,,90.7,161.7,34.7,114.5,1.3355792919342966,0.6279620853080569,0.023364485981308414,Moderate
74275,29,2,16.0,13.0,244.0,2.0,148.0,67.0,80.6,96.0,56.0,56.5,164.6,20.9,71.4,0.5274198587059555,0.16393442622950818,0.02481389578163772,Low
74276,62,2,21.0,20.0,275.0,2.0,185.0,111.0,73.6,110.0,48.0,102.5,151.1,44.9,121.9,1.0586765478926277,0.19090909090909092,0.027173913043478264,Low
74278,42,2,33.0,38.0,235.0,2.0,223.0,,,100.0,64.0,47.1,146.0,22.1,85.2,0.9567612327116463,0.351063829787234,,Low
74279,21,2,31.0,34.0,332.0,2.0,163.0,,,110.0,56.0,54.2,161.0,20.9,79.7,0.3362818642402809,0.23343373493975905,,Low
74280,80,2,21.0,19.0,222.0,2.0,230.0,,,114.0,74.0,63.7,161.7,24.4,89.4,1.7361190671285753,0.2364864864864865,,Moderate
74281,27,1,19.0,15.0,216.0,2.0,141.0,,,118.0,62.0,68.7,179.8,21.3,81.6,0.6132223631495076,0.21990740740740738,,Low
74283,49,2,19.0,20.0,262.0,2.0,221.0,175.0,45.6,126.0,74.0,70.4,157.8,28.3,90.4,0.7945722469665283,0.18129770992366412,0.043859649122807015,Low
74284,58,1,27.0,26.0,196.0,2.0,176.0,115.0,60.6,154.0,86.0,134.4,177.4,42.7,136.7,1.566927896053042,0.34438775510204084,0.033003300330033,Moderate
74285,30,2,23.0,19.0,330.0,2.0,131.0,,,108.0,76.0,70.0,176.9,22.4,92.6,0.4796874435475382,0.17424242424242423,,Low
74287,60,1,18.0,19.0,236.0,2.0,200.0,,,116.0,74.0,106.5,171.5,36.2,119.2,1.0498686126279944,0.19067796610169493,,Low
74290,48,1,32.0,30.0,271.0,2.0,189.0,,,116.0,90.0,135.5,187.9,38.4,125.4,1.034811621559576,0.29520295202952035,,Low
74292,63,2,16.0,13.0,195.0,2.0,194.0,111.0,82.6,,,61.6,158.2,24.6,87.8,1.4336866610129,0.20512820512820512,0.02421307506053269,Moderate
74293,27,2,17.0,21.0,292.0,2.0,203.0,111.0,91.6,124.0,76.0,140.8,171.7,47.8,130.5,0.3430205877339743,0.14554794520547945,0.02183406113537118,Low
74295,26,1,20.0,18.0,235.0,2.0,120.0,69.0,50.6,116.0,68.0,71.8,183.6,21.3,84.6,0.5215539378964607,0.2127659574468085,0.039525691699604744,Low
74296,26,1,20.0,17.0,659.0,2.0,137.0,,,116.0,58.0,77.3,172.9,25.9,81.5,0.19137864191030823,0.07587253414264036,,Low
74298,80,2,22.0,17.0,170.0,2.0,167.0,109.0,57.6,168.0,72.0,71.0,159.5,27.9,97.5,2.510957059199683,0.32352941176470595,0.034722222222222224,Moderate
74300,46,1,25.0,17.0,284.0,2.0,200.0,,,120.0,80.0,98.8,181.4,30.0,103.8,0.9820984816612074,0.22007042253521128,,Low
74301,50,2,15.0,20.0,245.0,2.0,205.0,129.0,75.6,110.0,68.0,88.5,165.3,32.4,107.6,0.6845106053570784,0.15306122448979592,0.026455026455026457,Low
74302,62,1,20.0,19.0,194.0,2.0,213.0,88.0,124.6,138.0,76.0,114.1,174.5,37.5,130.2,1.4663686082448277,0.25773195876288657,0.01605136436597111,Moderate
74304,80,1,21.0,19.0,174.0,2.0,155.0,99.0,55.6,122.0,70.0,88.5,167.8,31.4,118.0,2.2150484649571482,0.3017241379310345,0.03597122302158273,Moderate
74305,71,1,17.0,20.0,225.0,2.0,186.0,,,140.0,58.0,64.0,167.1,22.9,91.8,1.1995262439298873,0.18888888888888888,,Low
74306,62,1,54.0,57.0,153.0,2.0,136.0,44.0,91.6,114.0,66.0,93.2,167.3,33.3,109.0,2.8983884519305665,0.8823529411764706,0.02183406113537118,High
74310,60,2,21.0,19.0,291.0,2.0,172.0,81.0,90.6,110.0,76.0,65.1,152.9,27.8,92.0,0.9933464765529477,0.18041237113402062,0.02207505518763797,Low
74312,22,1,21.0,22.0,170.0,2.0,185.0,118.0,66.6,122.0,66.0,62.0,177.3,19.7,75.5,0.5794042997428942,0.3088235294117647,0.030030030030030033,Low
74313,80,2,22.0,27.0,256.0,2.0,246.0,147.0,98.6,140.0,80.0,48.8,160.6,18.9,83.0,1.3230943668928923,0.21484375000000003,0.02028397565922921,Moderate
74314,50,1,21.0,18.0,187.0,2.0,198.0,,,112.0,76.0,81.5,176.8,26.1,93.8,1.3234618899213457,0.2807486631016043,,Moderate
74317,33,1,19.0,18.0,212.0,2.0,161.0,,,114.0,58.0,79.0,179.9,24.4,87.5,0.6971005531508889,0.2240566037735849,,Low
74318,52,2,46.0,42.0,211.0,2.0,180.0,,,142.0,84.0,50.6,159.9,19.8,68.7,1.7492588299020089,0.5450236966824644,,Moderate
74319,68,2,26.0,22.0,170.0,2.0,160.0,70.0,89.6,120.0,82.0,46.5,153.6,19.7,72.2,2.217287450098348,0.3823529411764706,0.022321428571428572,Moderate
74322,18,1,21.0,22.0,166.0,2.0,112.0,,,96.0,58.0,53.0,168.0,18.8,73.3,0.48548114929169117,0.31626506024096385,,Low
74323,27,2,19.0,14.0,309.0,2.0,179.0,,,112.0,78.0,59.3,171.5,20.2,79.8,0.44370555696140357,0.15372168284789645,,Low
74324,79,2,37.0,47.0,361.0,2.0,205.0,125.0,79.6,,,122.6,168.6,43.1,129.2,1.181061967169933,0.2562326869806094,0.02512562814070352,Low
74328,44,1,31.0,38.0,235.0,2.0,186.0,129.0,56.6,118.0,60.0,82.5,170.1,28.5,100.5,0.9415745464781281,0.32978723404255317,0.0353356890459364,Low
74329,46,1,40.0,58.0,132.0,2.0,169.0,112.0,56.6,118.0,78.0,66.7,175.5,21.7,87.8,1.8303320944082537,0.7575757575757576,0.0353356890459364,Moderate
74331,33,1,25.0,44.0,203.0,2.0,183.0,119.0,63.6,138.0,90.0,140.1,190.8,38.5,123.4,0.6126769932922537,0.3078817733990148,0.031446540880503145,Low
74332,18,2,24.0,24.0,283.0,2.0,218.0,150.0,67.6,108.0,68.0,123.1,159.1,48.6,114.4,0.3115958683399096,0.21201413427561835,0.02958579881656805,Low
74338,43,1,30.0,28.0,215.0,2.0,250.0,169.0,80.6,102.0,72.0,88.0,175.5,28.6,98.3,1.1338934190276815,0.3488372093023256,0.02481389578163772,Low
74340,41,1,31.0,39.0,202.0,2.0,261.0,147.0,113.6,108.0,76.0,98.7,195.5,25.8,101.8,1.0075390271597313,0.38366336633663367,0.017605633802816902,Low
74341,60,1,20.0,19.0,197.0,2.0,116.0,51.0,64.6,140.0,80.0,63.9,166.2,23.1,89.0,1.3974562469272798,0.25380710659898476,0.030959752321981428,Moderate
74345,56,1,25.0,22.0,270.0,2.0,210.0,136.0,73.6,112.0,76.0,79.2,170.6,27.2,104.9,1.1054851959179801,0.23148148148148145,0.027173913043478264,Low
74346,70,1,32.0,43.0,217.0,2.0,145.0,82.0,62.6,124.0,48.0,73.4,167.2,26.3,97.5,1.5741787905301128,0.3686635944700461,0.03194888178913738,Moderate
74348,45,2,22.0,11.0,367.0,2.0,157.0,87.0,69.6,140.0,86.0,81.3,170.2,28.1,92.2,0.8133412292424687,0.14986376021798367,0.02873563218390805,Low
74349,57,2,23.0,16.0,268.0,2.0,235.0,156.0,78.6,96.0,58.0,69.8,155.2,29.0,94.4,1.2229477611940298,0.21455223880597016,0.025445292620865142,Low
74350,52,1,17.0,25.0,224.0,2.0,157.0,87.0,69.6,,,96.5,178.9,30.2,102.7,0.7892857142857143,0.18973214285714285,0.02873563218390805,Low
74355,61,1,23.0,29.0,198.0,2.0,221.0,,,142.0,90.0,96.9,187.3,27.6,102.6,1.3158109063757766,0.2904040404040404,,Moderate
74359,63,1,33.0,15.0,217.0,2.0,145.0,,,164.0,84.0,67.1,173.5,22.3,88.1,2.4737119437066726,0.380184331797235,,Moderate
74366,61,2,25.0,21.0,279.0,2.0,195.0,,,104.0,80.0,71.5,159.2,28.2,96.7,1.192768038028274,0.2240143369175627,,Low
74367,74,1,24.0,18.0,99.0,2.0,164.0,92.0,71.6,72.0,48.0,87.1,181.8,26.4,,4.228355701640769,0.6060606060606061,0.02793296089385475,High
74368,53,2,18.0,17.0,166.0,2.0,275.0,,,116.0,76.0,89.5,160.0,35.0,116.2,1.3938493149678413,0.2710843373493976,,Moderate
74374,70,2,23.0,19.0,148.0,2.0,137.0,61.0,75.6,128.0,80.0,64.3,168.5,22.6,86.7,2.495671158997327,0.3885135135135135,0.026455026455026457,Moderate
74375,63,2,23.0,22.0,152.0,2.0,214.0,,,172.0,70.0,48.1,148.0,22.0,79.0,2.032419986837365,0.3782894736842105,,Moderate
74376,21,1,15.0,13.0,192.0,2.0,127.0,,,126.0,62.0,79.6,180.9,24.3,83.7,0.4550275047160083,0.1953125,,Low
74378,24,1,29.0,76.0,406.0,2.0,203.0,114.0,88.6,122.0,74.0,88.1,170.0,30.5,106.9,0.19664205760333864,0.17857142857142858,0.022573363431151242,Low
74379,43,1,35.0,59.0,147.0,2.0,179.0,,,132.0,86.0,84.7,182.1,25.5,91.9,1.3328864695655778,0.5952380952380952,,Moderate
74380,28,1,35.0,44.0,230.0,2.0,222.0,156.0,65.6,,,139.0,179.4,43.2,140.2,0.6423502558395834,0.3804347826086957,0.030487804878048783,Low
74381,25,2,20.0,15.0,216.0,2.0,171.0,86.0,84.6,104.0,68.0,62.1,161.9,23.7,82.1,0.5976826151554655,0.23148148148148145,0.023640661938534282,Low
74383,64,1,35.0,46.0,195.0,2.0,212.0,,,130.0,84.0,81.4,165.5,29.7,106.5,1.6936922142921516,0.4487179487179487,,Moderate
74384,25,2,21.0,12.0,202.0,2.0,154.0,,,108.0,66.0,94.8,168.1,33.5,104.5,0.7502695329815682,0.2599009900990099,,Low
74385,73,1,26.0,16.0,183.0,2.0,144.0,,,130.0,54.0,90.7,170.4,31.2,107.5,2.592896174863388,0.3551912568306011,,Moderate
74386,24,1,26.0,21.0,223.0,2.0,162.0,,,106.0,74.0,71.7,166.5,25.9,79.5,0.6106186704361402,0.2914798206278027,,Low
74388,57,1,21.0,17.0,364.0,2.0,136.0,,,98.0,68.0,78.1,177.6,24.8,101.1,0.7975690746387103,0.14423076923076925,,Low
74393,26,1,16.0,14.0,215.0,2.0,138.0,71.0,66.6,104.0,72.0,85.8,185.2,25.0,87.6,0.5171194262119467,0.18604651162790697,0.030030030030030033,Low
74394,51,2,16.0,12.0,251.0,2.0,180.0,122.0,57.6,116.0,62.0,104.6,168.6,36.8,106.2,0.9384817124675988,0.1593625498007968,0.034722222222222224,Low
74395,77,1,20.0,18.0,262.0,2.0,207.0,131.0,75.6,104.0,60.0,107.4,173.5,35.7,124.8,1.3854255000347115,0.19083969465648853,0.026455026455026457,Moderate
74396,29,2,20.0,12.0,252.0,2.0,157.0,80.0,76.6,92.0,60.0,53.4,159.8,20.9,70.8,0.6644110240674266,0.1984126984126984,0.026109660574412535,Low
74397,24,2,17.0,13.0,319.0,2.0,190.0,,,114.0,76.0,73.7,162.5,27.9,103.9,0.3547299060499898,0.13322884012539185,,Low
74399,31,2,16.0,19.0,278.0,2.0,151.0,,,114.0,56.0,87.6,147.8,40.1,121.2,0.4093172805748152,0.14388489208633093,,Low
74400,23,1,20.0,18.0,309.0,2.0,167.0,107.0,59.6,112.0,56.0,59.4,153.9,25.1,80.5,0.3508836238897647,0.16181229773462785,0.03355704697986577,Low
74401,19,2,18.0,15.0,253.0,2.0,174.0,108.0,65.6,114.0,54.0,65.5,161.2,25.2,85.6,0.3490277481957672,0.17786561264822137,0.030487804878048783,Low
74402,49,2,35.0,37.0,234.0,2.0,248.0,154.0,93.6,124.0,84.0,74.0,161.0,28.5,97.3,1.204890013797811,0.37393162393162394,0.021367521367521368,Low
74403,31,2,21.0,13.0,282.0,2.0,153.0,,,94.0,62.0,78.0,159.5,30.7,96.5,0.6402656520259293,0.18617021276595747,,Low
74408,29,1,28.0,20.0,277.0,2.0,120.0,,,128.0,74.0,96.4,169.2,33.7,109.3,0.6554827428627542,0.2527075812274368,,Low
74411,28,1,18.0,20.0,214.0,2.0,199.0,118.0,80.6,122.0,78.0,65.8,182.6,19.7,81.0,0.5266253554485486,0.2102803738317757,0.02481389578163772,Low
74412,37,1,23.0,21.0,231.0,2.0,204.0,120.0,83.6,,,62.3,170.3,21.5,77.2,0.80391092896463,0.24891774891774887,0.023923444976076555,Low
74413,80,2,19.0,15.0,237.0,2.0,190.0,113.0,76.6,164.0,74.0,68.8,154.1,29.0,110.5,1.655959124116814,0.20042194092827004,0.026109660574412535,Moderate
74417,56,2,21.0,9.0,304.0,2.0,207.0,114.0,92.6,138.0,40.0,129.6,159.0,51.3,129.0,1.2894736842105263,0.17269736842105265,0.021598272138228944,Low
74418,23,2,22.0,20.0,246.0,2.0,149.0,,,108.0,76.0,71.0,162.0,27.1,88.6,0.45993918561581043,0.22357723577235775,,Low
74419,76,2,31.0,38.0,262.0,2.0,188.0,,,146.0,50.0,57.0,154.6,23.8,95.1,1.4587544587178496,0.2958015267175573,,Moderate
74421,47,1,39.0,64.0,182.0,2.0,230.0,153.0,76.6,106.0,68.0,116.3,186.1,33.6,112.3,1.2589285714285714,0.5357142857142857,0.026109660574412535,Low
74422,29,1,27.0,25.0,198.0,2.0,189.0,,,112.0,68.0,72.3,173.3,24.1,88.2,0.7909090909090909,0.34090909090909094,,Low
74424,35,2,25.0,18.0,318.0,2.0,216.0,,,106.0,74.0,79.4,167.6,28.3,90.7,0.6485518171260263,0.19654088050314467,,Low
74425,62,2,20.0,13.0,229.0,2.0,260.0,,,122.0,80.0,87.2,154.2,36.7,117.6,1.5018083915268214,0.21834061135371177,,Moderate
74432,60,1,24.0,29.0,237.0,2.0,223.0,,,128.0,84.0,91.1,169.5,31.7,109.0,1.1282754724681632,0.25316455696202533,,Low
74433,22,1,20.0,20.0,225.0,2.0,259.0,189.0,69.6,,,94.6,185.0,27.6,96.9,0.43727551559995886,0.2222222222222222,0.02873563218390805,Low
74434,36,2,22.0,18.0,211.0,2.0,191.0,,,120.0,82.0,166.4,168.9,58.3,,0.8847212807262965,0.26066350710900477,,Low
74435,19,1,15.0,13.0,183.0,2.0,101.0,52.0,48.6,118.0,62.0,58.8,174.5,19.3,66.8,0.43193867738849806,0.20491803278688525,0.0411522633744856,Low
74436,55,1,28.0,32.0,200.0,2.0,150.0,,,124.0,62.0,81.1,168.0,28.7,95.7,1.361180553784104,0.35,,Moderate
74437,35,1,23.0,35.0,152.0,2.0,228.0,,,116.0,82.0,73.2,166.3,26.5,89.5,0.8951962829690209,0.3782894736842105,,Low
74440,31,2,19.0,14.0,244.0,2.0,170.0,96.0,73.6,108.0,54.0,79.1,168.0,28.0,92.7,0.645151112649254,0.19467213114754098,0.027173913043478264,Low
74441,38,2,15.0,14.0,216.0,2.0,123.0,47.0,75.6,,,65.8,164.6,24.3,93.0,0.7052727217133421,0.1736111111111111,0.026455026455026457,Low
74442,63,1,47.0,41.0,217.0,2.0,215.0,148.0,66.6,124.0,74.0,97.6,180.3,30.0,102.4,2.1310161702864634,0.5414746543778802,0.030030030030030033,Moderate
74445,47,1,33.0,17.0,234.0,2.0,139.0,,,130.0,82.0,103.6,184.5,30.4,115.2,1.6075758736382582,0.35256410256410253,,Moderate
74446,64,2,42.0,56.0,221.0,2.0,183.0,112.0,70.6,116.0,56.0,92.1,164.6,34.0,110.0,1.6253353354312143,0.47511312217194573,0.028328611898017,Moderate
74449,37,1,31.0,33.0,260.0,2.0,232.0,,,118.0,64.0,91.1,168.7,32.0,98.5,0.7679502745430208,0.2980769230769231,,Low
74451,77,2,27.0,19.0,146.0,2.0,237.0,,,122.0,52.0,67.6,152.8,29.0,104.2,3.2668171966910813,0.4623287671232877,,High
74454,45,1,29.0,22.0,328.0,2.0,242.0,,,160.0,68.0,78.0,171.7,26.5,87.4,0.8482528501343647,0.22103658536585363,,Low
74455,38,2,19.0,20.0,193.0,2.0,128.0,,,110.0,44.0,64.9,158.0,26.0,79.7,0.8364979687848955,0.24611398963730569,,Low
74459,61,2,33.0,38.0,184.0,2.0,188.0,107.0,80.6,144.0,66.0,121.6,167.5,43.3,140.0,1.774737612696875,0.4483695652173913,0.02481389578163772,Moderate
74460,20,2,17.0,17.0,278.0,2.0,176.0,,,116.0,62.0,57.1,164.6,21.1,78.0,0.2966263040012705,0.1528776978417266,,Low
74462,58,2,23.0,20.0,244.0,2.0,277.0,,,146.0,84.0,91.2,166.2,33.0,111.0,1.2225060172068523,0.23565573770491802,,Low
74463,45,1,56.0,74.0,201.0,2.0,209.0,109.0,99.6,126.0,88.0,94.8,179.5,29.4,105.9,1.4574330827583315,0.6965174129353233,0.020080321285140562,Moderate
74464,45,1,43.0,42.0,256.0,2.0,197.0,,,126.0,92.0,107.5,180.8,32.9,112.5,1.1663163366275306,0.419921875,,Low
74465,80,1,24.0,20.0,255.0,2.0,183.0,100.0,82.6,168.0,52.0,91.3,172.3,30.8,111.7,1.6836276536469006,0.2352941176470588,0.02421307506053269,Moderate
74466,34,1,22.0,31.0,263.0,2.0,166.0,108.0,57.6,106.0,64.0,72.5,161.4,27.8,92.8,0.5108166004411697,0.20912547528517114,0.034722222222222224,Low
74473,80,1,20.0,10.0,175.0,2.0,225.0,,,,,72.4,172.2,24.4,92.6,2.891225289296804,0.2857142857142857,,High
74476,68,2,28.0,19.0,178.0,2.0,211.0,127.0,83.6,124.0,54.0,49.8,151.9,21.6,86.1,2.4539750409525256,0.3932584269662921,0.023923444976076555,Moderate
74479,50,2,23.0,20.0,235.0,2.0,170.0,,,120.0,68.0,64.7,157.3,26.1,92.5,1.0942460315424503,0.24468085106382978,,Low
74480,18,2,20.0,15.0,219.0,2.0,167.0,97.0,69.6,110.0,46.0,48.7,161.6,18.6,75.8,0.42443653109122376,0.228310502283105,0.02873563218390805,Low
74481,35,2,34.0,35.0,186.0,2.0,191.0,,,116.0,68.0,110.0,168.8,38.6,110.4,1.0814339388461662,0.456989247311828,,Low
74486,69,2,18.0,15.0,239.0,2.0,202.0,,,122.0,66.0,125.4,153.1,53.5,138.0,1.3417699626191384,0.18828451882845187,,Moderate
74487,78,1,27.0,20.0,153.0,2.0,198.0,128.0,69.6,134.0,58.0,89.6,171.8,30.4,116.9,3.0778818043232397,0.4411764705882353,0.02873563218390805,High
74489,36,2,15.0,11.0,216.0,2.0,163.0,,,104.0,72.0,72.6,169.9,25.2,89.4,0.753778361444409,0.1736111111111111,,Low
74490,80,2,21.0,8.0,143.0,2.0,198.0,,,,,76.1,158.3,30.4,107.5,4.153634239137761,0.3671328671328672,,High
74493,40,1,30.0,22.0,170.0,2.0,188.0,,,120.0,74.0,68.4,161.7,26.2,88.8,1.5049462330984265,0.4411764705882353,,Moderate
74498,29,1,27.0,43.0,274.0,2.0,253.0,161.0,91.6,120.0,84.0,102.6,175.9,33.2,114.8,0.4357897101110564,0.24635036496350368,0.02183406113537118,Low
74499,59,1,41.0,31.0,245.0,2.0,186.0,,,142.0,70.0,82.7,168.5,29.1,99.4,1.7733274514398714,0.4183673469387755,,Moderate
74502,27,1,36.0,34.0,243.0,2.0,205.0,,,,,53.6,161.2,20.6,74.8,0.6859943405700353,0.3703703703703704,,Low
74503,47,2,20.0,23.0,335.0,2.0,166.0,87.0,78.6,122.0,92.0,100.3,165.5,36.6,123.0,0.5850852215332845,0.1492537313432836,0.025445292620865142,Low
74504,43,2,21.0,18.0,237.0,2.0,148.0,,,110.0,62.0,54.3,163.3,20.4,72.7,0.8980554478360794,0.22151898734177217,,Low
74505,21,2,19.0,18.0,272.0,2.0,171.0,,,108.0,56.0,75.9,156.3,31.1,92.7,0.34575441874195156,0.17463235294117646,,Low
74508,80,1,22.0,16.0,177.0,2.0,185.0,119.0,65.6,116.0,56.0,76.0,171.6,25.8,94.0,2.4858757062146895,0.3107344632768362,0.030487804878048783,Moderate
74509,48,2,29.0,38.0,259.0,2.0,252.0,160.0,91.6,118.0,72.0,79.5,165.3,29.1,99.7,0.8718618463861832,0.2799227799227799,0.02183406113537118,Low
74510,64,1,26.0,34.0,228.0,2.0,180.0,,,124.0,72.0,105.2,180.8,32.2,114.3,1.2516387968295382,0.2850877192982456,,Low
74511,46,1,26.0,40.0,206.0,2.0,252.0,,,102.0,64.0,84.4,177.7,26.7,100.8,0.91798157319451,0.3155339805825243,,Low
74512,80,1,42.0,50.0,152.0,2.0,232.0,153.0,78.6,160.0,52.0,95.3,178.6,29.9,114.2,3.1261562957721045,0.6907894736842106,0.025445292620865142,High
74521,21,2,23.0,23.0,385.0,2.0,193.0,129.0,63.6,114.0,80.0,123.8,167.5,44.1,127.4,0.261590810362512,0.14935064935064934,0.031446540880503145,Low
74523,61,2,28.0,23.0,260.0,2.0,209.0,134.0,74.6,148.0,72.0,69.2,163.9,25.8,93.5,1.3697793046518605,0.2692307692307692,0.02680965147453083,Moderate
74524,47,1,20.0,18.0,217.0,2.0,203.0,,,124.0,66.0,84.7,175.7,27.4,95.6,1.0210143998699766,0.2304147465437788,,Low
74529,51,1,21.0,36.0,164.0,2.0,214.0,129.0,84.6,112.0,70.0,94.4,170.5,32.5,110.3,1.0884146341463414,0.3201219512195122,0.023640661938534282,Low
74530,45,2,26.0,33.0,289.0,2.0,195.0,142.0,52.6,,,66.7,159.2,26.3,95.2,0.7047434514469428,0.2249134948096886,0.03802281368821293,Low
74532,25,1,29.0,41.0,205.0,2.0,183.0,130.0,52.6,134.0,72.0,78.7,170.3,27.1,94.3,0.552321840825558,0.3536585365853659,0.03802281368821293,Low
74534,65,1,15.0,12.0,139.0,2.0,164.0,108.0,55.6,,,144.0,179.6,44.6,146.3,2.0248795412226084,0.2697841726618705,0.03597122302158273,Moderate
74536,65,1,25.0,27.0,228.0,2.0,170.0,73.0,96.6,112.0,68.0,82.1,170.6,28.2,105.2,1.3716289289958215,0.2741228070175438,0.020703933747412008,Moderate
74537,23,2,20.0,10.0,338.0,2.0,133.0,78.0,54.6,144.0,88.0,76.1,155.5,31.5,104.1,0.4303691490169983,0.14792899408284024,0.03663003663003663,Low
74539,55,1,23.0,24.0,214.0,2.0,273.0,,,120.0,80.0,118.7,175.5,38.5,121.4,1.2066216996186607,0.2686915887850467,,Low
74542,46,1,13.0,13.0,127.0,2.0,129.0,,,126.0,76.0,66.9,176.5,21.5,86.6,1.305947706073571,0.2559055118110236,,Moderate
74546,27,2,19.0,19.0,237.0,2.0,165.0,,,104.0,72.0,85.6,151.4,37.3,120.5,0.4965834239476716,0.20042194092827004,,Low
74547,43,1,23.0,20.0,222.0,2.0,132.0,81.0,50.6,134.0,76.0,68.6,181.7,20.8,83.1,0.9961582115978793,0.25900900900900903,0.039525691699604744,Low
74548,63,2,17.0,16.0,272.0,2.0,187.0,114.0,72.6,126.0,78.0,51.7,154.6,21.6,82.7,0.984375,0.15625,0.027548209366391185,Low
74549,55,2,46.0,39.0,292.0,2.0,252.0,,,132.0,74.0,52.8,156.5,21.6,92.7,1.3874117435851727,0.39383561643835613,,Moderate
74551,32,2,34.0,23.0,238.0,2.0,168.0,85.0,82.6,106.0,64.0,63.4,171.3,21.6,75.8,0.9532087499751991,0.35714285714285715,0.02421307506053269,Low
74552,44,2,16.0,12.0,326.0,2.0,184.0,127.0,56.6,112.0,56.0,86.4,161.7,33.0,104.1,0.6233966096771419,0.1226993865030675,0.0353356890459364,Low
74554,35,2,21.0,16.0,218.0,2.0,155.0,,,108.0,68.0,92.1,158.1,36.8,124.0,0.8428899082568807,0.2408256880733945,,Low
74556,23,2,19.0,19.0,289.0,2.0,142.0,,,114.0,34.0,111.4,180.9,34.0,111.0,0.3469019920464896,0.1643598615916955,,Low
74557,28,2,15.0,15.0,167.0,2.0,153.0,90.0,62.6,102.0,72.0,63.3,154.1,26.7,84.5,0.6493624772084292,0.2245508982035928,0.03194888178913738,Low
74559,19,2,17.0,10.0,321.0,2.0,158.0,86.0,71.6,100.0,52.0,55.7,154.4,23.4,81.2,0.3181980324717715,0.13239875389408098,0.02793296089385475,Low
74560,36,1,19.0,13.0,178.0,2.0,197.0,,,136.0,84.0,112.0,187.6,31.8,118.4,1.0657722871293729,0.26685393258426965,,Low
74562,62,1,22.0,24.0,220.0,2.0,211.0,,,116.0,62.0,91.2,179.7,28.2,111.3,1.2655697004379753,0.25,,Low
74563,40,2,17.0,20.0,193.0,2.0,227.0,155.0,71.6,100.0,62.0,67.2,158.2,26.9,90.0,0.7878374221242782,0.22020725388601034,0.02793296089385475,Low
74565,66,1,22.0,18.0,258.0,2.0,166.0,98.0,67.6,132.0,66.0,64.9,164.8,23.9,91.2,1.3265103957142985,0.2131782945736434,0.02958579881656805,Moderate
74566,55,2,46.0,44.0,263.0,2.0,271.0,160.0,110.6,94.0,56.0,113.1,168.2,40.0,133.2,1.450235174490004,0.43726235741444863,0.018083182640144666,Moderate
74567,53,2,19.0,21.0,326.0,2.0,218.0,,,108.0,76.0,77.6,152.7,33.3,95.8,0.6740656916185409,0.14570552147239263,,Low
74570,63,2,30.0,32.0,164.0,2.0,170.0,92.0,77.6,120.0,74.0,66.0,156.8,26.8,85.7,2.037243622625876,0.45731707317073167,0.025773195876288662,Moderate
74571,53,1,24.0,24.0,253.0,2.0,192.0,,,132.0,58.0,65.8,171.2,22.5,87.5,1.0262684297826756,0.23715415019762842,,Low
74574,80,2,21.0,13.0,187.0,2.0,213.0,,,130.0,70.0,66.9,159.2,26.4,90.0,2.49170141619889,0.2807486631016043,,Moderate
74576,73,2,26.0,28.0,156.0,2.0,241.0,,,142.0,56.0,74.4,152.7,31.9,108.0,2.299283877472799,0.4166666666666667,,Moderate
74579,51,1,29.0,24.0,128.0,2.0,136.0,,,152.0,102.0,59.2,155.6,24.5,84.5,2.358590709359584,0.56640625,,Moderate
74581,75,1,21.0,19.0,270.0,2.0,136.0,,,174.0,68.0,49.6,167.3,17.7,75.0,1.3382584475782768,0.19444444444444445,,Moderate
74582,30,2,18.0,18.0,239.0,2.0,190.0,,,,,69.8,159.2,27.5,92.5,0.5325490402241781,0.18828451882845187,,Low
74583,60,2,16.0,15.0,226.0,2.0,135.0,68.0,66.6,86.0,52.0,106.2,160.7,41.1,130.6,1.0967740449436933,0.1769911504424779,0.030030030030030033,Low
74586,24,1,21.0,16.0,174.0,2.0,149.0,,,122.0,66.0,77.7,177.3,24.7,88.3,0.7241379310344828,0.3017241379310345,,Low
74587,66,1,37.0,24.0,241.0,2.0,215.0,,,116.0,62.0,82.9,172.3,27.9,100.2,2.0683450732629742,0.38381742738589214,,Moderate
74588,74,2,22.0,20.0,238.0,2.0,150.0,43.0,106.6,124.0,70.0,72.7,155.1,30.2,103.0,1.5295456585586797,0.23109243697478993,0.01876172607879925,Moderate
74589,67,1,21.0,16.0,195.0,2.0,222.0,,,106.0,72.0,76.5,189.9,21.2,102.3,1.8038461538461539,0.2692307692307693,,Moderate
74590,30,1,24.0,21.0,183.0,2.0,195.0,,,106.0,66.0,78.7,190.5,21.7,,0.858562191092429,0.32786885245901637,,Low
74591,73,1,17.0,14.0,178.0,2.0,149.0,82.0,66.6,134.0,76.0,83.7,186.6,24.0,105.2,1.8633213551310037,0.23876404494382023,0.030030030030030033,Moderate
74594,53,2,18.0,19.0,243.0,2.0,194.0,,,,,101.5,170.1,35.1,113.9,0.900669177417761,0.1851851851851852,,Low
74596,45,2,18.0,13.0,245.0,2.0,171.0,99.0,71.6,,,76.9,162.3,29.2,101.0,0.9169533855968073,0.1836734693877551,0.02793296089385475,Low
74598,58,1,14.0,12.0,173.0,2.0,178.0,,,126.0,96.0,107.1,180.4,32.9,112.5,1.3549376259594685,0.20231213872832368,,Moderate
74600,66,2,18.0,14.0,244.0,2.0,200.0,,,144.0,42.0,93.9,163.6,35.1,119.3,1.3012555548850826,0.18442622950819673,,Moderate
74601,20,2,21.0,27.0,93.0,2.0,172.0,,,106.0,70.0,39.6,145.7,18.7,61.3,0.8691294374897592,0.5645161290322581,,Low
74602,18,2,18.0,13.0,239.0,2.0,153.0,93.0,59.6,114.0,66.0,76.8,163.8,28.6,89.2,0.3759892543451344,0.18828451882845187,0.03355704697986577,Low
74605,62,2,25.0,24.0,188.0,2.0,211.0,,,136.0,82.0,78.2,168.2,27.6,92.6,1.6829384314334779,0.3324468085106383,,Moderate
74607,68,1,24.0,31.0,165.0,2.0,146.0,,,120.0,72.0,66.2,166.7,23.8,84.2,1.776459714592101,0.36363636363636365,,Moderate
74609,46,2,25.0,17.0,291.0,2.0,177.0,117.0,59.6,96.0,68.0,63.2,153.6,26.8,90.0,0.9584741195593914,0.2147766323024055,0.03355704697986577,Low
74612,47,2,22.0,21.0,254.0,2.0,261.0,,,114.0,82.0,64.3,157.1,26.1,89.4,0.8883358208819533,0.21653543307086615,,Low
74613,35,2,18.0,13.0,266.0,2.0,154.0,98.0,55.6,136.0,82.0,71.5,160.9,27.6,93.8,0.6568818113193503,0.16917293233082706,0.03597122302158273,Low
74616,19,1,28.0,30.0,303.0,2.0,203.0,,,132.0,76.0,136.6,174.0,45.1,127.7,0.32055929658168136,0.23102310231023102,,Low
74619,80,1,19.0,18.0,121.0,2.0,119.0,62.0,56.6,118.0,52.0,76.3,173.0,25.5,99.3,2.96088789918334,0.3925619834710743,0.0353356890459364,High
74623,46,2,19.0,17.0,260.0,2.0,215.0,,,118.0,76.0,53.9,153.4,22.9,82.1,0.8152928318529039,0.18269230769230768,,Low
74624,37,2,16.0,18.0,351.0,2.0,186.0,115.0,70.6,126.0,74.0,161.2,165.5,58.9,148.4,0.39753771553887574,0.11396011396011398,0.028328611898017,Low
74627,29,2,27.0,40.0,376.0,2.0,207.0,,,108.0,72.0,106.1,165.3,38.8,125.7,0.3292637510521065,0.1795212765957447,,Low
74628,63,2,24.0,13.0,235.0,2.0,243.0,,,130.0,72.0,45.5,153.4,19.3,71.6,1.7844823333883968,0.2553191489361702,,Moderate
74630,18,1,32.0,23.0,236.0,2.0,214.0,134.0,79.6,,,83.2,168.4,29.3,89.7,0.508916536003708,0.33898305084745767,0.02512562814070352,Low
74631,30,1,38.0,63.0,252.0,2.0,215.0,,,126.0,66.0,68.3,162.3,25.9,90.3,0.5699464275535966,0.3769841269841269,,Low
74632,46,1,26.0,15.0,265.0,2.0,183.0,,,124.0,72.0,66.5,180.4,20.4,71.7,1.1653051778777535,0.24528301886792453,,Low
74633,56,2,33.0,30.0,210.0,1.0,208.0,,,106.0,60.0,57.1,155.5,23.6,85.4,1.6066528353484872,0.3928571428571428,,Moderate
74636,60,2,22.0,18.0,283.0,2.0,215.0,,,120.0,72.0,49.2,146.9,22.8,80.2,1.0993886350603566,0.1943462897526502,,Low
74638,34,1,28.0,44.0,261.0,2.0,170.0,,,118.0,72.0,90.2,184.8,26.4,93.3,0.549882758693546,0.2681992337164751,,Low
74639,51,1,23.0,23.0,221.0,2.0,210.0,,,124.0,76.0,77.4,166.0,28.1,98.1,1.1067303515337046,0.2601809954751131,,Low
74641,33,1,25.0,38.0,224.0,2.0,189.0,118.0,70.6,128.0,52.0,97.2,176.6,31.2,94.2,0.5974672876467817,0.27901785714285715,0.028328611898017,Low
74642,45,2,19.0,19.0,288.0,2.0,199.0,,,140.0,56.0,93.0,170.5,32.0,97.8,0.6810779599282302,0.16493055555555555,,Low
74644,20,2,22.0,19.0,189.0,2.0,136.0,,,,,71.0,172.2,23.9,82.0,0.5340895391695617,0.29100529100529104,,Low
74645,68,2,27.0,17.0,205.0,2.0,174.0,,,140.0,64.0,108.0,173.8,35.8,116.7,2.172172719837597,0.32926829268292684,,Moderate
74646,49,1,19.0,9.0,209.0,2.0,184.0,105.0,78.6,120.0,84.0,52.6,162.0,20.0,83.3,1.4848484848484849,0.22727272727272727,0.025445292620865142,Moderate
74650,56,1,29.0,40.0,244.0,2.0,187.0,123.0,63.6,126.0,70.0,85.9,160.6,33.3,108.1,1.0523645328101328,0.2971311475409836,0.031446540880503145,Low
74652,40,2,15.0,14.0,369.0,2.0,233.0,134.0,98.6,116.0,78.0,87.2,159.6,34.2,105.0,0.43457112506085266,0.10162601626016261,0.02028397565922921,Low
74653,29,2,16.0,16.0,298.0,2.0,150.0,76.0,73.6,114.0,72.0,74.9,156.4,30.6,98.3,0.38926174496644295,0.13422818791946312,0.027173913043478264,Low
74654,62,2,17.0,14.0,204.0,2.0,196.0,,,122.0,46.0,105.7,179.7,32.7,116.3,1.3808497498808594,0.20833333333333334,,Moderate
74655,36,2,21.0,12.0,213.0,2.0,215.0,,,90.0,62.0,51.0,147.1,23.6,79.8,1.0245934354632797,0.24647887323943662,,Low
74656,62,1,19.0,20.0,274.0,2.0,150.0,,,144.0,72.0,131.8,186.6,37.9,131.2,0.9613460136842161,0.17335766423357662,,Low
74660,38,2,15.0,15.0,185.0,2.0,169.0,,,118.0,84.0,102.2,162.6,38.7,,0.795531714356118,0.20270270270270271,,Low
74661,65,1,41.0,48.0,156.0,2.0,182.0,,,170.0,80.0,103.6,180.3,31.9,110.2,2.4657667746640266,0.6570512820512819,,Moderate
74663,52,1,17.0,18.0,168.0,2.0,137.0,62.0,74.6,124.0,76.0,50.8,167.3,18.1,72.2,1.240242846366881,0.25297619047619047,0.02680965147453083,Low
74668,80,2,26.0,33.0,178.0,2.0,164.0,102.0,61.6,146.0,0.0,60.0,156.2,24.6,85.7,2.0341658673474803,0.3651685393258427,0.032467532467532464,Moderate
74669,80,2,25.0,20.0,190.0,2.0,208.0,139.0,68.6,128.0,58.0,57.6,154.3,24.2,90.6,2.3537557657892525,0.3289473684210526,0.02915451895043732,Moderate
74670,80,2,27.0,29.0,269.0,2.0,220.0,130.0,89.6,158.0,52.0,70.9,161.2,27.3,93.6,1.491085243354766,0.2509293680297398,0.022321428571428572,Moderate
74673,21,2,18.0,12.0,175.0,2.0,142.0,60.0,81.6,108.0,64.0,59.8,164.0,22.2,75.2,0.6235382907247959,0.2571428571428571,0.02450980392156863,Low
74675,18,2,27.0,23.0,315.0,2.0,175.0,,,106.0,58.0,69.6,162.9,26.2,83.2,0.32170795311662964,0.2142857142857143,,Low
74678,28,2,22.0,32.0,264.0,2.0,162.0,,,106.0,74.0,50.1,148.8,22.6,77.0,0.4124789556921527,0.20833333333333334,,Low
74679,39,1,13.0,18.0,223.0,2.0,184.0,122.0,61.6,124.0,68.0,99.9,178.0,31.5,108.7,0.5358791301368904,0.14573991031390135,0.032467532467532464,Low
74680,20,1,19.0,15.0,161.0,2.0,190.0,,,120.0,56.0,56.3,168.0,19.9,72.8,0.609413528595784,0.2950310559006211,,Low
74683,56,2,19.0,16.0,261.0,2.0,251.0,162.0,88.6,108.0,64.0,65.4,154.0,27.6,89.9,1.0191570881226053,0.18199233716475094,0.022573363431151242,Low
74685,75,1,29.0,23.0,135.0,2.0,195.0,,,124.0,62.0,72.7,177.5,23.1,87.6,3.3593988931417607,0.537037037037037,,High
74686,32,2,26.0,26.0,316.0,2.0,243.0,,,106.0,64.0,80.6,154.0,34.0,100.6,0.5163564064397757,0.20569620253164558,,Low
74692,24,1,19.0,13.0,196.0,2.0,139.0,,,112.0,72.0,61.0,168.5,21.5,73.6,0.6452634935681237,0.2423469387755102,,Low
74693,37,2,15.0,16.0,115.0,2.0,177.0,110.0,66.6,98.0,66.0,65.8,153.6,27.9,86.2,1.2065217391304348,0.32608695652173914,0.030030030030030033,Low
74694,71,1,21.0,12.0,334.0,2.0,176.0,,,84.0,60.0,80.4,172.5,27.0,102.5,1.2886665439546887,0.157185628742515,,Low
74695,53,1,33.0,32.0,230.0,2.0,317.0,,,172.0,96.0,88.0,175.2,28.7,107.5,1.3442714785818168,0.358695652173913,,Moderate
74696,62,1,21.0,28.0,266.0,2.0,296.0,186.0,109.6,116.0,74.0,101.3,173.0,33.8,118.9,0.9250183155225824,0.19736842105263158,0.018248175182481754,Low
74697,44,1,24.0,42.0,182.0,2.0,185.0,,,136.0,68.0,71.7,172.9,24.0,90.3,0.895298558021808,0.32967032967032966,,Low
74698,34,1,20.0,18.0,301.0,2.0,176.0,,,112.0,70.0,78.6,189.5,21.9,88.5,0.5324835118569794,0.16611295681063123,,Low
74702,68,1,25.0,21.0,186.0,2.0,143.0,87.0,55.6,,,112.3,183.3,33.4,113.4,1.994464588178425,0.33602150537634407,0.03597122302158273,Moderate
74703,32,1,28.0,24.0,272.0,2.0,210.0,,,116.0,64.0,94.4,162.7,35.7,106.9,0.6724089489993038,0.25735294117647056,,Low
74704,54,2,19.0,16.0,347.0,2.0,230.0,138.0,91.6,118.0,76.0,89.5,163.8,33.4,96.5,0.739193083573487,0.13688760806916425,0.02183406113537118,Low
74705,74,1,33.0,24.0,199.0,2.0,183.0,,,160.0,84.0,71.3,171.4,24.3,95.3,2.504880214353652,0.414572864321608,,Moderate
74707,51,1,33.0,86.0,231.0,2.0,221.0,,,116.0,86.0,100.5,165.0,36.9,112.5,0.7856387761964798,0.35714285714285715,,Low
74708,76,1,19.0,23.0,237.0,2.0,141.0,77.0,63.6,154.0,76.0,62.7,165.2,23.0,,1.2704422527359325,0.20042194092827004,0.031446540880503145,Low
74709,18,1,29.0,39.0,200.0,2.0,186.0,116.0,69.6,,,64.2,170.1,22.2,79.2,0.41793448143127737,0.3625,0.02873563218390805,Low
74711,47,2,24.0,34.0,210.0,2.0,211.0,,,120.0,90.0,131.5,162.9,49.6,133.6,0.9211924001940474,0.2857142857142857,,Low
74714,72,2,38.0,23.0,18.0,2.0,98.0,,,104.0,50.0,98.0,159.2,38.7,120.4,31.694190936675366,5.277777777777778,,High
74717,47,2,11.0,15.0,263.0,2.0,138.0,,,132.0,68.0,54.8,158.5,21.8,81.2,0.5075620760428985,0.10456273764258557,,Low
74718,52,1,123.0,60.0,215.0,2.0,134.0,,,136.0,80.0,113.9,179.9,35.2,122.4,3.8405583693554477,1.430232558139535,,High
74719,36,2,14.0,16.0,251.0,2.0,166.0,83.0,82.6,108.0,64.0,72.5,171.5,24.6,85.9,0.50199203187251,0.1394422310756972,0.02421307506053269,Low
74721,53,2,16.0,15.0,306.0,2.0,234.0,135.0,98.6,108.0,66.0,79.1,156.3,32.4,101.9,0.7155315637437668,0.13071895424836602,0.02028397565922921,Low
74723,66,1,31.0,27.0,252.0,2.0,134.0,50.0,83.6,124.0,80.0,119.3,183.7,35.4,125.4,1.5625114428068443,0.30753968253968256,0.023923444976076555,Moderate
74725,37,2,16.0,18.0,230.0,2.0,207.0,,,,,90.8,167.0,32.6,106.4,0.6066771224093278,0.17391304347826086,,Low
74728,46,1,32.0,39.0,199.0,2.0,231.0,,,124.0,66.0,95.8,188.4,27.0,101.1,1.1844655397039612,0.4020100502512563,,Low
74731,27,2,22.0,27.0,171.0,2.0,164.0,110.0,53.6,110.0,64.0,84.5,160.6,32.8,109.3,0.6685108380090403,0.32163742690058483,0.03731343283582089,Low
74732,64,2,22.0,16.0,288.0,2.0,258.0,183.0,74.6,128.0,72.0,66.2,156.6,27.0,84.3,1.2222222222222223,0.19097222222222224,0.02680965147453083,Low
74733,53,1,24.0,20.0,184.0,2.0,200.0,,,122.0,76.0,89.2,176.8,28.5,106.4,1.545803514880289,0.32608695652173914,,Moderate
74734,57,2,20.0,34.0,289.0,2.0,230.0,155.0,74.6,144.0,84.0,89.7,164.7,33.1,109.5,0.6764996092126646,0.17301038062283738,0.02680965147453083,Low
74737,63,2,25.0,35.0,192.0,2.0,206.0,,,130.0,52.0,121.2,156.6,49.4,,1.3865811991639725,0.32552083333333337,,Moderate
74741,61,1,21.0,17.0,160.0,2.0,151.0,,,108.0,76.0,108.4,171.7,36.8,130.0,1.9418008479471407,0.32812500000000006,,Moderate
74742,73,2,37.0,39.0,216.0,2.0,193.0,111.0,81.6,140.0,86.0,84.9,164.2,31.5,101.4,2.002343256608983,0.42824074074074076,0.02450980392156863,Moderate
74743,41,1,17.0,18.0,225.0,2.0,214.0,,,116.0,64.0,75.0,171.6,25.5,89.8,0.7301532244252202,0.18888888888888888,,Low
74744,22,1,25.0,31.0,233.0,2.0,169.0,121.0,47.6,106.0,54.0,108.7,177.2,34.6,111.5,0.42396101336792363,0.26824034334763946,0.04201680672268907,Low
74745,33,2,15.0,14.0,235.0,1.0,218.0,,,128.0,76.0,80.1,158.1,32.0,96.6,0.5629545308368088,0.15957446808510636,,Low
74746,55,1,15.0,12.0,251.0,2.0,180.0,,,136.0,84.0,78.6,190.2,21.7,87.7,0.9488326137080503,0.14940239043824702,,Low
74747,64,2,27.0,19.0,295.0,2.0,239.0,147.0,91.6,150.0,74.0,48.8,155.2,20.3,76.2,1.3438318241638327,0.22881355932203393,0.02183406113537118,Moderate
74748,36,1,34.0,46.0,197.0,2.0,277.0,217.0,59.6,128.0,86.0,99.4,169.1,34.8,114.9,0.9160860626070766,0.43147208121827413,0.03355704697986577,Low
74751,53,2,19.0,10.0,224.0,2.0,195.0,104.0,90.6,138.0,78.0,84.4,150.9,37.1,108.0,1.421613215977481,0.21205357142857142,0.02207505518763797,Moderate
74756,50,2,38.0,32.0,258.0,2.0,181.0,,,122.0,72.0,62.1,155.2,25.8,96.2,1.3018438800915118,0.3682170542635659,,Moderate
74760,53,1,30.0,34.0,200.0,2.0,174.0,104.0,69.6,146.0,78.0,102.2,171.5,34.7,106.1,1.363413751882945,0.375,0.02873563218390805,Moderate
74763,33,1,26.0,14.0,180.0,2.0,183.0,114.0,68.6,108.0,54.0,85.0,178.1,26.8,96.0,1.2739452531158897,0.36111111111111116,0.02915451895043732,Low
74764,31,1,29.0,31.0,209.0,2.0,144.0,,,112.0,64.0,58.9,173.7,19.5,76.5,0.7725606053687591,0.34688995215311,,Low
74765,45,2,15.0,12.0,344.0,2.0,250.0,,,118.0,74.0,64.8,160.0,25.3,97.5,0.5664410344520312,0.10901162790697674,,Low
74766,21,2,22.0,14.0,173.0,2.0,198.0,124.0,73.6,114.0,70.0,61.1,164.9,22.5,86.9,0.7137265535464744,0.3179190751445087,0.027173913043478264,Low
74769,50,1,38.0,35.0,181.0,2.0,120.0,,,136.0,78.0,94.2,181.6,28.6,101.4,1.7743569988775485,0.5248618784530387,,Moderate
74772,62,2,18.0,11.0,231.0,2.0,198.0,117.0,80.6,,,70.3,166.9,25.2,83.4,1.456652210167897,0.19480519480519481,0.02481389578163772,Moderate
74773,64,1,44.0,40.0,174.0,2.0,171.0,101.0,69.6,120.0,80.0,79.1,167.2,28.3,,2.5589005434006196,0.6321839080459771,0.02873563218390805,Moderate
74774,19,2,56.0,200.0,307.0,2.0,175.0,,,90.0,44.0,49.6,161.4,19.0,,0.24506893002686858,0.4560260586319218,,Low
74776,18,1,20.0,18.0,286.0,2.0,164.0,,,112.0,68.0,91.0,177.3,28.9,95.3,0.2966881599384116,0.17482517482517482,,Low
74778,18,2,17.0,14.0,303.0,2.0,125.0,,,104.0,70.0,58.1,163.3,21.8,79.9,0.26990739282244836,0.14026402640264027,,Low
74779,78,2,35.0,42.0,264.0,2.0,211.0,123.0,87.6,126.0,64.0,69.0,150.2,30.6,98.3,1.5956369143807232,0.3314393939393939,0.022831050228310504,Moderate
74781,51,2,19.0,15.0,213.0,2.0,237.0,,,136.0,78.0,111.2,167.4,39.7,125.0,1.1746231181455358,0.22300469483568075,,Low
74782,59,2,21.0,22.0,218.0,2.0,215.0,135.0,79.6,156.0,90.0,87.7,167.6,31.2,110.1,1.2117233374522998,0.2408256880733945,0.02512562814070352,Low
74784,39,2,27.0,28.0,318.0,2.0,270.0,156.0,113.6,112.0,64.0,114.4,158.5,45.5,,0.6257808020105601,0.21226415094339623,0.017605633802816902,Low
74787,45,2,29.0,33.0,309.0,2.0,200.0,101.0,98.6,,,99.1,159.8,38.8,119.0,0.7351823334051316,0.23462783171521034,0.02028397565922921,Low
74791,69,2,21.0,24.0,273.0,2.0,163.0,,,154.0,62.0,65.0,149.8,29.0,93.9,1.0834281554617904,0.19230769230769232,,Low
74794,38,1,20.0,25.0,274.0,2.0,248.0,134.0,113.6,118.0,86.0,124.0,192.8,33.4,118.2,0.5547445255474452,0.18248175182481752,0.017605633802816902,Low
74797,59,2,20.0,18.0,264.0,2.0,190.0,108.0,81.6,138.0,66.0,63.7,154.7,26.6,91.1,1.0535176790405634,0.1893939393939394,0.02450980392156863,Low
74800,28,1,28.0,15.0,185.0,2.0,152.0,,,126.0,78.0,61.1,171.1,20.9,73.3,1.0942050246582395,0.3783783783783784,,Low
74801,36,1,27.0,39.0,177.0,2.0,162.0,100.0,61.6,98.0,72.0,95.9,186.2,27.7,103.6,0.8793478276753938,0.38135593220338987,0.032467532467532464,Low
74802,18,1,28.0,25.0,279.0,2.0,216.0,,,90.0,66.0,64.4,162.0,24.5,88.5,0.36129032258064514,0.25089605734767023,,Low
74803,24,2,19.0,14.0,168.0,2.0,131.0,,,110.0,60.0,63.3,156.9,25.7,86.0,0.7254233709051519,0.28273809523809523,,Low
74812,50,2,23.0,15.0,242.0,2.0,164.0,,,104.0,84.0,81.7,162.3,31.0,102.9,1.2269781950794847,0.23760330578512395,,Low
74814,25,2,18.0,18.0,285.0,2.0,192.0,,,122.0,76.0,76.0,168.0,26.9,87.0,0.37216146378239345,0.15789473684210525,,Low
74815,62,2,28.0,35.0,241.0,2.0,204.0,,,138.0,66.0,66.1,161.4,25.4,89.3,1.2175832250694647,0.2904564315352697,,Low
74817,45,2,16.0,13.0,177.0,2.0,191.0,,,110.0,86.0,63.4,167.5,22.6,83.9,1.1282037889326695,0.22598870056497175,,Low
74818,26,1,17.0,20.0,191.0,2.0,212.0,137.0,74.6,122.0,70.0,90.9,174.4,29.9,99.9,0.5174565686151346,0.22251308900523561,0.02680965147453083,Low
74822,45,2,19.0,17.0,218.0,2.0,196.0,,,128.0,62.0,62.8,163.2,23.6,86.0,0.9512291715874527,0.2178899082568807,,Low
74823,67,1,25.0,22.0,341.0,2.0,168.0,92.0,75.6,118.0,66.0,145.0,173.6,48.1,150.6,1.0472469205150952,0.18328445747800587,0.026455026455026457,Low
74824,28,2,22.0,15.0,211.0,2.0,165.0,,,96.0,52.0,62.5,163.6,23.4,84.1,0.753793915091238,0.26066350710900477,,Low
74826,47,1,26.0,23.0,197.0,2.0,206.0,131.0,74.6,,,88.6,176.4,28.5,95.4,1.2934244364352556,0.3299492385786802,0.02680965147453083,Low
74829,27,2,17.0,12.0,234.0,2.0,188.0,,,102.0,40.0,91.4,163.4,34.2,123.1,0.5662473793975177,0.18162393162393162,,Low
74831,66,2,23.0,19.0,230.0,2.0,229.0,,,136.0,74.0,92.7,163.8,34.6,103.9,1.5141438435457075,0.24999999999999997,,Moderate
74832,21,1,22.0,21.0,185.0,2.0,172.0,109.0,62.6,132.0,62.0,75.0,178.2,23.6,91.6,0.5449549475082621,0.2972972972972973,0.03194888178913738,Low
74837,51,2,30.0,37.0,251.0,2.0,264.0,,,144.0,80.0,88.9,162.7,33.6,107.1,1.0021133489131342,0.29880478087649404,,Low
74839,47,1,31.0,51.0,182.0,2.0,233.0,,,128.0,90.0,106.2,181.9,32.1,106.6,1.1209934518839617,0.42582417582417587,,Low
74841,80,2,27.0,12.0,250.0,2.0,251.0,,,,,45.7,149.1,20.6,74.5,2.4941531628991833,0.27,,Moderate
74843,38,2,294.0,300.0,130.0,2.0,207.0,109.0,97.6,156.0,104.0,81.1,150.2,35.9,109.4,4.9616593902973065,5.653846153846153,0.020491803278688527,High
74844,20,1,38.0,57.0,186.0,2.0,168.0,99.0,68.6,104.0,72.0,66.8,161.4,25.6,83.0,0.5412067695534587,0.510752688172043,0.02915451895043732,Low
74845,31,2,18.0,16.0,227.0,2.0,172.0,,,102.0,58.0,63.7,172.3,21.5,90.0,0.6145374449339207,0.19823788546255508,,Low
74851,80,1,17.0,12.0,280.0,2.0,207.0,116.0,90.6,150.0,68.0,65.1,170.8,22.3,,1.4021363680319483,0.15178571428571427,0.02207505518763797,Moderate
74854,18,2,17.0,16.0,252.0,2.0,171.0,116.0,54.6,114.0,60.0,102.3,164.1,38.0,107.7,0.30357142857142855,0.16865079365079363,0.03663003663003663,Low
74859,55,2,25.0,25.0,252.0,2.0,220.0,,,104.0,62.0,72.8,164.2,27.0,99.7,1.0912698412698412,0.248015873015873,,Low
74860,40,1,23.0,16.0,244.0,2.0,273.0,,,98.0,62.0,79.5,176.5,25.5,88.8,0.9426229508196722,0.23565573770491802,,Low
74861,60,1,22.0,23.0,284.0,2.0,287.0,,,166.0,90.0,72.9,165.4,26.6,101.8,0.9691515019554181,0.19366197183098594,,Low
74862,48,2,19.0,15.0,194.0,,261.0,179.0,,114.0,92.0,66.1,152.0,28.6,90.8,1.213800966234077,0.24484536082474226,,Low
74865,58,1,19.0,19.0,198.0,2.0,177.0,109.0,67.6,116.0,72.0,75.5,173.1,25.2,97.3,1.2768491854816113,0.2398989898989899,0.02958579881656805,Low
74866,40,1,26.0,39.0,255.0,2.0,227.0,146.0,80.6,122.0,66.0,97.2,170.6,33.4,113.6,0.653071686107022,0.25490196078431376,0.02481389578163772,Low
74867,53,2,23.0,21.0,191.0,2.0,153.0,,,108.0,74.0,54.6,158.2,21.8,80.5,1.3927099905637421,0.3010471204188481,,Moderate
74869,66,2,28.0,19.0,239.0,2.0,152.0,,,,,86.8,157.4,35.0,110.8,1.7738923690075237,0.2928870292887029,,Moderate
74872,50,1,20.0,24.0,168.0,2.0,176.0,102.0,73.6,112.0,72.0,93.3,180.6,28.6,104.6,1.2150246739995925,0.2976190476190476,0.027173913043478264,Low
74874,36,1,22.0,18.0,258.0,2.0,211.0,150.0,60.6,118.0,76.0,77.1,177.4,24.5,91.9,0.7235511249350719,0.2131782945736434,0.033003300330033,Low
74878,69,2,25.0,18.0,195.0,2.0,200.0,,,140.0,64.0,85.3,153.6,36.2,104.5,2.0850584573449478,0.3205128205128205,,Moderate
74879,43,2,16.0,18.0,360.0,2.0,190.0,,,104.0,58.0,89.1,168.1,31.5,119.0,0.45045320875587475,0.1111111111111111,,Low
74880,39,1,22.0,34.0,239.0,2.0,187.0,125.0,61.6,114.0,76.0,102.6,179.6,31.8,103.4,0.6156727449885883,0.23012552301255232,0.032467532467532464,Low
74882,25,1,23.0,33.0,178.0,2.0,166.0,,,110.0,62.0,87.9,180.3,27.0,96.5,0.5623295065984621,0.3230337078651685,,Low
74883,24,2,34.0,50.0,304.0,2.0,181.0,117.0,63.6,108.0,54.0,106.4,165.3,38.9,120.0,0.3796046930580413,0.27960526315789475,0.031446540880503145,Low
74885,57,2,22.0,17.0,212.0,2.0,232.0,135.0,96.6,110.0,62.0,61.5,158.2,24.6,92.6,1.4346211028092526,0.259433962264151,0.020703933747412008,Moderate
74886,18,2,18.0,17.0,359.0,2.0,173.0,91.0,81.6,120.0,56.0,82.8,169.3,28.9,90.6,0.21889009056203867,0.12534818941504178,0.02450980392156863,Low
74889,50,1,17.0,12.0,174.0,2.0,161.0,102.0,58.6,110.0,66.0,61.0,184.4,17.9,74.2,1.4101946230206377,0.2442528735632184,0.034129692832764506,Moderate
74890,30,1,17.0,24.0,235.0,2.0,229.0,,,102.0,64.0,80.7,173.5,26.8,104.2,0.4429928258224897,0.18085106382978725,,Low
74891,22,2,18.0,9.0,357.0,2.0,160.0,,,116.0,50.0,77.4,163.6,28.9,102.0,0.3697478991596639,0.12605042016806722,,Low
74893,70,2,22.0,23.0,205.0,2.0,278.0,185.0,92.6,158.0,64.0,83.4,163.2,31.3,112.2,1.566400964136074,0.2682926829268293,0.021598272138228944,Moderate
74897,46,2,24.0,28.0,259.0,2.0,263.0,,,118.0,80.0,84.2,161.4,32.3,108.0,0.8055459038652255,0.23166023166023164,,Low
74900,69,2,43.0,44.0,192.0,2.0,114.0,,,,,82.1,149.1,36.9,115.8,2.329646248339127,0.5598958333333334,,Moderate
74901,55,1,18.0,19.0,200.0,2.0,171.0,,,128.0,78.0,120.2,166.9,43.2,135.1,1.1356078826592806,0.22500000000000003,,Low
74902,22,2,17.0,18.0,259.0,2.0,135.0,,,114.0,62.0,64.3,163.7,24.0,83.2,0.3403577042004746,0.1640926640926641,,Low
74904,48,2,21.0,22.0,189.0,2.0,178.0,,,112.0,78.0,61.3,155.8,25.3,87.0,1.1370704872299222,0.2777777777777778,,Low
74905,44,1,21.0,18.0,217.0,2.0,217.0,,,116.0,74.0,113.7,187.4,32.4,120.7,1.0036354313615514,0.24193548387096775,,Low
74907,48,2,22.0,16.0,269.0,1.0,212.0,135.0,76.8,100.0,56.0,71.3,161.9,27.2,91.2,0.9814126394052045,0.20446096654275092,0.013020833333333334,Low
74909,64,1,23.0,26.0,278.0,2.0,248.0,,,148.0,98.0,57.8,152.6,24.8,86.5,1.0384278810194494,0.2068345323741007,,Low
74910,19,2,13.0,11.0,367.0,2.0,173.0,113.0,59.6,124.0,86.0,173.3,158.9,68.6,163.3,0.20292452891200985,0.0885558583106267,0.03355704697986577,Low
74916,50,2,22.0,27.0,101.0,2.0,200.0,,,112.0,74.0,103.4,165.3,37.8,110.8,2.095991076265968,0.5445544554455446,,Moderate
74918,49,2,22.0,23.0,279.0,2.0,188.0,103.0,84.6,108.0,66.0,68.9,156.7,28.1,90.5,0.8056578435610273,0.19713261648745523,0.023640661938534282,Low
74919,66,2,17.0,16.0,197.0,2.0,232.0,,,154.0,82.0,62.9,166.9,22.6,93.3,1.4238578680203047,0.21573604060913706,,Moderate
74923,24,1,37.0,37.0,243.0,2.0,130.0,78.0,51.6,128.0,54.0,128.6,191.3,35.1,113.7,0.6007666696590834,0.3806584362139918,0.03875968992248062,Low
74928,50,1,19.0,27.0,149.0,2.0,217.0,149.0,67.6,124.0,62.0,87.6,167.8,31.1,104.5,1.2270307734455133,0.3187919463087248,0.02958579881656805,Low
74929,66,2,29.0,30.0,219.0,2.0,180.0,62.0,117.6,124.0,72.0,68.4,149.8,30.5,99.2,1.5956483638734977,0.3310502283105023,0.017006802721088437,Moderate
74931,53,1,22.0,18.0,169.0,2.0,119.0,64.0,54.6,128.0,78.0,86.1,179.1,26.8,105.1,1.626206127935926,0.3254437869822486,0.03663003663003663,Moderate
74932,32,1,31.0,57.0,332.0,2.0,159.0,91.0,67.6,118.0,74.0,83.5,175.6,27.1,93.9,0.39576388500256726,0.23343373493975905,0.02958579881656805,Low
74933,57,2,19.0,20.0,207.0,2.0,125.0,,,120.0,54.0,96.1,161.7,36.8,,1.1698848404020639,0.22946859903381642,,Low
74935,20,1,19.0,16.0,178.0,2.0,164.0,,,124.0,58.0,64.9,172.7,21.8,,0.5337078651685393,0.26685393258426965,,Low
74937,74,1,15.0,14.0,177.0,2.0,166.0,,,128.0,56.0,91.7,173.0,30.6,110.5,1.6760450763999497,0.211864406779661,,Moderate
74938,52,2,20.0,18.0,241.0,2.0,202.0,113.0,88.6,110.0,68.0,68.8,159.2,27.1,97.6,1.0171383851092801,0.2074688796680498,0.022573363431151242,Low
74940,80,1,21.0,14.0,161.0,2.0,198.0,126.0,71.6,110.0,68.0,79.5,167.8,28.2,94.3,2.7888129590861674,0.32608695652173914,0.02793296089385475,High
74941,59,2,19.0,17.0,246.0,2.0,219.0,,,184.0,86.0,70.4,160.9,27.2,89.8,1.1052131531127207,0.19308943089430894,,Low
74942,44,2,23.0,12.0,207.0,2.0,167.0,92.0,74.6,106.0,64.0,89.3,171.3,30.4,100.9,1.4113006580190854,0.27777777777777773,0.02680965147453083,Moderate
74943,19,1,19.0,17.0,263.0,2.0,148.0,59.0,88.6,130.0,88.0,88.5,183.8,26.2,81.8,0.33291011649473845,0.1806083650190114,0.022573363431151242,Low
74945,36,2,17.0,14.0,291.0,2.0,182.0,106.0,75.6,94.0,58.0,71.4,161.3,27.4,91.2,0.5620751891766451,0.14604810996563575,0.026455026455026457,Low
74946,62,1,23.0,18.0,295.0,2.0,233.0,,,144.0,86.0,77.7,167.6,27.7,103.5,1.1393607570305275,0.19491525423728812,,Low
74948,33,2,20.0,16.0,197.0,2.0,171.0,106.0,64.6,,,90.9,166.6,32.8,103.4,0.8375634517766497,0.25380710659898476,0.030959752321981428,Low
74951,46,1,20.0,23.0,183.0,2.0,235.0,137.0,97.6,134.0,88.0,107.9,186.0,31.2,109.5,1.0482691854235453,0.273224043715847,0.020491803278688527,Low
74953,80,1,22.0,15.0,236.0,2.0,83.0,,,112.0,56.0,74.2,170.9,25.4,100.5,1.9255510421822184,0.23305084745762714,,Moderate
74954,48,2,25.0,37.0,216.0,2.0,210.0,121.0,88.6,120.0,70.0,82.5,156.6,33.6,100.3,0.913327707251985,0.28935185185185186,0.022573363431151242,Low
74958,76,2,42.0,33.0,196.0,2.0,250.0,,,,,79.0,166.3,28.6,106.0,2.834978968421365,0.5357142857142857,,High
74960,63,2,21.0,22.0,251.0,2.0,207.0,,,138.0,78.0,45.7,160.2,17.8,69.1,1.123763138400289,0.20916334661354583,,Low
74963,39,1,26.0,23.0,197.0,2.0,220.0,,,116.0,66.0,63.9,160.4,24.8,86.5,1.073267085552659,0.3299492385786802,,Low
74965,26,1,36.0,19.0,394.0,2.0,196.0,119.0,76.6,122.0,60.0,157.3,170.7,54.0,158.2,0.5450079363016391,0.2284263959390863,0.026109660574412535,Low
74969,22,1,23.0,19.0,259.0,2.0,194.0,107.0,86.6,90.0,56.0,74.4,171.0,25.4,85.2,0.4482021673301322,0.22200772200772198,0.023094688221709007,Low
74971,47,2,31.0,42.0,256.0,2.0,257.0,161.0,95.6,138.0,66.0,82.2,151.6,35.8,108.5,0.8782030503701871,0.302734375,0.020920502092050212,Low
74972,36,1,21.0,21.0,218.0,2.0,139.0,79.0,59.6,106.0,58.0,73.0,181.4,22.2,87.0,0.7567556193505057,0.2408256880733945,0.03355704697986577,Low
74974,48,1,20.0,27.0,239.0,2.0,134.0,72.0,61.6,114.0,84.0,162.2,179.8,50.2,145.2,0.7730212809233483,0.20920502092050208,0.032467532467532464,Low
74977,20,2,17.0,12.0,347.0,2.0,160.0,95.0,64.6,112.0,70.0,41.7,155.1,17.3,67.0,0.282851716894053,0.12247838616714697,0.030959752321981428,Low
74978,80,2,22.0,12.0,177.0,2.0,135.0,,,146.0,52.0,70.9,145.1,33.7,,2.8704420163100037,0.3107344632768362,,High
74979,80,2,15.0,12.0,145.0,2.0,131.0,,,130.0,46.0,73.9,160.7,28.6,,2.3890355966467274,0.25862068965517243,,Moderate
74981,33,1,30.0,35.0,92.0,2.0,157.0,,,104.0,72.0,106.3,174.7,34.8,110.8,1.8189189395244163,0.8152173913043478,,Moderate
74982,43,1,27.0,40.0,119.0,2.0,184.0,,,122.0,80.0,122.4,176.5,39.3,126.2,1.5426068754014657,0.5672268907563026,,Moderate
74983,63,2,13.0,13.0,230.0,2.0,212.0,130.0,81.6,134.0,70.0,66.1,159.0,26.1,87.5,0.9876075232792667,0.14130434782608697,0.02450980392156863,Low
74984,64,1,24.0,28.0,193.0,2.0,175.0,,,122.0,66.0,64.5,159.1,25.5,88.8,1.5040244314564066,0.31088082901554404,,Moderate
74985,66,2,15.0,13.0,218.0,2.0,179.0,102.0,76.6,140.0,58.0,66.2,153.1,28.2,92.3,1.2595256749150845,0.17201834862385323,0.026109660574412535,Low
74989,80,2,21.0,11.0,298.0,2.0,242.0,,,124.0,56.0,68.8,160.4,26.7,102.7,1.6997954996330298,0.1761744966442953,,Moderate
74990,47,1,17.0,15.0,269.0,2.0,103.0,44.0,58.6,,,82.1,176.7,26.3,93.7,0.7669178918512332,0.1579925650557621,0.034129692832764506,Low
74996,56,1,22.0,20.0,187.0,2.0,224.0,,,106.0,72.0,90.2,189.0,25.3,105.3,1.473174196941038,0.2941176470588236,,Moderate
74997,43,2,19.0,14.0,199.0,2.0,218.0,,,108.0,78.0,133.9,174.1,44.2,134.0,1.097248415288697,0.2386934673366834,,Low
74998,38,2,17.0,15.0,255.0,2.0,183.0,127.0,55.6,108.0,78.0,86.2,152.3,37.2,111.2,0.6541038540261415,0.16666666666666666,0.03597122302158273,Low
75000,45,2,17.0,16.0,196.0,2.0,194.0,,,116.0,70.0,68.9,149.9,30.7,102.6,0.9757653061224489,0.21683673469387754,,Low
75003,51,2,15.0,11.0,276.0,2.0,227.0,148.0,78.6,136.0,74.0,93.7,163.5,35.1,111.8,0.8357107920361927,0.1358695652173913,0.025445292620865142,Low
75004,52,2,19.0,17.0,199.0,2.0,214.0,120.0,93.6,100.0,72.0,51.4,161.9,19.6,81.6,1.2041467212859145,0.2386934673366834,0.021367521367521368,Low
75010,80,2,20.0,17.0,154.0,2.0,306.0,206.0,99.6,154.0,88.0,95.8,160.8,37.1,117.4,2.5198506497281348,0.3246753246753247,0.020080321285140562,Moderate
75011,69,2,17.0,15.0,289.0,2.0,163.0,81.0,81.6,126.0,68.0,80.0,166.1,29.0,104.6,1.0479837289737717,0.14705882352941177,0.02450980392156863,Low
75012,60,1,21.0,19.0,237.0,2.0,279.0,,,174.0,84.0,84.8,176.3,27.3,104.5,1.219678585134632,0.22151898734177217,,Low
75013,63,1,35.0,29.0,200.0,2.0,129.0,80.0,48.6,106.0,76.0,85.6,177.3,27.2,98.0,2.0472911034019967,0.43750000000000006,0.0411522633744856,Moderate
75016,53,1,65.0,42.0,223.0,2.0,155.0,,,,,137.7,168.0,48.8,157.4,2.3837445767686396,0.7286995515695067,,Moderate
75017,54,1,27.0,16.0,245.0,2.0,187.0,,,140.0,70.0,46.1,165.5,16.8,69.6,1.4877551020408164,0.2755102040816327,,Moderate
75018,52,2,18.0,17.0,249.0,2.0,197.0,,,122.0,74.0,48.2,159.5,18.9,72.5,0.9117001808594685,0.18072289156626506,,Low
75020,54,2,26.0,20.0,217.0,2.0,170.0,,,,,120.3,163.1,45.2,,1.4467462859030897,0.2995391705069125,,Moderate
75023,27,1,38.0,95.0,214.0,2.0,171.0,107.0,63.6,128.0,50.0,81.2,176.5,26.1,90.2,0.4918942940370879,0.44392523364485975,0.031446540880503145,Low
75027,42,2,16.0,17.0,380.0,2.0,167.0,,,138.0,92.0,69.2,164.5,25.6,89.4,0.4289051053274099,0.10526315789473684,,Low
75029,23,1,22.0,14.0,183.0,2.0,193.0,,,126.0,70.0,64.0,168.5,22.5,79.5,0.7389846361075778,0.3005464480874317,,Low
75030,56,2,37.0,32.0,241.0,2.0,184.0,,,106.0,62.0,82.4,162.5,31.2,103.2,1.5198394715959818,0.38381742738589214,,Moderate
75032,23,1,26.0,19.0,260.0,2.0,134.0,,,104.0,58.0,67.6,176.9,21.6,75.0,0.527656187902292,0.25,,Low
75034,19,2,29.0,26.0,212.0,2.0,200.0,,,104.0,60.0,44.1,160.6,17.1,68.9,0.5097169361374501,0.3419811320754717,,Low
75042,54,2,24.0,14.0,315.0,2.0,211.0,83.0,127.6,136.0,84.0,55.5,156.0,22.8,80.8,1.099589109582546,0.19047619047619047,0.015673981191222573,Low
75044,60,2,19.0,17.0,346.0,2.0,184.0,,,130.0,70.0,91.1,164.5,33.7,107.2,0.7991058165936983,0.13728323699421965,,Low
75047,38,2,33.0,38.0,230.0,2.0,245.0,,,104.0,74.0,107.8,158.1,43.1,134.0,0.8844594004259836,0.358695652173913,,Low
75049,59,1,16.0,26.0,287.0,2.0,240.0,,,128.0,84.0,101.7,181.1,31.0,119.4,0.6450649183639224,0.13937282229965156,,Low
75056,53,2,22.0,12.0,150.0,2.0,191.0,,,120.0,76.0,45.3,164.6,16.7,69.8,2.2439680462503455,0.3666666666666667,,Moderate
75057,55,2,23.0,30.0,351.0,2.0,289.0,210.0,78.6,116.0,66.0,77.7,151.7,33.8,108.7,0.6579952851320372,0.16381766381766383,0.025445292620865142,Low
75058,66,2,16.0,17.0,338.0,2.0,177.0,105.0,71.6,136.0,72.0,77.0,161.8,29.4,107.5,0.7577444379833361,0.1183431952662722,0.02793296089385475,Low
75060,32,1,22.0,18.0,200.0,2.0,193.0,,,154.0,100.0,114.1,172.8,38.2,115.6,0.8296719565922158,0.275,,Low
75061,60,2,17.0,11.0,324.0,2.0,160.0,,,94.0,68.0,92.9,167.0,33.3,103.0,0.9492023810781447,0.13117283950617284,,Low
75063,34,1,23.0,19.0,319.0,2.0,172.0,,,128.0,74.0,65.3,164.1,24.2,83.9,0.5623921751936655,0.18025078369905953,,Low
75064,39,2,26.0,34.0,260.0,2.0,192.0,,,108.0,60.0,63.2,151.4,27.6,92.0,0.6688444820557844,0.25,,Low
75065,76,1,16.0,14.0,224.0,2.0,152.0,,,126.0,76.0,105.4,176.8,33.7,124.2,1.4508467418103037,0.17857142857142858,,Moderate
75066,44,2,15.0,13.0,146.0,2.0,163.0,72.0,90.6,106.0,64.0,69.8,161.1,26.9,83.5,1.2537744161255178,0.2568493150684931,0.02207505518763797,Low
75068,72,1,30.0,43.0,236.0,2.0,253.0,,,148.0,62.0,100.4,178.5,31.5,115.2,1.395749626772992,0.31779661016949157,,Moderate
75070,74,2,27.0,28.0,278.0,2.0,201.0,115.0,85.6,124.0,72.0,81.1,150.1,36.0,120.0,1.358224850849705,0.24280575539568347,0.023364485981308414,Moderate
75071,33,1,35.0,62.0,267.0,2.0,224.0,,,140.0,86.0,99.8,168.0,35.4,110.0,0.5493825718547566,0.32771535580524347,,Low
75075,38,2,35.0,39.0,197.0,2.0,189.0,,,102.0,72.0,56.8,158.3,22.7,82.2,1.0810682465013497,0.4441624365482234,,Low
75076,72,1,19.0,20.0,212.0,2.0,125.0,,,140.0,82.0,80.9,174.4,26.6,100.6,1.4428966949149586,0.2240566037735849,,Moderate
75078,50,2,15.0,8.0,101.0,2.0,159.0,,,,,111.8,155.2,46.4,,2.6253964648015375,0.3712871287128713,,Moderate
75081,66,2,38.0,48.0,162.0,2.0,189.0,,,148.0,66.0,64.7,147.5,29.7,103.9,2.2345593751968846,0.5864197530864197,,Moderate
75084,19,1,21.0,16.0,200.0,2.0,120.0,,,124.0,44.0,67.3,169.6,23.4,82.1,0.49875,0.2625,,Low
75085,26,1,16.0,14.0,164.0,2.0,125.0,,,116.0,52.0,63.9,173.7,21.2,78.5,0.6779309550949302,0.24390243902439024,,Low
75088,39,2,28.0,36.0,214.0,2.0,158.0,,,102.0,60.0,75.0,165.1,27.5,99.2,0.8504672897196262,0.32710280373831774,,Low
75089,62,2,42.0,30.0,312.0,2.0,226.0,,,128.0,64.0,101.7,164.1,37.8,113.7,1.5237922433156545,0.33653846153846156,,Moderate
75090,76,2,21.0,16.0,210.0,2.0,165.0,73.0,91.6,144.0,64.0,90.0,160.1,35.1,,1.9,0.25,0.02183406113537118,Moderate
75092,47,1,17.0,30.0,226.0,2.0,149.0,96.0,52.6,136.0,86.0,88.0,178.3,27.7,,0.6454724534611028,0.18805309734513273,0.03802281368821293,Low
75093,48,2,16.0,18.0,80.0,2.0,142.0,,,126.0,58.0,115.0,169.2,40.2,127.7,2.2627416997969525,0.5,,Moderate
75097,44,2,18.0,14.0,216.0,2.0,171.0,,,112.0,64.0,65.4,166.8,23.5,88.7,0.9799578870122228,0.20833333333333334,,Low
75098,25,1,34.0,64.0,228.0,2.0,99.0,42.0,56.6,108.0,52.0,95.2,170.1,32.9,109.4,0.46600877192982454,0.37280701754385964,0.0353356890459364,Low
75099,46,1,25.0,20.0,281.0,2.0,246.0,,,126.0,74.0,73.2,173.3,24.4,90.7,0.9151167879447538,0.2224199288256228,,Low
75103,55,2,28.0,23.0,336.0,2.0,212.0,,,124.0,82.0,69.6,163.3,26.1,88.6,0.9556910644282594,0.20833333333333334,,Low
75104,26,2,21.0,14.0,347.0,2.0,239.0,133.0,105.6,104.0,66.0,67.3,168.0,23.8,83.7,0.4205320982253133,0.15129682997118157,0.01893939393939394,Low
75105,55,1,27.0,23.0,285.0,2.0,172.0,106.0,65.6,124.0,64.0,109.8,179.0,34.3,106.8,1.0864698416658107,0.2368421052631579,0.030487804878048783,Low
75108,80,1,21.0,18.0,148.0,2.0,204.0,117.0,86.6,122.0,60.0,91.0,172.7,30.5,110.2,2.6755391720572073,0.35472972972972977,0.023094688221709007,High
75111,32,1,19.0,10.0,180.0,2.0,148.0,,,118.0,54.0,73.8,174.7,24.2,91.3,1.068147120767986,0.2638888888888889,,Low
75112,80,1,22.0,24.0,105.0,2.0,95.0,45.0,49.6,144.0,54.0,77.3,170.6,26.6,98.2,3.421509481982852,0.5238095238095238,0.04032258064516129,High
75114,47,2,17.0,13.0,228.0,2.0,207.0,,,118.0,76.0,74.9,168.5,26.4,103.0,0.9719417911928906,0.18640350877192982,,Low
75117,80,1,25.0,16.0,157.0,2.0,156.0,,,118.0,66.0,69.3,171.6,23.5,,3.1847133757961785,0.3980891719745223,,High
75118,64,2,29.0,12.0,277.0,2.0,259.0,172.0,86.6,90.0,50.0,88.7,160.9,34.3,102.5,1.9342276166352805,0.26173285198555957,0.023094688221709007,Moderate
75121,44,1,24.0,26.0,249.0,2.0,207.0,,,110.0,76.0,82.2,179.6,25.5,92.9,0.8317214405860336,0.24096385542168672,,Low
75123,35,1,34.0,41.0,258.0,2.0,207.0,135.0,71.6,130.0,68.0,133.3,189.3,37.2,120.8,0.7203363435947334,0.32945736434108525,0.02793296089385475,Low
75124,47,1,41.0,43.0,216.0,2.0,181.0,,,136.0,84.0,71.7,154.3,30.1,98.6,1.3604849306987463,0.47453703703703703,,Moderate
75125,32,2,35.0,49.0,241.0,2.0,209.0,,,132.0,84.0,107.9,171.9,36.5,111.5,0.6639004149377593,0.3630705394190871,,Low
75127,59,1,26.0,17.0,159.0,2.0,165.0,88.0,76.6,104.0,46.0,100.3,182.5,30.1,112.9,2.3399348981492754,0.4088050314465409,0.026109660574412535,Moderate
75128,45,1,16.0,24.0,210.0,2.0,176.0,108.0,67.6,98.0,74.0,86.8,180.5,26.6,100.3,0.6998542122237652,0.19047619047619047,0.02958579881656805,Low
75129,80,2,26.0,18.0,254.0,2.0,142.0,,,156.0,58.0,57.6,152.0,24.9,98.1,1.930160242608949,0.2559055118110236,,Moderate
75131,34,2,19.0,24.0,380.0,2.0,231.0,,,116.0,78.0,65.1,160.1,25.4,91.0,0.3470110468942836,0.125,,Low
75132,24,1,29.0,49.0,259.0,2.0,210.0,144.0,65.6,104.0,72.0,72.8,176.6,23.3,88.6,0.38389409817981246,0.2799227799227799,0.030487804878048783,Low
75134,33,2,33.0,46.0,356.0,2.0,151.0,85.0,65.6,114.0,68.0,75.5,169.4,26.3,97.7,0.4510232872266376,0.23174157303370782,0.030487804878048783,Low
75136,56,1,25.0,32.0,235.0,2.0,222.0,143.0,78.6,118.0,86.0,88.9,181.1,27.1,100.8,1.053137759214007,0.26595744680851063,0.025445292620865142,Low
75137,30,2,17.0,13.0,200.0,2.0,220.0,,,116.0,58.0,65.6,161.6,25.1,90.2,0.7072427501871671,0.21250000000000002,,Low
75139,44,1,35.0,46.0,196.0,2.0,172.0,,,118.0,82.0,82.1,161.9,31.3,105.9,1.1584725126456203,0.4464285714285714,,Low
75140,34,2,23.0,23.0,309.0,2.0,196.0,,,102.0,56.0,93.2,156.8,37.9,123.0,0.5276966724680663,0.186084142394822,,Low
75146,49,1,43.0,53.0,241.0,2.0,199.0,130.0,68.6,,,132.6,175.3,43.1,131.6,1.2009075030700738,0.446058091286307,0.02915451895043732,Low
75147,42,1,21.0,17.0,222.0,2.0,181.0,,,124.0,76.0,57.6,165.2,21.1,72.7,0.963587483252458,0.2364864864864865,,Low
75149,39,2,20.0,12.0,380.0,2.0,156.0,83.0,72.6,106.0,50.0,62.4,158.5,24.8,91.3,0.5925436973261949,0.13157894736842105,0.027548209366391185,Low
75150,71,2,20.0,23.0,230.0,2.0,192.0,,,108.0,56.0,65.6,157.4,26.5,86.0,1.2873498607002007,0.21739130434782608,,Low
75151,19,1,27.0,27.0,162.0,2.0,141.0,,,104.0,60.0,67.8,169.3,23.7,79.6,0.609425284144605,0.4166666666666667,,Low
75155,34,2,20.0,20.0,308.0,2.0,203.0,,,114.0,76.0,66.3,160.5,25.7,89.6,0.49367734568177174,0.16233766233766234,,Low
75156,42,1,31.0,38.0,198.0,2.0,207.0,130.0,76.6,116.0,70.0,123.3,184.9,36.1,130.0,1.0667287389507718,0.39141414141414144,0.026109660574412535,Low
75157,56,1,19.0,17.0,230.0,2.0,132.0,70.0,61.6,142.0,88.0,110.5,188.6,31.1,109.7,1.1219908914724273,0.20652173913043476,0.032467532467532464,Low
75158,80,2,25.0,24.0,245.0,2.0,290.0,,,180.0,62.0,52.4,151.2,22.9,85.7,1.6663195529137267,0.25510204081632654,,Moderate
75159,68,1,23.0,18.0,212.0,2.0,196.0,118.0,77.6,118.0,54.0,75.4,165.8,27.4,101.6,1.7388600719744662,0.2712264150943396,0.025773195876288662,Moderate
75160,64,1,18.0,15.0,217.0,2.0,234.0,170.0,63.6,,,72.7,171.4,24.7,98.2,1.370714843266035,0.20737327188940094,0.031446540880503145,Moderate
75161,47,2,22.0,14.0,157.0,2.0,228.0,,,108.0,72.0,74.4,167.2,26.6,94.5,1.7601791346334192,0.35031847133757965,,Moderate
75162,54,1,17.0,17.0,216.0,2.0,143.0,,,112.0,70.0,90.6,189.9,25.1,92.0,1.0307764064044151,0.19675925925925924,,Low
75164,42,2,40.0,62.0,302.0,2.0,174.0,,,130.0,88.0,69.9,168.6,24.6,88.7,0.7064907727162915,0.33112582781456956,,Low
75174,76,1,28.0,26.0,288.0,2.0,113.0,54.0,58.6,140.0,78.0,79.6,176.5,25.6,102.1,1.44908033185436,0.24305555555555555,0.034129692832764506,Moderate
75175,34,1,19.0,20.0,158.0,2.0,166.0,,,92.0,64.0,70.9,173.2,23.6,82.5,0.9142404515600406,0.30063291139240506,,Low
75176,43,1,29.0,28.0,167.0,2.0,101.0,44.0,56.6,96.0,66.0,127.6,184.1,37.6,130.0,1.4111428079116957,0.43413173652694614,0.0353356890459364,Moderate
75178,19,2,20.0,17.0,260.0,2.0,178.0,96.0,81.6,118.0,44.0,71.6,161.6,27.4,85.5,0.3544751442838713,0.19230769230769232,0.02450980392156863,Low
75179,64,2,18.0,14.0,203.0,2.0,312.0,194.0,117.6,130.0,56.0,79.3,163.3,29.7,95.7,1.5166746339069601,0.22167487684729065,0.017006802721088437,Moderate
75181,59,2,63.0,95.0,213.0,2.0,200.0,,,146.0,72.0,89.9,157.6,36.2,111.0,1.7904044763852198,0.7394366197183099,,Moderate
75185,18,1,26.0,19.0,217.0,2.0,125.0,68.0,56.6,108.0,68.0,74.7,173.9,24.7,78.0,0.49477679009872305,0.2995391705069125,0.0353356890459364,Low
75187,40,2,21.0,17.0,250.0,2.0,174.0,92.0,81.6,108.0,74.0,47.6,158.8,18.9,74.2,0.8149197001220787,0.21000000000000002,0.02450980392156863,Low
75188,35,2,17.0,14.0,278.0,2.0,163.0,107.0,55.6,120.0,68.0,93.4,166.6,33.7,102.6,0.572015967402491,0.1528776978417266,0.03597122302158273,Low
75189,59,1,26.0,29.0,189.0,2.0,214.0,130.0,83.6,114.0,68.0,74.6,174.7,24.4,95.2,1.5071780357862306,0.3439153439153439,0.023923444976076555,Moderate
75190,41,1,25.0,37.0,217.0,2.0,250.0,139.0,110.6,118.0,74.0,93.1,181.2,28.4,107.8,0.7765389953363652,0.28801843317972353,0.018083182640144666,Low
75191,79,2,19.0,16.0,230.0,2.0,163.0,,,140.0,64.0,69.0,149.1,31.0,104.3,1.6315217391304349,0.20652173913043476,,Moderate
75193,57,2,25.0,22.0,293.0,2.0,252.0,171.0,80.6,134.0,78.0,87.7,159.5,34.5,109.1,1.0368976819342828,0.21331058020477817,0.02481389578163772,Low
75195,62,2,23.0,16.0,248.0,2.0,223.0,,,,,120.0,159.6,47.1,142.7,1.4375,0.2318548387096774,,Moderate
75196,64,2,25.0,33.0,255.0,2.0,245.0,130.0,114.6,156.0,60.0,111.4,160.6,43.2,126.2,1.092251958937712,0.24509803921568626,0.017452006980802792,Low
75202,23,1,25.0,20.0,288.0,2.0,140.0,,,132.0,74.0,60.1,172.4,20.2,69.3,0.44643718300777047,0.2170138888888889,,Low
75203,69,1,30.0,22.0,86.0,2.0,142.0,,,136.0,68.0,95.8,180.1,29.5,,5.1316916611176,0.872093023255814,,High
75205,32,2,22.0,23.0,344.0,2.0,228.0,,,,,55.2,151.9,23.9,83.2,0.42672717295401347,0.15988372093023256,,Low
75207,65,1,35.0,45.0,160.0,2.0,217.0,134.0,82.6,156.0,74.0,67.4,166.8,24.2,96.3,2.1196061036716753,0.546875,0.02421307506053269,Moderate
75209,18,2,18.0,11.0,357.0,2.0,197.0,,,116.0,56.0,65.7,166.1,23.8,80.0,0.2736405480201552,0.12605042016806722,,Low
75211,37,1,22.0,27.0,148.0,2.0,229.0,,,120.0,68.0,74.7,174.6,24.5,92.9,1.058475493514314,0.37162162162162166,,Low
75212,55,1,25.0,22.0,190.0,2.0,231.0,154.0,76.6,108.0,70.0,83.7,177.4,26.6,93.3,1.542899920994549,0.3289473684210526,0.026109660574412535,Moderate
75216,54,1,31.0,32.0,209.0,2.0,238.0,158.0,79.6,118.0,62.0,91.3,164.7,33.7,108.0,1.4159052053902879,0.3708133971291866,0.02512562814070352,Moderate
75217,54,1,24.0,19.0,205.0,2.0,218.0,,,98.0,68.0,90.1,179.2,28.1,106.5,1.450355078518283,0.2926829268292683,,Moderate
75220,39,2,19.0,18.0,339.0,2.0,142.0,84.0,57.6,146.0,92.0,96.2,165.5,35.1,112.0,0.5152075957317913,0.140117994100295,0.034722222222222224,Low
75221,44,1,23.0,25.0,214.0,2.0,237.0,,,130.0,56.0,110.6,170.2,38.2,124.5,0.9457943925233645,0.2686915887850467,,Low
75222,65,2,22.0,15.0,205.0,2.0,176.0,101.0,74.6,148.0,82.0,67.3,158.8,26.7,94.1,1.8010946943338555,0.2682926829268293,0.02680965147453083,Moderate
75223,69,2,22.0,18.0,264.0,2.0,209.0,130.0,78.6,106.0,58.0,76.8,161.0,29.6,98.3,1.3552879972742162,0.20833333333333334,0.025445292620865142,Moderate
75224,27,2,16.0,14.0,176.0,2.0,193.0,113.0,79.6,114.0,62.0,78.0,161.3,30.0,97.5,0.6560048665123144,0.2272727272727273,0.02512562814070352,Low
75227,18,2,24.0,19.0,186.0,2.0,123.0,64.0,58.6,110.0,64.0,52.5,157.1,21.3,74.5,0.5328365431832401,0.3225806451612903,0.034129692832764506,Low
75231,79,2,26.0,19.0,348.0,2.0,162.0,,,150.0,0.0,71.7,160.3,27.9,94.8,1.3540802223279709,0.1867816091954023,,Moderate
75232,63,1,25.0,32.0,251.0,2.0,220.0,,,114.0,68.0,92.7,172.5,31.2,115.3,1.109256155745829,0.24900398406374502,,Low
75236,29,2,18.0,14.0,206.0,2.0,235.0,135.0,99.6,98.0,48.0,68.0,168.6,23.9,93.0,0.6772347974674054,0.2184466019417476,0.020080321285140562,Low
75237,54,1,40.0,31.0,195.0,2.0,230.0,,,134.0,80.0,133.4,179.1,41.6,144.5,1.9894741147581219,0.5128205128205128,,Moderate
75244,63,2,38.0,32.0,314.0,2.0,159.0,68.0,90.6,142.0,64.0,115.1,157.5,46.4,140.1,1.347781555860346,0.30254777070063693,0.02207505518763797,Moderate
75249,23,2,16.0,14.0,229.0,2.0,143.0,68.0,74.6,106.0,76.0,63.0,166.1,22.8,78.3,0.429485314514289,0.17467248908296942,0.02680965147453083,Low
75251,22,1,30.0,22.0,218.0,2.0,163.0,88.0,74.6,118.0,54.0,114.3,191.6,31.1,97.6,0.6454700586912977,0.34403669724770647,0.02680965147453083,Low
75252,43,1,29.0,32.0,246.0,2.0,275.0,,,146.0,96.0,95.0,176.4,30.5,111.4,0.8960997521744154,0.2947154471544715,,Low
75254,26,1,64.0,45.0,208.0,2.0,169.0,,,128.0,80.0,78.9,171.0,27.0,88.2,1.1925695879998877,0.7692307692307693,,Low
75256,44,1,21.0,29.0,239.0,2.0,246.0,173.0,72.6,130.0,74.0,89.0,171.8,30.2,108.2,0.7179183785589788,0.21966527196652721,0.027548209366391185,Low
75257,21,1,19.0,16.0,196.0,2.0,163.0,91.0,71.6,128.0,56.0,61.1,169.3,21.3,71.1,0.5089285714285714,0.2423469387755102,0.02793296089385475,Low
75258,20,1,23.0,43.0,275.0,2.0,192.0,,,,,83.1,175.4,27.0,,0.255088517647266,0.20909090909090908,,Low
75259,80,2,18.0,16.0,213.0,2.0,201.0,131.0,69.6,140.0,26.0,65.0,159.8,25.5,,1.6901408450704225,0.21126760563380284,0.02873563218390805,Moderate
75260,20,2,16.0,12.0,292.0,2.0,234.0,,,108.0,72.0,79.0,166.5,28.5,98.8,0.31635631188472646,0.136986301369863,,Low
75262,80,1,28.0,31.0,150.0,2.0,193.0,108.0,84.6,154.0,72.0,86.0,174.6,28.2,108.1,2.6821058435998384,0.4666666666666666,0.023640661938534282,High
75263,61,2,27.0,18.0,218.0,2.0,249.0,,,118.0,66.0,50.3,156.0,20.7,77.4,1.7807413893184156,0.3096330275229358,,Moderate
75264,80,2,28.0,22.0,178.0,2.0,181.0,,,156.0,46.0,75.1,157.5,30.3,101.6,2.6829753069470077,0.3932584269662921,,High
75268,28,1,29.0,28.0,242.0,2.0,157.0,,,130.0,78.0,69.8,168.4,24.6,,0.6341056861229184,0.2995867768595041,,Low
75269,29,1,59.0,73.0,154.0,2.0,196.0,,,120.0,88.0,66.6,172.0,22.5,71.5,1.3003727457959702,0.9577922077922078,,Moderate
75270,24,1,22.0,29.0,299.0,2.0,258.0,,,120.0,64.0,104.5,179.7,32.4,109.1,0.32791685136282067,0.1839464882943144,,Low
75273,75,1,22.0,29.0,305.0,2.0,117.0,,,132.0,74.0,86.7,173.8,28.7,106.5,1.004581337679133,0.18032786885245905,,Low
75274,25,2,17.0,12.0,226.0,2.0,136.0,,,112.0,64.0,58.5,174.6,19.2,73.0,0.5428625318707765,0.18805309734513273,,Low
75277,70,1,22.0,18.0,225.0,2.0,205.0,134.0,70.6,148.0,80.0,155.7,179.6,48.3,150.4,1.6132510267070865,0.2444444444444445,0.028328611898017,Moderate
75278,22,1,22.0,19.0,218.0,2.0,162.0,87.0,74.6,112.0,54.0,65.1,177.2,20.7,75.5,0.5093450238227151,0.2522935779816514,0.02680965147453083,Low
75279,68,2,41.0,40.0,235.0,2.0,192.0,116.0,75.6,172.0,92.0,43.4,157.2,17.6,74.5,1.8758361950105193,0.4361702127659574,0.026455026455026457,Moderate
75282,80,2,21.0,14.0,229.0,2.0,247.0,,,172.0,76.0,66.2,160.6,25.7,89.0,1.9606938271304497,0.22925764192139741,,Moderate
75283,29,2,28.0,14.0,198.0,2.0,168.0,,,106.0,64.0,63.7,159.3,25.1,81.6,1.0960410526913567,0.35353535353535354,,Low
75285,80,1,24.0,14.0,288.0,2.0,209.0,,,152.0,70.0,67.0,171.7,22.7,95.5,1.781741612749496,0.20833333333333334,,Moderate
75287,75,1,16.0,16.0,183.0,2.0,193.0,,,,,79.1,174.5,26.0,104.5,1.639344262295082,0.2185792349726776,,Moderate
75288,19,1,29.0,39.0,446.0,2.0,199.0,,,,,143.0,193.1,38.4,129.0,0.19782648597893052,0.1625560538116592,,Low
75289,42,2,18.0,19.0,220.0,2.0,164.0,98.0,65.6,120.0,74.0,96.0,160.2,37.4,113.8,0.7883558854824758,0.20454545454545456,0.030487804878048783,Low
75290,21,1,31.0,45.0,310.0,2.0,200.0,144.0,55.6,,,87.3,167.2,31.2,106.5,0.3130495168499705,0.25,0.03597122302158273,Low
75291,24,2,30.0,21.0,201.0,2.0,204.0,,,110.0,0.0,69.9,161.1,26.9,103.6,0.7816760247259429,0.3731343283582089,,Low
75293,74,2,19.0,13.0,175.0,2.0,172.0,,,118.0,48.0,96.4,157.6,38.8,110.6,2.2283099311219208,0.2714285714285714,,Moderate
75295,72,2,23.0,21.0,306.0,2.0,153.0,79.0,73.6,112.0,64.0,89.7,154.0,37.8,,1.180943876571253,0.18790849673202611,0.027173913043478264,Low
75298,72,1,26.0,23.0,231.0,2.0,147.0,,,154.0,28.0,77.6,172.6,26.0,96.0,1.6897791476833073,0.2813852813852814,,Moderate
75299,80,1,20.0,14.0,193.0,2.0,215.0,,,98.0,68.0,87.2,181.2,26.6,,2.215637238652223,0.2590673575129534,,Moderate
75301,48,1,23.0,19.0,184.0,2.0,176.0,109.0,66.6,158.0,78.0,49.7,169.3,17.3,74.6,1.3764944032233704,0.3125,0.030030030030030033,Moderate
75302,25,2,27.0,32.0,188.0,2.0,152.0,95.0,56.6,,,136.6,177.7,43.3,,0.6347035602405845,0.3590425531914894,0.0353356890459364,Low
75305,46,2,14.0,11.0,229.0,2.0,153.0,,,148.0,90.0,61.3,169.9,21.2,80.4,0.8479183664108286,0.15283842794759825,,Low
75306,59,1,25.0,24.0,217.0,2.0,245.0,164.0,80.6,150.0,88.0,60.5,168.2,21.4,87.2,1.3874797890188895,0.28801843317972353,0.02481389578163772,Moderate
75307,26,1,28.0,30.0,220.0,2.0,135.0,69.0,65.6,114.0,82.0,111.9,176.3,36.0,115.1,0.6041545785814559,0.3181818181818181,0.030487804878048783,Low
75309,39,2,20.0,20.0,243.0,2.0,161.0,,,100.0,64.0,61.9,164.3,22.9,81.0,0.7177502149999325,0.205761316872428,,Low
75311,74,1,20.0,22.0,141.0,2.0,164.0,,,140.0,78.0,88.8,178.3,27.9,107.4,2.237851490824847,0.3546099290780142,,Moderate
75315,67,1,17.0,15.0,165.0,2.0,167.0,92.0,74.6,112.0,80.0,84.0,171.0,28.7,107.6,1.7823547601334333,0.25757575757575757,0.02680965147453083,Moderate
75321,25,1,27.0,37.0,242.0,2.0,194.0,111.0,82.6,106.0,72.0,91.0,177.1,29.0,107.5,0.45855089434345525,0.27892561983471076,0.02421307506053269,Low
75324,80,2,22.0,19.0,156.0,2.0,200.0,121.0,78.6,148.0,68.0,94.1,162.1,35.8,108.4,2.588280074437107,0.3525641025641026,0.025445292620865142,Moderate
75325,64,1,40.0,33.0,257.0,2.0,207.0,111.0,95.6,102.0,76.0,99.7,182.9,29.8,120.6,1.7340031099088968,0.38910505836575876,0.020920502092050212,Moderate
75326,53,2,42.0,49.0,288.0,2.0,223.0,,,,,81.4,153.5,34.5,113.6,1.1041666666666667,0.3645833333333333,,Low
75327,34,1,19.0,26.0,226.0,2.0,211.0,135.0,75.6,114.0,84.0,96.4,178.1,30.4,103.9,0.5605797491118004,0.21017699115044247,0.026455026455026457,Low
75328,24,1,19.0,17.0,229.0,2.0,166.0,96.0,69.6,116.0,54.0,68.6,179.4,21.3,75.7,0.4829530350068464,0.20742358078602618,0.02873563218390805,Low
75329,43,2,17.0,13.0,352.0,2.0,214.0,130.0,83.6,,,86.4,156.1,35.5,106.6,0.5759742094327308,0.12073863636363635,0.023923444976076555,Low
75330,55,1,29.0,19.0,209.0,2.0,190.0,,,120.0,64.0,72.6,174.3,23.9,88.0,1.7508042848016554,0.34688995215311,,Moderate
75331,32,1,51.0,34.0,198.0,2.0,186.0,,,102.0,74.0,83.1,174.1,27.4,93.5,1.4135640957200728,0.6439393939393939,,Moderate
75332,28,2,22.0,24.0,212.0,2.0,175.0,118.0,56.6,118.0,74.0,124.9,169.2,43.6,123.1,0.5931154408625935,0.259433962264151,0.0353356890459364,Low
75333,44,1,18.0,24.0,225.0,2.0,193.0,95.0,97.6,110.0,76.0,78.8,163.2,29.6,101.1,0.718516991216399,0.2,0.020491803278688527,Low
75334,66,1,32.0,29.0,266.0,2.0,142.0,,,,,81.4,161.9,31.1,110.0,1.474393061014788,0.30075187969924816,,Moderate
75335,30,1,25.0,23.0,249.0,2.0,250.0,,,124.0,84.0,106.7,176.7,34.2,112.2,0.6280554640273337,0.25100401606425704,,Low
75337,74,2,16.0,13.0,444.0,2.0,257.0,,,166.0,82.0,91.9,168.4,32.4,104.1,0.7396002616336388,0.09009009009009009,,Low
75338,77,2,20.0,16.0,309.0,2.0,237.0,,,104.0,58.0,53.5,155.6,22.1,88.6,1.2459546925566343,0.16181229773462785,,Low
75339,34,1,22.0,23.0,197.0,2.0,241.0,165.0,75.6,104.0,76.0,115.0,176.3,37.0,119.0,0.7917197041354921,0.27918781725888325,0.026455026455026457,Low
75340,22,2,17.0,11.0,249.0,2.0,160.0,,,100.0,60.0,67.0,165.0,24.6,86.0,0.45287246133366904,0.1706827309236948,,Low
75342,73,1,23.0,25.0,175.0,2.0,157.0,,,120.0,36.0,80.6,169.9,27.9,98.2,1.9188571428571428,0.32857142857142857,,Moderate
75343,80,1,18.0,10.0,170.0,2.0,146.0,84.0,61.6,120.0,54.0,94.3,172.4,31.7,108.8,2.6786351944955684,0.2647058823529412,0.032467532467532464,High
75344,62,1,24.0,32.0,208.0,2.0,196.0,,,112.0,86.0,111.5,174.4,36.7,,1.264633281737479,0.28846153846153844,,Low
75345,54,2,20.0,17.0,217.0,2.0,204.0,,,,,93.3,167.1,33.4,111.7,1.2070897467246064,0.2304147465437788,,Low
75346,41,1,16.0,13.0,220.0,2.0,183.0,100.0,82.6,124.0,88.0,101.9,188.7,28.6,100.8,0.8270075652812507,0.18181818181818182,0.02421307506053269,Low
75347,62,2,18.0,13.0,333.0,2.0,207.0,,,134.0,60.0,96.9,163.1,36.4,99.8,0.9294976261071407,0.13513513513513514,,Low
75349,54,1,25.0,22.0,283.0,2.0,221.0,148.0,72.6,110.0,68.0,79.6,180.3,24.5,91.3,1.0170352193642194,0.2208480565371025,0.027548209366391185,Low
75350,80,2,36.0,24.0,138.0,2.0,173.0,73.0,99.6,150.0,64.0,79.2,158.5,31.5,118.0,4.259982161362049,0.6521739130434783,0.020080321285140562,High
75351,29,2,21.0,15.0,248.0,2.0,157.0,74.0,82.6,108.0,68.0,56.3,162.0,21.5,80.3,0.6340448542581497,0.2116935483870968,0.02421307506053269,Low
75352,30,1,26.0,19.0,260.0,2.0,173.0,,,116.0,46.0,89.8,179.4,27.9,90.7,0.6882472016116852,0.25,,Low
75356,80,2,16.0,10.0,284.0,2.0,192.0,,,,,72.2,157.2,29.2,,1.4252519031744808,0.14084507042253522,,Moderate
75358,40,1,25.0,23.0,228.0,2.0,180.0,,,106.0,78.0,79.2,163.6,29.6,93.2,0.9145369037590998,0.2741228070175438,,Low
75359,51,2,25.0,21.0,190.0,2.0,164.0,78.0,85.6,118.0,62.0,86.8,158.6,34.5,99.0,1.464356895004686,0.3289473684210526,0.023364485981308414,Moderate
75361,66,1,21.0,20.0,194.0,2.0,197.0,128.0,68.6,138.0,70.0,72.4,167.5,25.8,87.9,1.59752073031686,0.2706185567010309,0.02915451895043732,Moderate
75362,40,1,57.0,22.0,292.0,2.0,246.0,,,140.0,68.0,98.3,196.1,25.6,100.4,1.6647179222287392,0.488013698630137,,Moderate
75364,61,1,22.0,18.0,206.0,2.0,175.0,106.0,68.6,134.0,66.0,80.4,182.8,24.1,90.9,1.535497249761079,0.26699029126213597,0.02915451895043732,Moderate
75366,46,2,17.0,22.0,351.0,2.0,234.0,,,128.0,78.0,98.6,165.9,35.8,126.0,0.47499418857574743,0.12108262108262108,,Low
75370,25,1,22.0,20.0,217.0,2.0,154.0,62.0,91.6,106.0,74.0,70.7,181.1,21.6,83.8,0.5667453399193015,0.2534562211981567,0.02183406113537118,Low
75374,53,2,22.0,16.0,216.0,2.0,246.0,,,154.0,80.0,60.5,167.1,21.7,86.0,1.349537037037037,0.25462962962962965,,Moderate
75375,52,1,33.0,54.0,152.0,2.0,180.0,111.0,68.6,176.0,80.0,126.9,169.0,44.4,140.7,1.5363027772719053,0.5427631578947368,0.02915451895043732,Moderate
75376,41,2,20.0,20.0,337.0,2.0,198.0,,,138.0,86.0,61.3,170.0,21.2,81.0,0.5440877571364473,0.1483679525222552,,Low
75377,53,1,28.0,28.0,232.0,2.0,162.0,,,118.0,76.0,90.8,182.5,27.3,108.8,1.2088346507450285,0.3017241379310345,,Low
75379,53,2,24.0,39.0,290.0,2.0,200.0,,,110.0,84.0,77.0,164.1,28.6,103.1,0.7023552125519684,0.20689655172413793,,Low
75381,69,2,22.0,22.0,183.0,2.0,215.0,128.0,86.6,,,79.8,158.0,32.0,102.0,1.7685174176383422,0.3005464480874317,0.023094688221709007,Moderate
75382,54,1,16.0,17.0,300.0,2.0,161.0,115.0,45.6,,,91.4,178.6,28.7,104.1,0.6985026001046389,0.13333333333333336,0.043859649122807015,Low
75384,61,1,22.0,32.0,126.0,2.0,151.0,67.0,83.6,124.0,76.0,97.1,182.4,29.2,105.6,1.8828121038737038,0.4365079365079365,0.023923444976076555,Moderate
75385,46,2,18.0,16.0,255.0,2.0,205.0,127.0,77.6,138.0,78.0,86.8,170.5,29.9,99.7,0.8117647058823529,0.17647058823529413,0.025773195876288662,Low
75389,43,2,20.0,15.0,345.0,2.0,204.0,141.0,62.6,124.0,86.0,130.9,160.7,50.7,141.4,0.6436262179204596,0.14492753623188406,0.03194888178913738,Low
75390,36,1,73.0,113.0,237.0,2.0,209.0,108.0,100.6,144.0,96.0,88.9,176.3,28.6,94.5,1.0431284565873813,0.770042194092827,0.019880715705765408,Low
75391,31,2,24.0,19.0,274.0,2.0,206.0,130.0,75.6,108.0,76.0,91.4,163.2,34.3,111.2,0.6229390729915982,0.218978102189781,0.026455026455026457,Low
75393,30,2,20.0,15.0,298.0,2.0,166.0,91.0,74.6,94.0,56.0,98.6,176.0,31.8,110.8,0.5198635364036801,0.16778523489932887,0.02680965147453083,Low
75395,53,1,20.0,18.0,213.0,2.0,227.0,,,,,80.1,167.1,28.7,100.3,1.1729783850668865,0.2347417840375587,,Low
75397,62,2,17.0,15.0,266.0,2.0,209.0,112.0,96.6,138.0,72.0,87.6,161.8,33.5,110.8,1.0230888338101798,0.15977443609022557,0.020703933747412008,Low
75399,27,2,45.0,67.0,281.0,2.0,218.0,,,106.0,68.0,71.3,151.2,31.2,106.4,0.5282415476616044,0.400355871886121,,Low
75400,74,2,18.0,15.0,229.0,2.0,146.0,,,,,84.4,166.4,30.5,,1.501838083594841,0.19650655021834063,,Moderate
75403,27,2,16.0,13.0,612.0,2.0,134.0,84.0,49.6,128.0,72.0,128.9,168.0,45.7,144.7,0.19577653984419854,0.06535947712418301,0.04032258064516129,Low
75404,43,1,27.0,37.0,275.0,2.0,267.0,,,106.0,64.0,114.2,172.3,38.5,124.2,0.6940626336782539,0.24545454545454548,,Low
75405,19,2,17.0,19.0,370.0,2.0,135.0,68.0,66.6,124.0,76.0,113.1,159.6,44.4,118.8,0.20027373524376066,0.11486486486486486,0.030030030030030033,Low
75406,76,2,28.0,25.0,179.0,2.0,154.0,,,,,47.8,166.7,17.2,76.9,2.3776536312849164,0.3910614525139664,,Moderate
75407,23,2,17.0,9.0,161.0,2.0,151.0,81.0,69.6,108.0,64.0,59.6,167.8,21.2,78.3,0.8095238095238095,0.2639751552795031,0.02873563218390805,Low
75409,47,1,28.0,36.0,332.0,2.0,252.0,,,150.0,108.0,76.5,171.0,26.2,102.5,0.6606425702811245,0.21084337349397592,,Low
75413,18,2,22.0,13.0,270.0,2.0,179.0,103.0,75.6,104.0,72.0,46.5,167.8,16.5,66.2,0.40678014389850137,0.20370370370370372,0.026455026455026457,Low
75414,56,1,20.0,18.0,254.0,2.0,230.0,,,,,67.0,168.8,23.5,84.9,1.039317053712511,0.19685039370078738,,Low
75415,24,2,17.0,15.0,194.0,2.0,178.0,,,112.0,66.0,75.9,163.0,28.6,89.0,0.5430162217362976,0.2190721649484536,,Low
75416,61,1,17.0,17.0,204.0,2.0,196.0,128.0,67.6,122.0,56.0,117.5,171.6,39.9,135.0,1.232889427268026,0.20833333333333334,0.02958579881656805,Low
75418,64,1,24.0,22.0,238.0,2.0,202.0,134.0,67.6,154.0,76.0,83.4,174.2,27.5,93.7,1.3759508416899902,0.25210084033613445,0.02958579881656805,Moderate
75419,28,2,28.0,24.0,197.0,2.0,174.0,,,104.0,58.0,63.3,156.0,26.0,88.1,0.8123519282326614,0.35532994923857864,,Low
75422,41,2,15.0,12.0,234.0,2.0,146.0,,,120.0,78.0,93.1,162.5,35.3,102.8,0.7586974691273929,0.16025641025641024,,Low
75423,64,2,31.0,12.0,261.0,2.0,219.0,,,132.0,78.0,66.1,148.8,29.9,89.5,2.1943734369199572,0.29693486590038315,,Moderate
75424,42,1,26.0,39.0,162.0,2.0,232.0,,,116.0,72.0,87.8,178.5,27.6,101.0,1.0793823700935503,0.4012345679012346,,Low
75425,34,2,19.0,18.0,294.0,2.0,183.0,,,114.0,74.0,74.0,157.5,29.8,96.7,0.5179036061751812,0.16156462585034012,,Low
75426,24,1,25.0,18.0,261.0,2.0,138.0,,,,,83.2,181.9,25.1,82.0,0.5418442767713009,0.23946360153256704,,Low
75428,44,2,18.0,16.0,292.0,2.0,170.0,97.0,72.6,,,70.7,161.7,27.0,96.6,0.678082191780822,0.1541095890410959,0.027548209366391185,Low
75432,23,1,24.0,23.0,274.0,2.0,166.0,,,120.0,74.0,88.9,173.5,29.5,106.0,0.4200728341587784,0.218978102189781,,Low
75434,31,2,15.0,17.0,256.0,2.0,215.0,,,126.0,84.0,71.0,152.2,30.6,108.5,0.4405432251636517,0.146484375,,Low
75435,63,2,20.0,16.0,210.0,2.0,195.0,92.0,102.6,108.0,62.0,60.3,162.6,22.8,84.1,1.5,0.2380952380952381,0.019493177387914232,Moderate
75440,59,1,21.0,22.0,255.0,2.0,232.0,143.0,88.6,,,57.2,159.6,22.5,82.4,1.0359046571160837,0.2058823529411765,0.022573363431151242,Low
75443,74,1,20.0,18.0,118.0,2.0,167.0,,,130.0,62.0,113.2,180.2,34.9,122.5,2.9562656388590125,0.423728813559322,,High
75444,49,2,23.0,26.0,313.0,2.0,192.0,,,118.0,76.0,102.7,167.7,36.5,111.0,0.706143400321832,0.1837060702875399,,Low
75445,21,1,25.0,27.0,204.0,2.0,195.0,,,130.0,74.0,112.0,183.9,33.1,111.0,0.4952759662165907,0.30637254901960786,,Low
75446,23,1,21.0,27.0,157.0,2.0,193.0,,,112.0,64.0,64.5,166.1,23.4,92.0,0.5920598301880875,0.33439490445859876,,Low
75447,33,2,37.0,22.0,180.0,2.0,138.0,70.0,67.6,110.0,64.0,67.7,163.4,25.4,83.4,1.4462115259455575,0.513888888888889,0.02958579881656805,Moderate
75449,71,2,21.0,18.0,241.0,2.0,193.0,124.0,68.6,126.0,76.0,68.2,158.4,27.2,92.5,1.4582243578826313,0.21784232365145229,0.02915451895043732,Moderate
75450,21,2,24.0,15.0,142.0,2.0,185.0,,,114.0,70.0,77.6,166.6,28.0,96.1,0.9164242283983747,0.42253521126760557,,Low
75451,56,1,26.0,20.0,222.0,2.0,214.0,154.0,59.6,152.0,94.0,69.8,164.3,25.9,82.5,1.4665382771349973,0.2927927927927928,0.03355704697986577,Moderate
75456,80,1,20.0,17.0,358.0,2.0,162.0,95.0,66.6,92.0,54.0,72.7,175.3,23.7,98.2,1.0839581007210413,0.13966480446927373,0.030030030030030033,Low
75457,27,1,28.0,30.0,283.0,2.0,157.0,,,128.0,68.0,66.3,180.4,20.4,80.5,0.4877246801812787,0.24734982332155478,,Low
75458,61,1,22.0,24.0,239.0,2.0,133.0,,,110.0,62.0,123.2,182.0,37.2,133.0,1.1461698866161176,0.23012552301255232,,Low
75461,63,1,16.0,15.0,168.0,2.0,169.0,,,222.0,104.0,82.4,172.8,27.6,,1.5491933384829668,0.2380952380952381,,Moderate
75462,51,2,21.0,15.0,178.0,2.0,203.0,145.0,57.6,118.0,64.0,92.5,157.6,37.2,108.0,1.5535450051640984,0.2949438202247191,0.034722222222222224,Moderate
75465,55,2,23.0,15.0,157.0,2.0,176.0,,,118.0,78.0,57.9,156.6,23.6,88.5,2.080392328217572,0.3662420382165605,,Moderate
75467,39,2,12.0,11.0,280.0,2.0,237.0,163.0,73.6,106.0,72.0,74.2,169.6,25.8,94.2,0.5039546759371192,0.10714285714285715,0.027173913043478264,Low
75468,54,1,25.0,28.0,167.0,2.0,168.0,,,130.0,80.0,110.8,178.9,34.6,116.1,1.5277007142588526,0.37425149700598803,,Moderate
75472,61,2,20.0,18.0,270.0,2.0,211.0,124.0,86.6,134.0,70.0,101.5,156.5,41.4,110.7,1.0650250284538123,0.1851851851851852,0.023094688221709007,Low
75473,69,2,23.0,18.0,203.0,2.0,196.0,,,112.0,54.0,81.3,168.9,28.5,102.8,1.842657572648688,0.2832512315270936,,Moderate
75476,25,2,18.0,19.0,179.0,2.0,140.0,80.0,59.6,102.0,56.0,55.6,163.0,20.9,73.9,0.5767434650377251,0.25139664804469275,0.03355704697986577,Low
75479,66,1,60.0,34.0,220.0,2.0,162.0,,,128.0,66.0,91.8,183.6,27.2,,3.086974532565159,0.6818181818181818,,High
75482,52,2,35.0,38.0,200.0,2.0,236.0,,,128.0,76.0,68.6,152.8,29.4,97.5,1.4762149322899392,0.43750000000000006,,Moderate
75483,57,1,87.0,79.0,140.0,2.0,152.0,,,120.0,80.0,90.0,172.2,30.4,112.2,3.9852220719229665,1.5535714285714284,,High
75486,37,1,52.0,76.0,335.0,2.0,190.0,,,138.0,80.0,102.7,170.7,35.2,116.7,0.6587998089059116,0.3880597014925373,,Low
75487,51,1,24.0,21.0,277.0,2.0,188.0,103.0,84.6,122.0,74.0,62.5,172.0,21.1,77.7,0.9642552261691505,0.21660649819494585,0.023640661938534282,Low
75490,28,1,20.0,16.0,271.0,2.0,139.0,,,114.0,60.0,68.6,163.1,25.8,91.5,0.5166051660516605,0.18450184501845018,,Low
75491,57,1,24.0,30.0,167.0,2.0,124.0,63.0,60.6,120.0,74.0,78.7,170.2,27.2,100.2,1.4955777618105133,0.3592814371257485,0.033003300330033,Moderate
75492,27,1,21.0,19.0,208.0,2.0,181.0,113.0,67.6,112.0,60.0,98.2,183.2,29.3,101.0,0.6253784668490794,0.25240384615384615,0.02958579881656805,Low
75495,66,1,25.0,32.0,226.0,2.0,119.0,78.0,40.6,130.0,72.0,144.0,182.7,43.1,140.6,1.2906263152188089,0.27654867256637167,0.04926108374384236,Low
75496,72,1,24.0,22.0,112.0,2.0,124.0,,,148.0,80.0,78.5,183.3,23.4,84.5,3.2893824809151324,0.5357142857142857,,High
75498,69,2,15.0,8.0,212.0,2.0,173.0,106.0,66.6,174.0,72.0,99.9,159.4,39.3,120.5,1.7260743361511242,0.1768867924528302,0.030030030030030033,Moderate
75499,60,1,38.0,28.0,234.0,2.0,166.0,,,150.0,110.0,94.5,183.2,28.2,102.6,1.8413653813270043,0.40598290598290593,,Moderate
75500,75,2,17.0,12.0,218.0,2.0,240.0,145.0,94.6,146.0,42.0,70.2,161.9,26.8,100.2,1.6883522780201212,0.19495412844036697,0.021141649048625793,Moderate
75504,33,2,18.0,17.0,257.0,2.0,235.0,,,114.0,66.0,91.6,170.9,31.4,105.3,0.5605687209010964,0.17509727626459146,,Low
75505,67,1,23.0,25.0,131.0,2.0,131.0,56.0,74.6,144.0,88.0,71.6,173.2,23.9,92.4,2.352671755725191,0.4389312977099236,0.02680965147453083,Moderate
75506,25,2,41.0,67.0,168.0,2.0,115.0,56.0,58.6,118.0,70.0,97.3,169.2,34.0,109.4,0.7453790503881718,0.6101190476190476,0.034129692832764506,Low
75507,21,2,17.0,12.0,241.0,2.0,154.0,,,106.0,66.0,63.3,159.1,25.0,79.7,0.4276225022836025,0.17634854771784234,,Low
75511,49,2,18.0,16.0,233.0,2.0,209.0,,,130.0,80.0,78.6,162.0,29.9,93.3,0.9463519313304721,0.19313304721030042,,Low
75515,21,1,20.0,15.0,237.0,2.0,180.0,,,116.0,64.0,70.9,169.5,24.7,82.3,0.457567652716488,0.21097046413502107,,Low
75517,20,2,21.0,21.0,238.0,2.0,117.0,,,,,48.7,147.0,22.5,80.3,0.3850903945341042,0.22058823529411764,,Low
75519,44,2,19.0,15.0,224.0,2.0,166.0,78.0,87.6,116.0,74.0,84.2,163.0,31.7,96.1,0.9636351420920835,0.21205357142857142,0.022831050228310504,Low
75521,49,2,33.0,30.0,214.0,2.0,187.0,117.0,69.6,116.0,68.0,68.6,148.6,31.1,99.2,1.379544198576096,0.38551401869158874,0.02873563218390805,Moderate
75523,58,1,28.0,21.0,159.0,2.0,163.0,,,138.0,78.0,64.7,175.3,21.1,87.0,2.228841847441834,0.44025157232704404,,Moderate
75524,48,1,39.0,41.0,243.0,2.0,192.0,,,120.0,84.0,81.9,172.3,27.6,96.0,1.203116387882595,0.4012345679012346,,Low
75526,20,1,32.0,38.0,235.0,2.0,217.0,143.0,73.6,,,91.6,171.1,31.3,,0.44179450861143843,0.34042553191489366,0.027173913043478264,Low
75527,58,2,20.0,19.0,350.0,2.0,139.0,63.0,75.6,118.0,70.0,144.6,161.1,55.7,154.4,0.7603492893995761,0.14285714285714285,0.026455026455026457,Low
75528,39,2,18.0,14.0,314.0,2.0,213.0,135.0,77.6,102.0,70.0,84.5,154.0,35.6,104.4,0.5975076172691781,0.14331210191082805,0.025773195876288662,Low
75529,48,1,18.0,20.0,232.0,2.0,165.0,,,126.0,76.0,121.2,179.8,37.5,118.2,0.8327425571378527,0.1939655172413793,,Low
75531,37,2,24.0,27.0,304.0,2.0,223.0,150.0,72.6,134.0,78.0,149.6,169.0,52.4,149.1,0.5621568410530566,0.19736842105263158,0.027548209366391185,Low
75532,36,1,27.0,26.0,221.0,2.0,222.0,152.0,69.6,118.0,70.0,89.4,169.0,31.3,103.5,0.862556033277443,0.3054298642533937,0.02873563218390805,Low
75533,21,1,24.0,28.0,201.0,2.0,163.0,90.0,72.6,118.0,58.0,61.9,172.8,20.7,76.4,0.47386590645932963,0.2985074626865672,0.027548209366391185,Low
75534,20,2,17.0,11.0,199.0,2.0,145.0,76.0,68.6,106.0,54.0,85.9,160.2,33.5,94.5,0.5151450108363801,0.2135678391959799,0.02915451895043732,Low
75537,42,2,19.0,16.0,288.0,2.0,211.0,,,112.0,62.0,54.1,153.6,22.9,83.3,0.6927083333333334,0.16493055555555555,,Low
75538,36,2,23.0,21.0,238.0,2.0,153.0,,,152.0,84.0,70.5,143.6,34.2,106.2,0.759178206367234,0.24159663865546216,,Low
75539,19,2,16.0,12.0,229.0,2.0,166.0,100.0,65.6,104.0,52.0,79.8,164.7,29.4,97.3,0.38321939264988264,0.17467248908296942,0.030487804878048783,Low
75542,74,2,20.0,20.0,243.0,2.0,187.0,106.0,80.6,136.0,64.0,70.1,160.4,27.2,96.1,1.3618850233332054,0.205761316872428,0.02481389578163772,Moderate
75543,66,2,23.0,32.0,192.0,2.0,214.0,134.0,79.6,,,88.9,163.7,33.2,105.2,1.397640747189035,0.29947916666666663,0.02512562814070352,Moderate
75544,26,1,17.0,14.0,216.0,2.0,272.0,,,118.0,56.0,70.3,166.3,25.4,86.7,0.5468956894689425,0.19675925925925924,,Low
75546,37,2,14.0,12.0,238.0,2.0,146.0,,,126.0,82.0,92.9,172.0,31.4,105.0,0.6282929400004751,0.14705882352941177,,Low
75547,62,2,21.0,15.0,184.0,2.0,203.0,,,138.0,92.0,69.4,157.1,28.1,99.1,1.8270377959282813,0.28532608695652173,,Moderate
75549,38,2,19.0,20.0,272.0,2.0,164.0,77.0,86.6,116.0,64.0,43.9,153.8,18.6,68.7,0.593544514615753,0.17463235294117646,0.023094688221709007,Low
75550,21,2,36.0,43.0,241.0,2.0,160.0,,,112.0,68.0,58.0,160.2,22.6,86.7,0.478377257972818,0.37344398340248963,,Low
75552,80,2,114.0,106.0,70.0,2.0,167.0,,,132.0,54.0,85.4,154.9,35.6,115.0,12.654467235283212,4.071428571428572,,High
75553,80,2,12.0,10.0,231.0,2.0,230.0,,,122.0,48.0,84.6,166.3,30.6,115.6,1.314193313316729,0.12987012987012986,,Moderate
75555,58,2,21.0,17.0,311.0,2.0,246.0,,,126.0,88.0,162.1,144.6,77.5,,0.9498662099493683,0.16881028938906753,,Low
75556,22,1,17.0,19.0,258.0,2.0,175.0,,,120.0,66.0,72.8,164.4,26.9,89.5,0.3325638932852329,0.16472868217054262,,Low
75557,50,2,20.0,17.0,348.0,2.0,255.0,168.0,86.6,140.0,82.0,87.6,163.3,32.8,109.5,0.6969414512538303,0.14367816091954022,0.023094688221709007,Low
75558,37,1,29.0,44.0,203.0,2.0,145.0,,,108.0,76.0,96.7,178.7,30.3,102.7,0.7968514106698039,0.35714285714285715,,Low
75562,66,1,20.0,16.0,159.0,2.0,172.0,113.0,58.6,158.0,70.0,84.3,182.2,25.4,103.0,2.0754716981132075,0.3144654088050315,0.034129692832764506,Moderate
75563,51,2,23.0,18.0,198.0,2.0,153.0,62.0,90.6,120.0,78.0,49.9,159.2,19.7,78.7,1.39635733052495,0.2904040404040404,0.02207505518763797,Moderate
75566,28,1,17.0,14.0,230.0,2.0,209.0,,,110.0,64.0,69.9,177.0,22.3,85.7,0.5531145702187565,0.18478260869565216,,Low
75567,29,2,20.0,14.0,259.0,2.0,198.0,,,114.0,76.0,50.3,152.8,21.5,82.5,0.5985000784139234,0.19305019305019305,,Low
75571,57,1,22.0,13.0,180.0,2.0,163.0,101.0,61.6,,,71.4,162.6,27.0,93.8,1.9322056835178816,0.3055555555555556,0.032467532467532464,Moderate
75572,68,2,19.0,17.0,283.0,2.0,173.0,103.0,69.6,132.0,58.0,69.2,155.8,28.5,96.7,1.1072651150068629,0.16784452296819788,0.02873563218390805,Low
75573,67,2,22.0,26.0,207.0,2.0,230.0,126.0,103.6,136.0,50.0,95.7,157.8,38.4,125.5,1.3964984695347018,0.26570048309178745,0.019305019305019305,Moderate
75576,47,1,16.0,24.0,141.0,2.0,184.0,121.0,62.6,138.0,92.0,93.5,186.4,26.9,102.7,1.0886621079036347,0.28368794326241137,0.03194888178913738,Low
75579,60,1,26.0,38.0,246.0,2.0,142.0,,,,,105.7,162.8,39.9,121.0,1.0287212071706893,0.26422764227642276,,Low
75581,74,2,26.0,21.0,176.0,2.0,138.0,,,128.0,52.0,79.0,155.9,32.5,115.3,2.3855183000798257,0.3693181818181818,,Moderate
75584,52,2,21.0,17.0,239.0,2.0,166.0,,,,,84.7,165.8,30.8,106.0,1.108154403931697,0.21966527196652721,,Low
75585,31,1,26.0,21.0,254.0,2.0,246.0,,,102.0,54.0,76.0,171.8,25.7,88.5,0.6924551950008262,0.2559055118110236,,Low
75588,32,1,25.0,40.0,218.0,2.0,218.0,,,102.0,62.0,106.8,179.1,33.3,113.3,0.5802344330584182,0.286697247706422,,Low
75590,45,1,24.0,15.0,180.0,2.0,146.0,,,118.0,80.0,64.7,170.1,22.4,78.8,1.5491933384829668,0.3333333333333333,,Moderate
75591,38,1,20.0,16.0,201.0,2.0,171.0,,,106.0,64.0,91.5,169.6,31.8,107.6,0.945273631840796,0.24875621890547264,,Low
75592,69,2,24.0,19.0,239.0,2.0,224.0,145.0,78.6,134.0,78.0,46.6,155.3,19.3,70.7,1.5895918631366122,0.2510460251046025,0.025445292620865142,Moderate
75593,34,2,14.0,12.0,365.0,2.0,182.0,,,,,93.4,146.4,43.6,,0.3764640111428245,0.0958904109589041,,Low
75594,26,2,21.0,17.0,184.0,2.0,174.0,107.0,66.6,106.0,64.0,65.0,171.8,22.0,77.9,0.7196981047273794,0.28532608695652173,0.030030030030030033,Low
75595,21,1,36.0,41.0,159.0,2.0,224.0,,,122.0,76.0,79.3,172.8,26.6,90.4,0.7425620376590326,0.5660377358490567,,Low
75596,35,1,20.0,20.0,283.0,2.0,120.0,,,126.0,88.0,111.5,188.9,31.2,114.7,0.5530910191695593,0.17667844522968199,,Low
75598,62,2,37.0,41.0,317.0,2.0,200.0,109.0,90.6,132.0,72.0,70.8,156.1,29.1,97.0,1.1301659614273258,0.2917981072555205,0.02207505518763797,Low
75601,61,1,29.0,27.0,250.0,2.0,121.0,,,,,78.9,166.7,28.4,101.0,1.3617768349285972,0.29,,Moderate
75607,64,1,33.0,17.0,38.0,2.0,111.0,,,120.0,56.0,100.5,175.3,32.7,116.9,13.479874738861454,2.1710526315789473,,High
75609,80,2,36.0,26.0,190.0,2.0,210.0,67.0,142.6,122.0,66.0,56.1,148.1,25.6,83.5,2.9727077326208953,0.4736842105263158,0.014025245441795233,High
75610,56,1,29.0,43.0,250.0,2.0,152.0,96.0,55.6,118.0,70.0,94.4,179.7,29.2,113.1,0.9906307128805999,0.29,0.03597122302158273,Low
75612,61,2,19.0,17.0,189.0,2.0,234.0,,,114.0,64.0,63.4,170.0,21.9,82.2,1.4872951821011107,0.25132275132275134,,Moderate
75613,55,2,24.0,15.0,305.0,2.0,183.0,103.0,79.6,118.0,48.0,85.1,158.3,34.0,104.6,1.1174509326762383,0.19672131147540983,0.02512562814070352,Low
75616,30,1,882.0,317.0,216.0,2.0,128.0,74.0,53.6,114.0,62.0,110.2,186.1,31.8,118.5,6.880285464696198,10.208333333333334,0.03731343283582089,High
75619,36,1,33.0,42.0,222.0,2.0,195.0,,,120.0,88.0,78.8,169.7,27.4,95.5,0.825731440337681,0.3716216216216216,,Low
75620,52,2,27.0,10.0,134.0,2.0,177.0,,,138.0,80.0,49.4,165.2,18.1,74.0,3.3133118170719436,0.503731343283582,,High
75621,59,2,29.0,24.0,273.0,2.0,204.0,144.0,59.6,118.0,54.0,70.7,162.0,26.9,92.4,1.2793275182851094,0.26556776556776557,0.03355704697986577,Low
75624,21,2,18.0,17.0,286.0,2.0,147.0,76.0,70.6,122.0,58.0,103.8,167.6,37.0,112.2,0.3205540778452233,0.15734265734265734,0.028328611898017,Low
75625,60,2,16.0,17.0,263.0,2.0,156.0,89.0,66.6,112.0,52.0,106.1,158.2,42.4,131.6,0.8853011408170329,0.15209125475285173,0.030030030030030033,Low
75628,70,2,14.0,12.0,224.0,2.0,241.0,,,128.0,64.0,80.9,169.5,28.2,103.8,1.2629537138523064,0.15625,,Low
75630,59,2,27.0,22.0,178.0,2.0,176.0,,,132.0,84.0,68.4,155.4,28.3,95.0,1.9080266356993676,0.37921348314606745,,Moderate
75631,72,2,22.0,18.0,206.0,2.0,280.0,173.0,106.6,138.0,70.0,75.6,164.9,27.8,98.7,1.8123901964393065,0.26699029126213597,0.01876172607879925,Moderate
75635,60,2,32.0,24.0,270.0,2.0,181.0,,,,,58.5,162.3,22.2,88.0,1.4515494772048463,0.29629629629629634,,Moderate
75636,35,2,22.0,28.0,252.0,2.0,180.0,114.0,65.6,118.0,66.0,94.6,162.6,35.8,96.0,0.577445722652986,0.21825396825396826,0.030487804878048783,Low
75637,70,2,21.0,24.0,371.0,,140.0,59.0,,138.0,52.0,106.1,163.2,39.8,125.8,0.8087937829944456,0.14150943396226418,,Low
75640,22,2,15.0,12.0,263.0,2.0,193.0,,,,,133.4,155.8,55.0,151.9,0.3622159483509059,0.14258555133079848,,Low
75641,49,2,24.0,15.0,189.0,2.0,201.0,,,106.0,74.0,59.6,169.5,20.7,74.6,1.6065708695378913,0.31746031746031744,,Moderate
75643,43,2,14.0,22.0,275.0,2.0,187.0,,,132.0,68.0,58.7,161.4,22.5,83.2,0.4667157499857363,0.12727272727272726,,Low
75644,69,1,41.0,54.0,211.0,2.0,185.0,105.0,79.6,128.0,72.0,70.8,163.3,26.5,91.7,1.8245409379498712,0.485781990521327,0.02512562814070352,Moderate
75646,20,1,22.0,31.0,284.0,2.0,188.0,,,100.0,42.0,83.0,173.4,27.6,98.2,0.27826173553444,0.19366197183098594,,Low
75647,28,1,20.0,23.0,251.0,2.0,195.0,116.0,78.6,112.0,68.0,66.2,176.2,21.3,82.4,0.4652114417209636,0.199203187250996,0.025445292620865142,Low
75648,18,2,37.0,48.0,248.0,2.0,189.0,,,94.0,56.0,53.9,153.7,22.8,81.7,0.387616208951906,0.37298387096774194,,Low
75653,40,1,20.0,24.0,252.0,2.0,236.0,,,132.0,86.0,90.4,187.7,25.7,100.2,0.6480131594664493,0.1984126984126984,,Low
75654,49,2,15.0,14.0,333.0,2.0,247.0,,,156.0,100.0,93.2,165.4,34.1,115.4,0.589900939356252,0.11261261261261261,,Low
75655,29,1,24.0,22.0,227.0,2.0,222.0,,,122.0,48.0,80.7,162.4,30.6,100.3,0.6536903021299774,0.2643171806167401,,Low
75660,59,2,17.0,20.0,197.0,2.0,204.0,,,150.0,72.0,92.6,170.2,32.0,103.4,1.1384650667168978,0.21573604060913706,,Low
75662,44,2,21.0,13.0,341.0,2.0,182.0,91.0,90.6,104.0,56.0,71.5,165.6,26.1,93.2,0.7515292981116009,0.15395894428152493,0.02207505518763797,Low
75663,54,2,23.0,21.0,217.0,2.0,257.0,,,116.0,84.0,61.2,161.8,23.4,86.5,1.2489705975719012,0.2649769585253456,,Low
75664,31,2,19.0,16.0,76.0,2.0,230.0,172.0,57.6,,,89.0,162.3,33.8,99.6,1.9375,0.625,0.034722222222222224,Moderate
75666,37,1,209.0,54.0,168.0,2.0,144.0,,,,,87.4,173.3,29.1,91.2,6.263857202692565,3.1101190476190474,,High
75667,46,2,18.0,13.0,224.0,2.0,248.0,,,94.0,70.0,51.8,151.5,22.6,80.1,1.025204826951986,0.20089285714285718,,Low
75669,64,1,19.0,20.0,225.0,2.0,256.0,163.0,92.6,122.0,76.0,65.1,171.3,22.2,88.5,1.2084705158398863,0.21111111111111108,0.021598272138228944,Low
75670,27,2,17.0,21.0,291.0,2.0,165.0,94.0,70.6,106.0,64.0,77.9,163.3,29.2,90.5,0.3441993526402767,0.14604810996563575,0.028328611898017,Low
75674,60,1,21.0,10.0,360.0,2.0,155.0,,,126.0,74.0,80.3,168.4,28.3,87.7,1.1067971810589328,0.14583333333333334,,Low
75679,41,2,21.0,13.0,218.0,2.0,260.0,,,106.0,62.0,70.9,167.8,25.2,90.9,1.0954056627291795,0.2408256880733945,,Low
75682,29,1,19.0,21.0,237.0,2.0,166.0,110.0,55.6,114.0,68.0,98.0,176.0,31.6,100.2,0.5073335760338895,0.20042194092827004,0.03597122302158273,Low
75683,23,1,18.0,17.0,212.0,2.0,197.0,110.0,86.6,122.0,54.0,60.4,172.1,20.4,82.5,0.47363089040114076,0.21226415094339623,0.023094688221709007,Low
75684,33,2,40.0,39.0,229.0,2.0,116.0,,,102.0,74.0,82.3,171.3,28.0,97.8,0.9230094455140394,0.43668122270742354,,Low
75685,62,2,23.0,16.0,416.0,2.0,168.0,,,116.0,66.0,79.9,161.0,30.8,98.3,0.8569711538461539,0.13822115384615383,,Low
75686,41,1,31.0,41.0,237.0,2.0,186.0,,,122.0,74.0,111.9,185.2,32.6,105.9,0.8375394572169549,0.3270042194092827,,Low
75688,57,2,54.0,52.0,191.0,2.0,191.0,119.0,71.6,120.0,68.0,72.4,148.0,33.1,96.0,2.234773827200596,0.7068062827225131,0.02793296089385475,Moderate
75689,58,1,25.0,25.0,197.0,2.0,195.0,132.0,62.6,,,80.0,181.5,24.3,97.9,1.4720812182741116,0.31725888324873097,0.03194888178913738,Moderate
75690,34,1,20.0,18.0,152.0,2.0,174.0,97.0,76.6,138.0,84.0,63.1,167.6,22.5,76.7,1.0544574807167815,0.3289473684210526,0.026109660574412535,Low
75691,70,2,22.0,14.0,182.0,2.0,271.0,,,122.0,56.0,77.3,160.0,30.2,109.3,2.261441277720514,0.30219780219780223,,Moderate
75692,18,1,24.0,12.0,275.0,2.0,183.0,,,118.0,72.0,132.7,183.3,39.5,120.6,0.453482393254397,0.2181818181818182,,Low
75695,74,2,17.0,19.0,237.0,2.0,206.0,,,134.0,66.0,50.8,150.5,22.4,92.4,1.21774258738045,0.1793248945147679,,Low
75696,80,2,26.0,19.0,287.0,2.0,231.0,,,,,63.4,153.6,26.9,95.7,1.66266455209327,0.22648083623693382,,Moderate
75698,22,1,21.0,20.0,234.0,2.0,167.0,112.0,54.6,134.0,90.0,118.8,184.8,34.8,111.8,0.44148008786534304,0.2243589743589744,0.03663003663003663,Low
75699,62,2,31.0,31.0,205.0,2.0,211.0,121.0,89.6,128.0,66.0,56.4,154.7,23.6,86.9,1.6839092219290799,0.37804878048780494,0.022321428571428572,Moderate
75700,68,1,19.0,19.0,245.0,2.0,179.0,,,144.0,72.0,60.3,157.1,24.4,90.3,1.2098168496357788,0.19387755102040816,,Low
75702,59,2,23.0,20.0,221.0,2.0,200.0,119.0,80.6,112.0,78.0,126.3,167.7,44.9,133.0,1.3730064459127667,0.2601809954751131,0.02481389578163772,Moderate
75704,24,1,28.0,24.0,236.0,2.0,157.0,,,128.0,62.0,62.6,172.8,21.0,79.0,0.5812348542197373,0.2966101694915254,,Low
75705,50,2,17.0,16.0,237.0,2.0,154.0,65.0,88.6,116.0,76.0,68.2,169.8,23.7,85.9,0.8966244725738397,0.1793248945147679,0.022573363431151242,Low
75706,44,2,25.0,22.0,266.0,2.0,175.0,106.0,68.6,138.0,74.0,86.9,163.2,32.6,100.3,0.8816570977111708,0.2349624060150376,0.02915451895043732,Low
75709,30,2,31.0,17.0,304.0,2.0,159.0,66.0,92.6,108.0,68.0,62.3,169.6,21.7,80.4,0.7419675371177292,0.2549342105263158,0.021598272138228944,Low
75710,35,1,25.0,38.0,314.0,2.0,136.0,74.0,61.6,120.0,82.0,119.9,170.9,41.1,117.9,0.45205013850132875,0.19904458598726116,0.032467532467532464,Low
75714,54,1,27.0,33.0,163.0,2.0,188.0,97.0,90.6,124.0,62.0,67.5,168.2,23.9,88.8,1.5570872538859353,0.4141104294478528,0.02207505518763797,Moderate
75717,80,2,20.0,14.0,184.0,2.0,146.0,,,136.0,68.0,68.2,154.8,28.5,,2.324010799238473,0.2717391304347826,,Moderate
75721,32,1,33.0,28.0,264.0,2.0,251.0,213.0,37.6,118.0,56.0,97.6,172.9,32.6,100.2,0.7559289460184545,0.3125,0.05319148936170213,Low
75723,55,2,23.0,19.0,435.0,2.0,254.0,175.0,78.6,110.0,78.0,93.8,163.0,35.3,116.5,0.6671515019454267,0.132183908045977,0.025445292620865142,Low
75724,66,1,39.0,45.0,145.0,2.0,149.0,72.0,76.6,,,84.6,169.3,29.5,107.1,2.6462707926825098,0.6724137931034483,0.026109660574412535,Moderate
75725,24,1,24.0,21.0,237.0,2.0,166.0,,,116.0,68.0,72.6,176.5,23.3,85.3,0.5303523408267157,0.25316455696202533,,Low
75726,33,1,22.0,26.0,168.0,2.0,191.0,,,118.0,70.0,81.6,167.5,29.1,,0.8475018697042953,0.3273809523809524,,Low
75735,19,1,275.0,121.0,209.0,2.0,222.0,146.0,75.6,140.0,84.0,77.5,165.0,28.5,90.5,2.272727272727273,3.289473684210526,0.026455026455026457,Moderate
75737,20,2,23.0,17.0,264.0,2.0,199.0,130.0,68.6,110.0,36.0,54.4,155.9,22.4,79.4,0.42259995271482265,0.21780303030303028,0.02915451895043732,Low
75738,47,1,39.0,46.0,270.0,2.0,311.0,,,,,92.7,162.9,34.9,112.0,1.000967057896024,0.3611111111111111,,Low
75742,37,1,22.0,31.0,196.0,2.0,250.0,,,124.0,84.0,91.2,173.7,30.2,103.6,0.7459118155601775,0.2806122448979592,,Low
75743,36,2,23.0,26.0,229.0,2.0,144.0,78.0,65.6,108.0,72.0,53.6,143.8,25.9,85.9,0.7091011349101153,0.25109170305676853,0.030487804878048783,Low
75744,72,2,19.0,13.0,258.0,2.0,155.0,70.0,84.6,,,60.5,157.5,24.4,101.0,1.470600520225026,0.18410852713178294,0.023640661938534282,Moderate
75745,44,2,18.0,17.0,255.0,2.0,178.0,,,110.0,76.0,70.2,168.0,24.9,93.2,0.7532871177599048,0.17647058823529413,,Low
75747,18,1,37.0,68.0,272.0,2.0,164.0,81.0,82.6,112.0,66.0,96.3,182.3,29.0,104.6,0.29692780565109883,0.3400735294117647,0.02421307506053269,Low
75749,69,1,27.0,26.0,195.0,2.0,166.0,,,134.0,72.0,67.5,157.0,27.4,102.0,1.8736633833971121,0.34615384615384615,,Moderate
75750,70,1,31.0,25.0,166.0,2.0,224.0,,,122.0,74.0,78.6,169.6,27.3,99.7,2.6144578313253013,0.4668674698795181,,Moderate
75751,47,1,36.0,43.0,209.0,2.0,227.0,,,128.0,72.0,85.0,173.8,28.1,99.5,1.2345817272859672,0.43062200956937796,,Low
75753,19,1,28.0,28.0,305.0,2.0,197.0,112.0,84.6,106.0,58.0,52.8,164.2,19.6,72.9,0.32963458957526043,0.22950819672131148,0.023640661938534282,Low
75754,55,1,18.0,26.0,147.0,2.0,199.0,125.0,73.6,122.0,76.0,81.7,168.8,28.7,104.6,1.3207821346040964,0.30612244897959184,0.027173913043478264,Moderate
75755,41,2,18.0,17.0,192.0,2.0,139.0,,,120.0,72.0,87.1,165.5,31.8,107.6,0.932246308733405,0.234375,,Low
75758,47,1,17.0,11.0,280.0,2.0,197.0,121.0,75.6,110.0,56.0,66.1,179.3,20.6,86.2,0.8603841582772612,0.15178571428571427,0.026455026455026457,Low
75762,61,2,19.0,21.0,289.0,2.0,139.0,59.0,79.6,122.0,76.0,85.1,164.9,31.3,103.5,0.875136798558876,0.1643598615916955,0.02512562814070352,Low
75763,32,1,25.0,30.0,252.0,2.0,185.0,,,122.0,74.0,94.3,179.5,29.3,99.8,0.5796005899525567,0.248015873015873,,Low
75768,46,1,24.0,23.0,252.0,2.0,218.0,,,104.0,62.0,49.7,155.7,20.5,,0.9134917187262324,0.23809523809523808,,Low
75769,72,1,22.0,21.0,356.0,2.0,184.0,,,114.0,58.0,76.7,180.4,23.6,104.8,0.9709470172298088,0.15449438202247193,,Low
75771,70,1,25.0,26.0,188.0,2.0,121.0,,,128.0,72.0,90.9,169.5,31.6,114.0,1.8255491302756495,0.3324468085106383,,Moderate
75773,19,2,19.0,26.0,225.0,2.0,227.0,,,94.0,52.0,58.1,173.4,19.3,77.9,0.3146574434883753,0.21111111111111108,,Low
75774,80,1,29.0,18.0,144.0,2.0,137.0,51.0,85.6,116.0,68.0,71.5,168.7,25.1,103.7,3.7974253063722,0.5034722222222222,0.023364485981308414,High
75775,41,1,18.0,25.0,175.0,2.0,190.0,132.0,57.6,94.0,56.0,75.9,178.3,23.9,86.6,0.8434285714285714,0.2571428571428571,0.034722222222222224,Low
75776,21,2,17.0,19.0,256.0,2.0,301.0,,,98.0,58.0,83.5,167.3,29.8,111.9,0.3199274101241818,0.166015625,,Low
75779,29,1,26.0,39.0,214.0,2.0,128.0,,,118.0,88.0,160.2,168.6,56.4,153.9,0.5641898503225967,0.3037383177570093,,Low
75781,65,1,23.0,25.0,184.0,2.0,121.0,,,166.0,80.0,119.8,172.2,40.4,132.3,1.625,0.3125,,Moderate
75785,22,2,21.0,17.0,315.0,2.0,211.0,,,98.0,72.0,84.2,162.1,32.0,87.5,0.355718916719955,0.16666666666666669,,Low
75786,54,2,16.0,13.0,231.0,2.0,198.0,,,130.0,78.0,79.9,157.3,32.3,111.3,1.0373614059277012,0.17316017316017315,,Low
75787,72,1,19.0,16.0,241.0,2.0,234.0,152.0,81.6,128.0,72.0,98.2,176.3,31.6,103.8,1.4190871369294606,0.1970954356846473,0.02450980392156863,Moderate
75789,58,1,15.0,20.0,158.0,2.0,134.0,75.0,58.6,106.0,74.0,100.4,191.0,27.5,109.9,1.2312526205220362,0.23734177215189875,0.034129692832764506,Low
75790,28,2,18.0,25.0,209.0,2.0,213.0,138.0,74.6,92.0,54.0,70.3,161.0,27.1,99.8,0.48229665071770333,0.21531100478468898,0.02680965147453083,Low
75792,42,1,29.0,30.0,184.0,2.0,202.0,,,130.0,74.0,95.1,174.7,31.2,107.5,1.2085617301472686,0.39402173913043476,,Low
75795,79,1,21.0,23.0,205.0,2.0,184.0,99.0,84.6,142.0,70.0,87.9,169.4,30.6,117.5,1.6874410386374978,0.25609756097560976,0.023640661938534282,Moderate
75799,22,2,20.0,24.0,287.0,2.0,196.0,,,108.0,64.0,78.2,166.7,28.1,98.0,0.31294294042526083,0.17421602787456447,,Low
75803,40,1,27.0,26.0,297.0,2.0,200.0,,,120.0,72.0,94.8,178.3,29.8,,0.7131495823206693,0.2272727272727273,,Low
75805,53,2,19.0,14.0,325.0,2.0,297.0,215.0,81.6,118.0,76.0,45.4,163.9,16.9,77.2,0.8280986787871119,0.14615384615384613,0.02450980392156863,Low
75807,32,2,17.0,25.0,342.0,2.0,198.0,,,104.0,70.0,58.9,168.5,20.7,76.2,0.31812865497076026,0.12426900584795321,,Low
75808,75,1,39.0,29.0,122.0,2.0,136.0,,,138.0,56.0,88.1,178.0,27.8,112.4,4.452121837441612,0.7991803278688524,,High
75814,28,1,45.0,71.0,241.0,2.0,244.0,169.0,74.6,112.0,82.0,122.0,171.4,41.5,123.5,0.6204750578108943,0.46680497925311204,0.02680965147453083,Low
75817,53,2,61.0,63.0,71.0,2.0,194.0,,,116.0,54.0,41.5,153.8,17.5,69.7,5.7368973767081295,2.147887323943662,,High
75819,20,1,23.0,17.0,187.0,2.0,152.0,,,,,40.4,153.0,17.3,61.8,0.5966116979503379,0.3074866310160428,,Low
75820,43,2,21.0,28.0,230.0,2.0,200.0,,,134.0,84.0,78.0,158.5,31.0,98.2,0.74196069375507,0.2282608695652174,,Low
75822,34,2,13.0,16.0,278.0,2.0,196.0,119.0,76.6,112.0,64.0,66.7,185.7,19.3,77.7,0.39748201438848924,0.1169064748201439,0.026109660574412535,Low
75823,43,2,19.0,13.0,170.0,2.0,156.0,85.0,70.6,110.0,60.0,73.8,160.7,28.6,92.4,1.3329119421059183,0.2794117647058823,0.028328611898017,Moderate
75824,50,2,17.0,20.0,260.0,2.0,217.0,,,114.0,86.0,110.8,157.8,44.5,128.0,0.7310222234133927,0.16346153846153846,,Low
75825,40,2,24.0,30.0,287.0,2.0,167.0,,,100.0,70.0,57.5,151.7,25.0,83.6,0.6107011094134257,0.20905923344947736,,Low
75826,70,1,24.0,31.0,201.0,2.0,120.0,51.0,68.6,106.0,74.0,103.7,175.8,33.6,119.3,1.5011786438058798,0.2985074626865672,0.02915451895043732,Moderate
75828,43,2,27.0,29.0,357.0,2.0,182.0,,,116.0,74.0,100.0,167.0,35.9,112.8,0.603899965332093,0.18907563025210086,,Low
75830,18,2,25.0,23.0,252.0,2.0,162.0,85.0,76.6,104.0,66.0,52.1,162.9,19.6,72.0,0.3723471679590621,0.248015873015873,0.026109660574412535,Low
75831,34,2,32.0,21.0,183.0,2.0,218.0,138.0,79.6,118.0,72.0,87.9,172.8,29.4,101.8,1.2973828665396707,0.4371584699453552,0.02512562814070352,Low
75835,31,1,29.0,32.0,230.0,2.0,175.0,,,112.0,70.0,78.8,175.8,25.5,92.2,0.6909663003116372,0.31521739130434784,,Low
75837,55,1,19.0,19.0,217.0,2.0,198.0,132.0,65.6,148.0,96.0,74.9,174.7,24.5,92.2,1.1047900548144562,0.21889400921658986,0.030487804878048783,Low
75838,80,1,44.0,63.0,141.0,2.0,129.0,57.0,71.6,112.0,70.0,71.2,164.8,26.2,94.2,3.1452362765779664,0.7801418439716313,0.02793296089385475,High
75839,40,2,20.0,8.0,243.0,2.0,168.0,,,134.0,84.0,76.9,165.5,28.1,99.2,1.1639617797309423,0.205761316872428,,Low
75840,52,1,36.0,69.0,213.0,2.0,237.0,,,,,91.3,181.3,27.8,107.4,1.0580390468383096,0.4225352112676057,,Low
75841,41,2,18.0,21.0,226.0,2.0,94.0,36.0,57.6,,,78.4,167.2,28.0,93.3,0.7125876238679753,0.19911504424778761,0.034722222222222224,Low
75842,23,1,27.0,25.0,272.0,2.0,170.0,93.0,76.6,122.0,58.0,76.1,168.3,26.9,94.6,0.4566176470588235,0.2481617647058824,0.026109660574412535,Low
75845,59,1,18.0,17.0,155.0,2.0,129.0,,,140.0,78.0,112.1,183.7,33.2,117.3,1.661760217990875,0.2903225806451613,,Moderate
75848,59,1,22.0,22.0,207.0,2.0,156.0,,,124.0,76.0,112.9,182.7,33.8,117.1,1.3368817866163398,0.26570048309178745,,Moderate
75850,37,2,20.0,29.0,293.0,2.0,182.0,122.0,59.6,114.0,58.0,52.9,160.0,20.7,77.9,0.468991639081974,0.17064846416382254,0.03355704697986577,Low
75853,19,2,18.0,19.0,308.0,2.0,151.0,85.0,65.6,118.0,68.0,102.8,156.4,42.0,122.9,0.2547408473497796,0.1461038961038961,0.030487804878048783,Low
75854,18,1,23.0,19.0,205.0,2.0,159.0,99.0,59.6,116.0,50.0,79.4,185.9,23.0,82.5,0.46330787230445153,0.28048780487804875,0.03355704697986577,Low
75855,34,2,27.0,33.0,295.0,2.0,198.0,,,96.0,52.0,79.0,169.7,27.4,97.7,0.5417060615841716,0.22881355932203393,,Low
75856,28,2,13.0,11.0,237.0,2.0,200.0,131.0,68.6,108.0,74.0,76.1,162.8,28.7,101.5,0.4630807148789281,0.13713080168776373,0.02915451895043732,Low
75858,20,2,17.0,13.0,143.0,2.0,239.0,,,114.0,46.0,88.0,168.1,31.1,107.7,0.6594337997083143,0.2972027972027972,,Low
75860,60,1,22.0,16.0,207.0,2.0,185.0,120.0,64.6,,,109.2,163.8,40.7,,1.5942028985507246,0.26570048309178745,0.030959752321981428,Moderate
75861,52,2,27.0,27.0,181.0,2.0,169.0,,,118.0,80.0,78.4,169.1,27.4,89.5,1.49281727061185,0.37292817679558016,,Moderate
75863,62,2,34.0,23.0,191.0,2.0,193.0,,,116.0,64.0,48.0,157.0,19.5,84.0,2.301300444148239,0.44502617801047123,,Moderate
75869,27,1,47.0,65.0,257.0,2.0,166.0,76.0,89.6,120.0,82.0,105.5,179.9,32.6,,0.6124516661233679,0.4571984435797666,0.022321428571428572,Low
75870,40,2,17.0,13.0,277.0,2.0,173.0,,,112.0,72.0,55.5,153.4,23.6,82.1,0.6808594466302451,0.15342960288808663,,Low
75871,57,2,22.0,17.0,153.0,2.0,178.0,92.0,85.6,,,70.5,172.0,23.8,83.0,1.9878410051997488,0.35947712418300654,0.023364485981308414,Moderate
75872,21,2,15.0,15.0,256.0,2.0,133.0,61.0,71.6,106.0,60.0,66.4,157.5,26.8,84.6,0.3177056651185772,0.146484375,0.02793296089385475,Low
75874,57,1,24.0,28.0,183.0,2.0,177.0,,,,,99.2,174.2,32.7,113.8,1.412719669608259,0.32786885245901637,,Moderate
75879,56,1,17.0,20.0,403.0,2.0,172.0,,,132.0,70.0,45.9,164.6,16.9,77.7,0.5282225098212903,0.1054590570719603,,Low
75881,25,2,36.0,46.0,176.0,2.0,172.0,92.0,79.6,106.0,62.0,61.2,161.9,23.3,87.9,0.7539645485193603,0.5113636363636364,0.02512562814070352,Low
75882,54,1,18.0,15.0,205.0,2.0,192.0,,,118.0,70.0,96.2,185.2,28.0,109.8,1.2242405894353199,0.21951219512195125,,Low
75883,48,2,21.0,26.0,220.0,2.0,242.0,,,110.0,76.0,112.9,162.1,43.0,130.5,0.8985684737240434,0.23863636363636365,,Low
75885,40,1,25.0,24.0,215.0,2.0,209.0,,,108.0,70.0,71.4,173.2,23.8,84.3,0.9494146289857279,0.29069767441860467,,Low
75887,56,2,18.0,16.0,347.0,2.0,208.0,104.0,103.6,154.0,70.0,157.0,168.0,55.6,139.4,0.7262247838616714,0.12968299711815562,0.019305019305019305,Low
75888,44,2,18.0,14.0,206.0,2.0,217.0,146.0,70.6,122.0,84.0,84.6,162.1,32.2,101.3,1.0275286582264083,0.2184466019417476,0.028328611898017,Low
75890,43,2,22.0,17.0,247.0,2.0,217.0,142.0,74.6,138.0,78.0,78.9,158.8,31.3,94.6,0.9289016246330809,0.22267206477732795,0.02680965147453083,Low
75892,80,2,19.0,14.0,181.0,2.0,239.0,148.0,90.6,128.0,62.0,68.9,162.2,26.2,84.6,2.2444037994855526,0.26243093922651933,0.02207505518763797,Moderate
75893,49,2,18.0,14.0,269.0,2.0,271.0,,,118.0,78.0,67.1,158.1,26.8,86.8,0.8762989418838598,0.16728624535315986,,Low
75894,46,2,43.0,59.0,602.0,2.0,166.0,,,126.0,90.0,98.4,149.7,43.9,116.7,0.4277635646512784,0.17857142857142858,,Low
75895,55,2,33.0,31.0,180.0,2.0,205.0,,,150.0,78.0,86.9,164.4,32.2,104.3,1.8110201287699805,0.4583333333333333,,Moderate
75896,26,1,20.0,20.0,164.0,2.0,143.0,99.0,43.6,102.0,56.0,94.0,181.3,28.6,101.2,0.7089971635974943,0.3048780487804878,0.04587155963302752,Low
75898,24,1,30.0,40.0,203.0,2.0,187.0,,,138.0,74.0,95.9,186.3,27.6,102.6,0.5607980086998111,0.3694581280788177,,Low
75899,31,2,16.0,16.0,179.0,2.0,166.0,,,106.0,70.0,108.9,156.3,44.6,124.7,0.6927374301675978,0.223463687150838,,Low
75900,21,1,28.0,29.0,179.0,2.0,126.0,69.0,56.6,112.0,78.0,78.8,180.3,24.2,78.8,0.6099936248497569,0.3910614525139664,0.0353356890459364,Low
75901,19,2,21.0,14.0,242.0,2.0,135.0,79.0,55.6,108.0,72.0,54.3,169.6,18.9,75.0,0.4406497335663526,0.21694214876033058,0.03597122302158273,Low
75903,28,1,20.0,15.0,173.0,2.0,159.0,,,118.0,74.0,65.5,179.2,20.4,77.9,0.8357883136324291,0.2890173410404624,,Low
75904,70,2,22.0,14.0,290.0,2.0,175.0,,,,,83.4,150.0,37.1,103.8,1.419249353603909,0.18965517241379312,,Moderate
75905,39,2,19.0,15.0,212.0,2.0,199.0,120.0,78.6,110.0,74.0,45.5,157.2,18.4,78.1,0.9024781948238036,0.2240566037735849,0.025445292620865142,Low
75907,40,1,25.0,34.0,272.0,2.0,163.0,,,,,91.4,181.1,27.9,103.0,0.6305095042004001,0.2297794117647059,,Low
75908,24,2,24.0,20.0,326.0,2.0,149.0,,,114.0,76.0,106.2,164.2,39.4,112.3,0.3950844033864659,0.18404907975460122,,Low
75909,77,2,21.0,14.0,157.0,2.0,193.0,108.0,84.6,122.0,68.0,80.3,153.2,34.2,,2.752620561607581,0.33439490445859876,0.023640661938534282,High
75910,30,1,26.0,31.0,224.0,2.0,141.0,,,102.0,58.0,103.2,195.2,27.1,100.5,0.6254113195575197,0.29017857142857145,,Low
75911,67,1,23.0,17.0,220.0,2.0,152.0,,,142.0,76.0,58.7,165.0,21.6,77.5,1.698851809913587,0.26136363636363635,,Moderate
75912,80,1,20.0,16.0,154.0,2.0,128.0,,,126.0,70.0,81.2,172.6,27.3,,2.5974025974025974,0.3246753246753247,,Moderate
75913,32,2,27.0,27.0,310.0,2.0,211.0,130.0,80.6,112.0,74.0,98.4,165.2,36.1,116.0,0.5363770242793943,0.217741935483871,0.02481389578163772,Low
75915,63,2,23.0,18.0,287.0,2.0,223.0,,,,,59.5,160.5,23.1,78.0,1.190008973216385,0.2003484320557491,,Low
75919,23,2,15.0,17.0,214.0,2.0,282.0,,,116.0,66.0,85.1,162.1,32.4,112.7,0.39100369456791995,0.17523364485981308,,Low
75921,76,1,24.0,22.0,164.0,2.0,138.0,81.0,56.6,130.0,48.0,92.7,175.2,30.2,114.0,2.371207967272155,0.36585365853658536,0.0353356890459364,Moderate
75922,65,2,28.0,27.0,313.0,2.0,207.0,126.0,80.6,138.0,66.0,76.7,166.5,27.7,100.6,1.1190388604101371,0.22364217252396162,0.02481389578163772,Low
75923,80,1,24.0,18.0,227.0,2.0,161.0,93.0,67.6,128.0,62.0,64.0,160.0,25.0,95.5,1.993605021847535,0.2643171806167401,0.02958579881656805,Moderate
75924,30,1,21.0,13.0,220.0,2.0,157.0,,,108.0,52.0,32.8,152.3,14.1,55.5,0.7942298264133962,0.23863636363636365,,Low
75925,51,1,21.0,14.0,227.0,2.0,154.0,,,132.0,88.0,67.8,173.5,22.5,84.2,1.2609550224150066,0.23127753303964757,,Low
75927,30,1,25.0,20.0,181.0,2.0,197.0,91.0,105.6,98.0,72.0,64.6,177.1,20.6,73.8,0.926547504488863,0.3453038674033149,0.01893939393939394,Low
75928,31,2,30.0,65.0,312.0,2.0,187.0,124.0,62.6,132.0,84.0,90.8,168.7,31.9,107.8,0.3697189204101406,0.2403846153846154,0.03194888178913738,Low
75929,23,2,14.0,13.0,213.0,2.0,181.0,,,120.0,76.0,78.2,166.1,28.3,89.6,0.4192804300106192,0.16431924882629106,,Low
75931,18,1,22.0,17.0,248.0,2.0,105.0,57.0,47.6,116.0,74.0,68.3,180.9,20.9,77.2,0.38727462707414456,0.2217741935483871,0.04201680672268907,Low
75932,41,1,34.0,54.0,226.0,2.0,192.0,,,136.0,98.0,148.7,188.1,42.0,127.1,0.8393777535495944,0.37610619469026546,,Low
75933,53,2,35.0,21.0,211.0,2.0,236.0,,,120.0,72.0,79.8,171.9,27.0,93.0,1.9184558596576582,0.4146919431279621,,Moderate
75934,46,1,20.0,9.0,257.0,2.0,262.0,201.0,60.6,104.0,72.0,82.9,177.3,26.4,101.0,1.1932555123216602,0.19455252918287938,0.033003300330033,Low
75936,35,2,21.0,15.0,216.0,2.0,138.0,,,102.0,64.0,62.3,162.4,23.6,87.8,0.8785934442785344,0.24305555555555555,,Low
75937,77,1,20.0,27.0,233.0,2.0,153.0,,,132.0,80.0,104.7,181.3,31.9,122.0,1.2719877175279306,0.2145922746781116,,Low
75938,33,2,17.0,34.0,350.0,2.0,220.0,,,122.0,52.0,149.7,173.0,50.0,,0.27488773218556417,0.12142857142857141,,Low
75942,78,1,21.0,11.0,207.0,2.0,192.0,,,132.0,74.0,70.1,171.2,23.9,85.0,2.385872378832738,0.2536231884057971,,Moderate
75945,60,1,26.0,17.0,208.0,2.0,209.0,,,158.0,84.0,46.7,159.1,18.4,73.1,1.8190171877724974,0.3125,,Moderate
75946,71,2,66.0,50.0,161.0,2.0,148.0,,,102.0,56.0,92.4,162.5,35.0,124.0,4.116152020671008,1.0248447204968945,,High
75949,40,2,22.0,22.0,283.0,2.0,233.0,148.0,84.6,106.0,74.0,85.6,165.8,31.1,111.2,0.6629562911411208,0.1943462897526502,0.023640661938534282,Low
75951,32,2,28.0,20.0,184.0,2.0,170.0,83.0,86.6,112.0,68.0,75.3,173.1,25.1,88.2,1.0888678846955497,0.3804347826086956,0.023094688221709007,Low
75952,36,2,19.0,12.0,186.0,2.0,160.0,88.0,71.6,112.0,68.0,62.7,152.1,27.1,,1.0615795272196344,0.2553763440860215,0.02793296089385475,Low
75954,54,2,19.0,12.0,238.0,2.0,247.0,,,,,91.8,164.1,34.1,111.0,1.2444566726650337,0.1995798319327731,,Low
75955,72,2,25.0,15.0,227.0,2.0,124.0,,,138.0,72.0,40.5,144.6,19.4,74.0,2.0473920772902643,0.27533039647577096,,Moderate
75956,80,1,23.0,24.0,172.0,2.0,130.0,,,138.0,70.0,83.7,179.6,25.9,107.0,2.1836536466671745,0.33430232558139533,,Moderate
75957,21,1,23.0,19.0,205.0,2.0,154.0,,,130.0,60.0,64.6,173.2,21.5,75.4,0.5405258510218601,0.28048780487804875,,Low
75958,29,2,18.0,14.0,315.0,2.0,178.0,117.0,60.6,112.0,58.0,64.0,157.6,25.8,90.5,0.4428900580263033,0.14285714285714285,0.033003300330033,Low
75960,76,1,19.0,15.0,159.0,2.0,189.0,101.0,87.6,138.0,82.0,69.0,178.7,21.6,83.0,2.3449006087729605,0.29874213836477986,0.022831050228310504,Moderate
75962,64,1,21.0,18.0,191.0,2.0,236.0,,,166.0,78.0,78.1,159.6,30.7,103.4,1.6585541255056195,0.27486910994764396,,Moderate
75964,71,1,23.0,26.0,215.0,2.0,165.0,100.0,64.6,168.0,52.0,64.6,173.5,21.5,85.3,1.4895704589797885,0.26744186046511625,0.030959752321981428,Moderate
75965,64,2,19.0,19.0,190.0,2.0,159.0,,,198.0,100.0,87.5,168.1,31.0,114.0,1.468260696771595,0.25,,Moderate
75966,37,2,20.0,15.0,228.0,2.0,159.0,,,116.0,60.0,67.7,163.4,25.4,86.6,0.8380139404074528,0.21929824561403508,,Low
75969,69,1,21.0,18.0,288.0,2.0,144.0,,,126.0,76.0,63.2,164.0,23.5,84.8,1.1858769976149393,0.18229166666666666,,Low
75970,30,1,38.0,47.0,178.0,2.0,252.0,163.0,88.6,114.0,80.0,86.6,171.2,29.5,101.1,0.9341915185820213,0.5337078651685393,0.022573363431151242,Low
75973,65,1,27.0,38.0,227.0,2.0,155.0,,,130.0,72.0,111.0,180.6,34.0,115.1,1.2541788285660276,0.29735682819383263,,Low
75974,71,2,31.0,34.0,194.0,2.0,218.0,,,126.0,66.0,77.5,166.5,28.0,108.0,1.9457133293745459,0.3994845360824742,,Moderate
75975,31,1,24.0,22.0,246.0,2.0,139.0,88.0,50.6,106.0,66.0,84.2,183.8,24.9,90.2,0.6448021665389194,0.24390243902439024,0.039525691699604744,Low
75976,67,1,18.0,17.0,282.0,2.0,122.0,,,140.0,84.0,90.5,170.6,31.1,110.9,1.037226821963892,0.1595744680851064,,Low
75977,25,1,24.0,18.0,214.0,2.0,153.0,,,106.0,72.0,74.8,176.2,24.1,85.2,0.6608474590528481,0.2803738317757009,,Low
75978,71,1,25.0,22.0,221.0,2.0,179.0,84.0,94.6,140.0,64.0,110.7,170.3,38.2,127.3,1.7123586947113507,0.2828054298642534,0.021141649048625793,Moderate
75980,31,1,18.0,21.0,232.0,2.0,135.0,68.0,66.6,116.0,74.0,80.7,183.9,23.9,87.8,0.5248516497917403,0.1939655172413793,0.030030030030030033,Low
75982,75,2,24.0,21.0,319.0,2.0,202.0,124.0,77.6,,,52.4,160.7,20.3,79.8,1.2313235185729978,0.18808777429467086,0.025773195876288662,Low
75985,40,2,20.0,17.0,257.0,2.0,214.0,132.0,81.6,110.0,68.0,48.0,154.3,20.2,75.3,0.754974708284305,0.19455252918287938,0.02450980392156863,Low
75986,55,1,26.0,20.0,220.0,2.0,276.0,,,114.0,68.0,60.4,162.5,22.9,82.9,1.4534441853748632,0.29545454545454547,,Moderate
75987,80,2,43.0,32.0,195.0,2.0,181.0,,,132.0,62.0,69.1,157.1,28.0,105.2,3.118522214463748,0.5512820512820512,,High
75988,18,1,24.0,14.0,194.0,2.0,146.0,,,110.0,74.0,66.6,177.1,21.2,71.5,0.5951384355988008,0.30927835051546393,,Low
75989,32,1,25.0,31.0,261.0,2.0,183.0,80.0,102.6,112.0,76.0,57.1,164.9,21.0,72.9,0.5505143357142526,0.23946360153256704,0.019493177387914232,Low
75991,80,1,31.0,17.0,246.0,2.0,185.0,,,134.0,62.0,86.0,163.2,32.3,116.5,2.4450745938622185,0.3150406504065041,,Moderate
75992,34,2,15.0,15.0,168.0,2.0,192.0,111.0,80.6,102.0,64.0,81.1,168.6,28.5,91.0,0.7838180581610248,0.2232142857142857,0.02481389578163772,Low
75993,48,1,63.0,85.0,203.0,2.0,270.0,,,158.0,102.0,83.5,180.3,25.7,97.7,1.6157578927182668,0.7758620689655172,,Moderate
75996,61,1,25.0,23.0,145.0,2.0,157.0,103.0,53.6,126.0,74.0,97.3,185.6,28.2,102.5,2.1929964237037174,0.43103448275862066,0.03731343283582089,Moderate
75997,20,2,21.0,11.0,227.0,2.0,179.0,,,104.0,62.0,39.9,152.6,17.1,62.8,0.5578623996592984,0.23127753303964757,,Low
75998,76,2,24.0,17.0,113.0,2.0,197.0,108.0,88.6,178.0,72.0,72.5,162.6,27.4,93.1,3.9149113280201004,0.5309734513274336,0.022573363431151242,High
75999,19,1,48.0,49.0,267.0,2.0,178.0,,,124.0,52.0,74.8,175.1,24.4,85.8,0.48796147672552165,0.44943820224719094,,Low
76004,58,2,26.0,18.0,224.0,2.0,183.0,104.0,78.6,,,129.1,153.4,54.9,150.6,1.5867812887340977,0.29017857142857145,0.025445292620865142,Moderate
76006,32,2,21.0,23.0,175.0,2.0,145.0,75.0,69.6,98.0,68.0,78.4,166.6,28.2,92.6,0.8006953499791671,0.3,0.02873563218390805,Low
76007,36,2,18.0,12.0,328.0,2.0,184.0,,,92.0,62.0,56.6,160.2,22.1,76.5,0.5703094122482889,0.13719512195121952,,Low
76008,31,2,19.0,23.0,235.0,2.0,182.0,79.0,102.6,112.0,68.0,69.8,159.1,27.6,88.0,0.5226169782111364,0.20212765957446807,0.019493177387914232,Low
76011,32,2,33.0,41.0,324.0,2.0,192.0,,,140.0,66.0,116.8,161.5,44.8,135.6,0.5090107794887901,0.2546296296296296,,Low
76012,59,1,25.0,38.0,249.0,2.0,151.0,,,118.0,62.0,73.4,167.3,26.2,93.5,0.9609501854131516,0.25100401606425704,,Low
76015,30,2,23.0,16.0,248.0,2.0,166.0,,,124.0,76.0,77.8,161.2,29.9,93.6,0.6955645161290323,0.2318548387096774,,Low
76016,79,1,22.0,23.0,160.0,2.0,176.0,,,110.0,72.0,82.9,179.0,25.9,97.5,2.2649878226949745,0.34375000000000006,,Moderate
76018,31,1,49.0,44.0,217.0,2.0,191.0,127.0,63.6,116.0,60.0,120.0,180.8,36.7,119.4,1.0552897060221726,0.5645161290322581,0.031446540880503145,Low
76019,29,1,33.0,41.0,258.0,2.0,200.0,140.0,59.6,100.0,64.0,59.1,184.8,17.3,79.0,0.5792956981682016,0.31976744186046513,0.03355704697986577,Low
76023,67,1,25.0,21.0,184.0,2.0,216.0,129.0,86.6,116.0,66.0,102.1,180.8,31.2,110.9,1.9864943812243874,0.33967391304347827,0.023094688221709007,Moderate
76024,40,2,16.0,17.0,251.0,2.0,170.0,93.0,76.6,120.0,80.0,75.2,171.2,25.7,90.2,0.6184175299731199,0.1593625498007968,0.026109660574412535,Low
76025,51,1,30.0,23.0,210.0,2.0,211.0,136.0,74.6,114.0,72.0,81.4,179.4,25.3,95.5,1.5191764452729735,0.35714285714285715,0.02680965147453083,Moderate
76028,57,2,22.0,24.0,234.0,2.0,222.0,160.0,61.6,126.0,74.0,70.0,167.7,24.9,90.4,1.0938960603454793,0.23504273504273507,0.032467532467532464,Low
76030,32,1,15.0,17.0,201.0,2.0,214.0,,,128.0,58.0,71.9,172.4,24.2,80.4,0.5791895523255712,0.18656716417910446,,Low
76032,18,1,21.0,26.0,215.0,2.0,124.0,32.0,91.6,130.0,38.0,80.2,183.8,23.7,92.7,0.3447995306150398,0.24418604651162795,0.02183406113537118,Low
76033,69,2,71.0,68.0,234.0,2.0,161.0,116.0,44.6,104.0,76.0,75.1,149.3,33.7,104.9,2.538850485155973,0.7585470085470085,0.04484304932735426,Moderate
76034,20,2,28.0,37.0,325.0,2.0,172.0,,,108.0,80.0,137.3,177.3,43.7,,0.2832721012030772,0.21538461538461537,,Low
76036,64,1,22.0,17.0,155.0,2.0,162.0,,,138.0,66.0,67.6,156.7,27.5,96.0,2.2031623229106896,0.3548387096774194,,Moderate
76037,60,1,33.0,33.0,147.0,2.0,124.0,,,164.0,76.0,74.5,159.2,29.4,101.6,2.344719447566542,0.5612244897959183,,Moderate
76039,26,2,12.0,17.0,238.0,2.0,148.0,,,106.0,68.0,94.4,161.9,36.0,118.2,0.3179458613921676,0.12605042016806722,,Low
76040,60,2,14.0,15.0,327.0,2.0,152.0,69.0,82.6,124.0,98.0,106.7,168.2,37.7,119.0,0.6632632030202305,0.10703363914373089,0.02421307506053269,Low
76041,52,1,27.0,23.0,207.0,2.0,206.0,,,104.0,68.0,99.2,173.9,32.8,113.3,1.4142716779523332,0.32608695652173914,,Moderate
76042,27,2,20.0,21.0,236.0,2.0,130.0,,,102.0,68.0,113.2,177.0,36.1,119.0,0.4993121217264232,0.211864406779661,,Low
76043,64,2,25.0,30.0,348.0,2.0,171.0,,,138.0,68.0,73.8,157.4,29.8,99.8,0.8394215440692201,0.17959770114942528,,Low
76046,50,1,27.0,35.0,215.0,2.0,246.0,,,126.0,84.0,93.4,179.6,29.0,101.1,1.0613565059381371,0.313953488372093,,Low
76048,49,1,28.0,42.0,295.0,2.0,304.0,,,130.0,80.0,85.8,170.0,29.7,107.1,0.7176413428745427,0.23728813559322032,,Low
76049,54,1,22.0,27.0,380.0,2.0,203.0,135.0,67.6,126.0,70.0,88.6,181.5,26.9,103.4,0.6016597542081363,0.14473684210526316,0.02958579881656805,Low
76051,50,1,20.0,18.0,278.0,2.0,209.0,139.0,69.6,,,79.4,167.0,28.5,100.2,0.8478498575378268,0.1798561151079137,0.02873563218390805,Low
76054,22,2,19.0,27.0,210.0,2.0,169.0,82.0,86.6,118.0,56.0,50.4,161.9,19.2,72.7,0.38306732146232314,0.2261904761904762,0.023094688221709007,Low
76057,18,1,18.0,23.0,194.0,2.0,114.0,53.0,60.6,100.0,54.0,58.6,173.5,19.5,73.6,0.348240567806661,0.23195876288659795,0.033003300330033,Low
76059,21,1,25.0,20.0,192.0,2.0,147.0,,,124.0,46.0,77.3,181.6,23.4,81.5,0.6114248375975987,0.32552083333333337,,Low
76060,32,2,18.0,12.0,216.0,2.0,184.0,,,104.0,60.0,60.2,169.8,20.9,80.3,0.7698003589195012,0.20833333333333334,,Low
76062,30,1,22.0,25.0,216.0,2.0,212.0,,,146.0,86.0,111.4,169.6,38.7,120.5,0.6111111111111112,0.25462962962962965,,Low
76064,42,1,24.0,22.0,270.0,2.0,173.0,,,128.0,76.0,101.0,173.5,33.6,114.0,0.7959493410609456,0.2222222222222222,,Low
76067,26,1,22.0,25.0,239.0,2.0,184.0,131.0,52.6,102.0,58.0,66.8,171.3,22.8,82.2,0.4786610878661088,0.23012552301255232,0.03802281368821293,Low
76069,44,1,25.0,20.0,224.0,2.0,159.0,74.0,84.6,144.0,82.0,94.6,175.6,30.7,95.0,1.0980690960936468,0.27901785714285715,0.023640661938534282,Low
76071,34,1,24.0,26.0,186.0,2.0,148.0,90.0,57.6,108.0,66.0,84.3,189.3,23.5,88.4,0.8603804638320333,0.3225806451612903,0.034722222222222224,Low
76072,73,1,20.0,14.0,236.0,2.0,144.0,83.0,60.6,146.0,52.0,79.4,175.0,25.9,98.3,1.6533958186107611,0.211864406779661,0.033003300330033,Moderate
76073,21,1,20.0,17.0,196.0,2.0,137.0,73.0,63.6,118.0,68.0,65.3,180.0,20.2,74.4,0.5197191965064277,0.25510204081632654,0.031446540880503145,Low
76074,70,1,18.0,23.0,247.0,2.0,115.0,59.0,55.6,148.0,72.0,106.9,178.7,33.5,123.3,1.0636767680644301,0.18218623481781376,0.03597122302158273,Low
76075,35,1,22.0,29.0,211.0,2.0,180.0,,,104.0,58.0,101.6,169.5,35.4,117.0,0.6776559734423221,0.26066350710900477,,Low
76076,51,2,16.0,11.0,204.0,2.0,132.0,,,,,80.4,166.8,28.9,102.1,1.2060453783110545,0.19607843137254902,,Low
76077,45,2,21.0,16.0,256.0,2.0,169.0,109.0,59.6,110.0,70.0,111.8,157.8,44.9,117.6,0.9228515625,0.205078125,0.03355704697986577,Low
76078,48,1,21.0,27.0,239.0,2.0,216.0,,,122.0,46.0,85.5,175.9,27.6,99.4,0.8116723449695158,0.21966527196652721,,Low
76079,19,2,16.0,13.0,294.0,2.0,155.0,,,112.0,58.0,90.0,166.2,32.6,96.0,0.28678377491916607,0.1360544217687075,,Low
76081,35,1,46.0,63.0,195.0,2.0,189.0,96.0,92.6,116.0,82.0,84.6,176.6,27.1,95.7,1.0402099171706938,0.5897435897435896,0.021598272138228944,Low
76082,30,1,18.0,19.0,169.0,2.0,130.0,,,110.0,54.0,71.9,185.6,20.9,80.2,0.7330443567461736,0.2662721893491124,,Low
76084,48,1,17.0,19.0,178.0,2.0,219.0,149.0,69.6,126.0,58.0,91.2,171.9,30.9,104.7,1.0517035889796538,0.23876404494382023,0.02873563218390805,Low
76086,18,1,17.0,13.0,214.0,2.0,115.0,,,106.0,64.0,60.4,174.6,19.8,69.7,0.3965847197311218,0.1985981308411215,,Low
76087,55,1,17.0,20.0,228.0,2.0,152.0,,,116.0,80.0,87.9,169.5,30.6,108.8,0.9169840170887296,0.18640350877192982,,Low
76088,27,1,120.0,181.0,234.0,2.0,238.0,,,130.0,74.0,81.0,177.8,25.6,88.2,1.029176510188384,1.282051282051282,,Low
76090,44,1,18.0,21.0,170.0,2.0,206.0,,,118.0,82.0,101.6,171.4,34.6,114.4,1.016638641570035,0.2647058823529412,,Low
76091,66,2,23.0,26.0,246.0,2.0,218.0,,,120.0,80.0,62.7,153.6,26.6,81.4,1.2101800534136724,0.23373983739837395,,Low
76094,18,1,41.0,33.0,260.0,2.0,155.0,101.0,53.6,104.0,48.0,59.2,161.0,22.8,75.5,0.49411273113578846,0.3942307692307692,0.03731343283582089,Low
76095,41,2,19.0,17.0,284.0,2.0,204.0,,,142.0,66.0,82.7,161.1,31.9,102.5,0.6652649714905049,0.16725352112676056,,Low
76096,37,1,21.0,17.0,200.0,2.0,224.0,,,136.0,72.0,65.1,172.9,21.8,79.4,0.9422509032661536,0.2625,,Low
76097,66,2,25.0,18.0,291.0,2.0,158.0,83.0,74.6,120.0,76.0,63.8,169.0,22.3,93.0,1.3364561156446775,0.2147766323024055,0.02680965147453083,Moderate
76101,20,2,19.0,16.0,270.0,2.0,138.0,82.0,55.6,104.0,82.0,92.8,160.4,36.1,94.6,0.35185185185185186,0.17592592592592593,0.03597122302158273,Low
76103,45,2,23.0,19.0,263.0,2.0,231.0,,,116.0,74.0,70.6,156.1,29.0,88.5,0.9028337815818684,0.21863117870722432,,Low
76104,45,2,21.0,19.0,225.0,2.0,182.0,,,108.0,68.0,49.3,156.0,20.3,77.5,0.9635460822563593,0.23333333333333336,,Low
76106,39,1,33.0,44.0,221.0,2.0,231.0,145.0,85.6,108.0,62.0,84.0,161.1,32.4,103.8,0.8779300915646646,0.37330316742081443,0.023364485981308414,Low
76107,59,2,24.0,25.0,152.0,2.0,191.0,119.0,71.6,144.0,48.0,76.7,172.3,25.8,100.5,1.8631578947368421,0.39473684210526316,0.02793296089385475,Moderate
76108,48,1,22.0,24.0,256.0,2.0,228.0,,,110.0,72.0,77.1,162.1,29.3,102.1,0.8420120990817176,0.21484375000000003,,Low
76109,36,1,42.0,51.0,195.0,2.0,237.0,,,134.0,80.0,222.6,181.0,67.9,,1.0857556343847952,0.5384615384615385,,Low
76110,22,1,16.0,12.0,369.0,2.0,112.0,49.0,62.6,102.0,56.0,59.8,187.5,17.0,76.6,0.2753757381500654,0.10840108401084012,0.03194888178913738,Low
76112,63,1,20.0,25.0,203.0,2.0,198.0,,,124.0,68.0,89.1,173.6,29.6,103.0,1.2413793103448276,0.24630541871921183,,Low
76114,18,1,19.0,10.0,190.0,2.0,121.0,54.0,66.6,128.0,46.0,57.9,175.3,18.8,67.3,0.5692099788303082,0.25,0.030030030030030033,Low
76116,68,1,16.0,19.0,285.0,2.0,197.0,,,190.0,84.0,108.8,175.3,35.4,120.7,0.8758046261444603,0.14035087719298248,,Low
76117,72,2,34.0,30.0,227.0,2.0,186.0,,,136.0,62.0,72.1,160.9,27.8,104.0,1.9689057573753987,0.3744493392070484,,Moderate
76118,60,2,28.0,23.0,242.0,2.0,206.0,,,104.0,72.0,59.0,159.2,23.3,85.5,1.4475380810573786,0.2892561983471074,,Moderate
76119,49,1,38.0,34.0,198.0,2.0,144.0,69.0,74.6,100.0,62.0,73.5,166.4,26.5,,1.6127796239159164,0.4797979797979798,0.02680965147453083,Moderate
76120,40,1,28.0,23.0,161.0,2.0,155.0,88.0,66.6,92.0,62.0,86.4,178.1,27.2,92.1,1.4505350543100854,0.43478260869565216,0.030030030030030033,Moderate
76126,27,2,21.0,18.0,336.0,2.0,200.0,,,,,127.7,164.5,47.2,132.0,0.39774756441743303,0.15625,,Low
76127,67,1,18.0,16.0,247.0,2.0,168.0,,,160.0,72.0,93.9,172.5,31.6,106.0,1.2206477732793521,0.18218623481781376,,Low
76128,74,2,25.0,28.0,214.0,2.0,263.0,173.0,89.6,146.0,70.0,93.8,165.7,34.2,114.7,1.6337249417454913,0.29205607476635514,0.022321428571428572,Moderate
76129,41,2,29.0,27.0,287.0,2.0,209.0,,,134.0,86.0,91.4,164.3,33.9,101.2,0.7972932288809118,0.25261324041811845,,Low
76132,18,2,20.0,20.0,427.0,2.0,165.0,,,122.0,86.0,92.2,174.7,30.2,97.9,0.18852095360653964,0.117096018735363,,Low
76133,47,2,15.0,18.0,351.0,2.0,181.0,94.0,86.6,124.0,72.0,87.8,160.7,34.0,115.8,0.4734190700251814,0.10683760683760685,0.023094688221709007,Low
76134,58,1,16.0,18.0,212.0,2.0,154.0,85.0,68.6,150.0,74.0,89.9,179.7,27.8,,1.0317532907879186,0.18867924528301888,0.02915451895043732,Low
76137,56,1,39.0,41.0,270.0,2.0,210.0,134.0,75.6,108.0,56.0,74.8,169.7,26.0,93.5,1.2632722072767246,0.3611111111111111,0.026455026455026457,Low
76138,39,2,19.0,14.0,210.0,2.0,244.0,183.0,60.6,118.0,66.0,55.0,162.1,20.9,78.2,0.9430503821766975,0.2261904761904762,0.033003300330033,Low
76139,76,2,22.0,25.0,285.0,2.0,266.0,,,128.0,62.0,78.3,166.5,28.2,,1.1733333333333333,0.1929824561403509,,Low
76140,27,2,15.0,16.0,260.0,2.0,183.0,,,100.0,40.0,104.8,160.8,40.5,112.0,0.3894230769230769,0.14423076923076925,,Low
76144,80,1,27.0,24.0,178.0,2.0,159.0,100.0,58.6,114.0,68.0,97.2,173.1,32.4,118.8,2.4770120994436633,0.37921348314606745,0.034129692832764506,Moderate
76145,60,2,23.0,27.0,339.0,2.0,158.0,74.0,83.6,126.0,72.0,98.2,160.7,38.0,120.3,0.7834251440331206,0.1696165191740413,0.023923444976076555,Low
76146,23,2,19.0,14.0,298.0,2.0,160.0,,,116.0,62.0,41.8,156.4,17.1,66.1,0.39192336481788415,0.1593959731543624,,Low
76147,54,1,19.0,20.0,178.0,2.0,146.0,,,124.0,76.0,134.7,189.0,37.7,130.4,1.2888796319745977,0.26685393258426965,,Low
76148,32,2,17.0,15.0,189.0,2.0,147.0,85.0,61.6,,,119.4,153.7,50.5,125.6,0.7431756403304531,0.22486772486772486,0.032467532467532464,Low
76149,68,2,22.0,13.0,185.0,2.0,173.0,91.0,81.6,,,70.1,157.8,28.2,89.7,2.242787820413359,0.2972972972972973,0.02450980392156863,Moderate
76150,58,2,20.0,23.0,261.0,2.0,207.0,,,142.0,64.0,110.0,170.0,38.1,117.1,0.9267307291425546,0.19157088122605362,,Low
76151,55,1,28.0,33.0,110.0,2.0,190.0,120.0,69.6,132.0,74.0,69.1,170.2,23.9,95.3,2.43708718337977,0.6363636363636362,0.02873563218390805,Moderate
76154,29,2,16.0,17.0,280.0,2.0,234.0,,,122.0,78.0,91.5,160.4,35.6,111.0,0.4019161786316375,0.14285714285714285,,Low
76156,61,1,27.0,17.0,207.0,2.0,195.0,,,146.0,84.0,59.9,180.1,18.5,77.8,1.9297399731151712,0.32608695652173914,,Moderate
76158,72,2,24.0,17.0,315.0,2.0,155.0,55.0,99.6,132.0,64.0,63.0,148.5,28.6,95.5,1.3304811430564552,0.19047619047619047,0.020080321285140562,Moderate
76159,75,1,22.0,21.0,155.0,2.0,179.0,76.0,102.6,146.0,84.0,95.8,180.5,29.4,118.3,2.3229646379960482,0.3548387096774194,0.019493177387914232,Moderate
76160,25,2,23.0,19.0,297.0,2.0,234.0,,,98.0,46.0,64.8,168.9,22.7,82.3,0.4441550403217946,0.19360269360269358,,Low
76161,34,1,63.0,46.0,269.0,2.0,222.0,152.0,69.6,116.0,66.0,121.9,174.4,40.1,131.9,1.1740545356274708,0.5855018587360594,0.02873563218390805,Low
76164,62,2,26.0,21.0,198.0,2.0,161.0,,,124.0,72.0,96.3,159.1,38.0,120.0,1.7766022174768672,0.3282828282828283,,Moderate
76167,42,2,16.0,13.0,205.0,2.0,147.0,,,92.0,58.0,50.1,169.4,17.5,73.3,0.9091671508862291,0.19512195121951223,,Low
76168,52,1,21.0,18.0,202.0,2.0,193.0,,,162.0,92.0,85.1,175.8,27.5,107.5,1.2741924175836798,0.2599009900990099,,Low
76169,43,2,16.0,13.0,269.0,2.0,231.0,154.0,76.6,104.0,66.0,78.2,161.5,30.0,92.1,0.7093563847638619,0.14869888475836432,0.026109660574412535,Low
76170,55,2,17.0,17.0,174.0,2.0,210.0,135.0,74.6,98.0,72.0,51.5,157.9,20.7,79.2,1.3032805138446628,0.2442528735632184,0.02680965147453083,Moderate
76171,80,1,24.0,20.0,199.0,2.0,179.0,105.0,73.6,104.0,66.0,58.7,152.3,25.3,,2.157412319999797,0.3015075376884422,0.027173913043478264,Moderate
76173,19,1,28.0,27.0,259.0,2.0,163.0,,,116.0,60.0,124.7,186.0,36.0,110.0,0.39530288701271676,0.27027027027027023,,Low
76174,21,1,18.0,10.0,134.0,2.0,161.0,88.0,72.6,108.0,74.0,68.8,184.6,20.2,77.8,0.892045489211677,0.33582089552238803,0.027548209366391185,Low
76179,54,2,22.0,21.0,270.0,2.0,166.0,,,110.0,70.0,78.3,162.9,29.5,99.2,0.9601587170383665,0.20370370370370372,,Low
76180,55,1,23.0,24.0,191.0,2.0,284.0,206.0,77.6,122.0,76.0,100.9,174.4,33.2,,1.3519216948606982,0.3010471204188481,0.025773195876288662,Moderate
76181,45,2,29.0,30.0,258.0,2.0,168.0,,,140.0,72.0,115.6,163.7,43.1,127.2,0.923485707421501,0.2810077519379845,,Low
76184,59,1,33.0,35.0,253.0,2.0,164.0,,,148.0,84.0,168.5,186.3,48.5,,1.3008026355386735,0.32608695652173914,,Moderate
76186,53,2,25.0,24.0,263.0,2.0,160.0,,,130.0,82.0,160.5,174.5,52.7,145.6,1.028382100503077,0.2376425855513308,,Low
76187,56,2,16.0,18.0,277.0,2.0,165.0,,,122.0,86.0,81.2,163.5,30.4,105.1,0.7624159758641957,0.14440433212996392,,Low
76188,74,2,21.0,17.0,162.0,2.0,175.0,,,120.0,66.0,58.8,154.1,24.8,88.2,2.326545440163342,0.3240740740740741,,Moderate
76190,48,1,19.0,21.0,329.0,2.0,228.0,151.0,76.6,,,93.1,184.1,27.5,100.2,0.6049079510493163,0.1443768996960486,0.026109660574412535,Low
76191,18,2,14.0,14.0,265.0,2.0,164.0,,,110.0,78.0,59.2,156.9,24.0,85.2,0.25415031306389035,0.1320754716981132,,Low
76192,66,2,21.0,16.0,178.0,2.0,191.0,120.0,70.6,122.0,74.0,93.6,169.8,32.5,115.2,1.946629213483146,0.2949438202247191,0.028328611898017,Moderate
76193,39,2,24.0,26.0,257.0,2.0,186.0,,,108.0,66.0,76.7,147.5,35.3,111.3,0.7142595427600789,0.23346303501945526,,Low
76195,18,1,30.0,15.0,270.0,2.0,154.0,,,90.0,60.0,59.2,171.0,20.2,75.5,0.5163977794943222,0.2777777777777778,,Low
76197,45,2,32.0,22.0,266.0,2.0,150.0,78.0,71.6,150.0,86.0,81.7,161.0,31.5,103.4,1.154169291549169,0.30075187969924816,0.02793296089385475,Low
76199,56,2,27.0,33.0,288.0,2.0,221.0,120.0,100.6,100.0,64.0,115.7,172.1,39.1,122.3,0.9139076937674137,0.23437500000000003,0.019880715705765408,Low
76204,45,2,14.0,13.0,176.0,2.0,200.0,,,124.0,86.0,62.7,159.3,24.7,90.2,0.9927872830167453,0.19886363636363635,,Low
76206,38,2,16.0,16.0,272.0,2.0,156.0,96.0,59.6,118.0,74.0,82.4,164.6,30.4,100.9,0.5588235294117647,0.14705882352941177,0.03355704697986577,Low
76208,51,1,29.0,27.0,170.0,2.0,135.0,,,154.0,84.0,89.2,168.3,31.5,107.3,1.6743157806499147,0.42647058823529416,,Moderate
76209,59,1,22.0,24.0,119.0,2.0,167.0,,,,,80.3,176.3,25.8,95.1,2.2264969790844296,0.46218487394957986,,Moderate
76212,34,2,22.0,18.0,160.0,2.0,246.0,,,102.0,68.0,56.5,150.2,25.0,84.1,1.1019080673490367,0.34375000000000006,,Low
76213,78,1,16.0,13.0,261.0,2.0,137.0,,,172.0,56.0,77.3,172.2,26.1,110.1,1.3261797794810075,0.15325670498084293,,Moderate
76214,18,2,23.0,12.0,268.0,2.0,156.0,,,96.0,60.0,56.4,163.6,21.1,76.6,0.4459384541875095,0.21455223880597016,,Low
76215,43,2,21.0,18.0,330.0,2.0,171.0,100.0,70.6,112.0,64.0,105.8,149.3,47.5,122.2,0.6449670943550024,0.1590909090909091,0.028328611898017,Low
76217,53,2,36.0,41.0,206.0,2.0,163.0,95.0,67.6,118.0,78.0,96.8,164.3,35.9,107.2,1.4465026101138854,0.4368932038834952,0.02958579881656805,Moderate
76218,36,2,18.0,14.0,290.0,2.0,183.0,,,96.0,62.0,80.5,163.6,30.1,90.7,0.5971906371008656,0.15517241379310345,,Low
76220,56,1,25.0,22.0,212.0,2.0,203.0,118.0,84.6,146.0,72.0,78.0,174.0,25.8,92.0,1.4079292589521442,0.294811320754717,0.023640661938534282,Moderate
76223,76,1,40.0,33.0,209.0,2.0,184.0,,,132.0,66.0,97.5,179.9,30.1,108.1,2.5320386320828776,0.4784688995215311,,Moderate
76224,74,2,14.0,9.0,297.0,2.0,174.0,96.0,77.6,,,57.1,151.4,24.9,,1.1627384960718294,0.11784511784511784,0.025773195876288662,Low
76226,43,1,20.0,25.0,202.0,2.0,220.0,148.0,71.6,134.0,76.0,93.2,189.1,26.1,99.6,0.8514851485148515,0.24752475247524752,0.02793296089385475,Low
76227,26,2,31.0,68.0,201.0,2.0,187.0,,,,,163.3,159.5,64.2,,0.4862778949733442,0.3855721393034826,,Low
76230,24,1,22.0,20.0,217.0,2.0,135.0,,,114.0,70.0,77.4,188.2,21.9,87.3,0.5440755263225294,0.2534562211981567,,Low
76231,25,1,22.0,31.0,270.0,2.0,171.0,,,104.0,54.0,88.4,172.5,29.7,99.0,0.3658626522767637,0.20370370370370372,,Low
76232,29,1,51.0,71.0,220.0,2.0,196.0,,,100.0,70.0,70.2,165.1,25.8,86.7,0.7978409420312313,0.5795454545454546,,Low
76233,54,2,43.0,54.0,320.0,2.0,205.0,,,126.0,76.0,77.4,154.2,32.6,109.3,0.9874505525594686,0.3359375,,Low
76235,76,2,26.0,21.0,194.0,2.0,209.0,,,120.0,42.0,59.1,156.8,24.0,91.7,2.222672943847015,0.3350515463917526,,Moderate
76236,40,2,22.0,26.0,339.0,2.0,180.0,94.0,85.6,108.0,68.0,86.1,157.2,34.8,107.0,0.5090920322171149,0.16224188790560473,0.023364485981308414,Low
76238,61,2,19.0,19.0,221.0,2.0,193.0,97.0,95.6,,,86.2,157.3,34.8,108.8,1.2031350025157515,0.21493212669683256,0.020920502092050212,Low
76240,35,1,41.0,61.0,218.0,2.0,167.0,,,124.0,80.0,124.8,182.4,37.5,130.5,0.8428115720353474,0.47018348623853207,,Low
76241,20,1,36.0,29.0,212.0,2.0,154.0,,,120.0,0.0,85.3,179.7,26.4,92.4,0.6306634126767799,0.42452830188679247,,Low
76242,19,2,17.0,16.0,240.0,2.0,155.0,,,124.0,80.0,54.8,165.9,19.9,75.2,0.33645833333333336,0.17708333333333331,,Low
76243,59,2,21.0,26.0,222.0,2.0,138.0,81.0,56.6,138.0,54.0,118.0,153.0,50.4,130.1,1.0945400515144597,0.2364864864864865,0.0353356890459364,Low
76246,44,1,25.0,22.0,257.0,2.0,266.0,,,116.0,68.0,57.3,163.8,21.4,83.2,0.912532248992885,0.24319066147859922,,Low
76248,50,1,25.0,24.0,188.0,2.0,178.0,107.0,70.6,106.0,62.0,99.8,178.2,31.4,99.3,1.3572084124463533,0.3324468085106383,0.028328611898017,Moderate
76252,70,2,22.0,17.0,225.0,2.0,204.0,,,164.0,88.0,64.1,147.4,29.5,96.5,1.66002161135979,0.2444444444444445,,Moderate
76253,27,2,19.0,16.0,227.0,2.0,167.0,85.0,81.6,104.0,58.0,47.8,160.1,18.6,67.7,0.5649779735682819,0.2092511013215859,0.02450980392156863,Low
76256,50,2,19.0,19.0,222.0,2.0,256.0,157.0,98.6,116.0,68.0,69.2,160.9,26.7,93.5,0.9817339962929443,0.21396396396396394,0.02028397565922921,Low
76261,20,1,24.0,16.0,238.0,2.0,143.0,70.0,72.6,128.0,64.0,64.0,167.9,22.7,77.4,0.5042016806722689,0.25210084033613445,0.027548209366391185,Low
76264,80,1,26.0,18.0,225.0,2.0,193.0,107.0,85.6,136.0,74.0,59.3,171.5,20.2,80.8,2.1789364516563245,0.2888888888888889,0.023364485981308414,Moderate
76267,63,1,27.0,31.0,268.0,2.0,171.0,112.0,58.6,,,146.8,184.5,43.1,139.9,1.1399575326400901,0.251865671641791,0.034129692832764506,Low
76269,28,2,21.0,14.0,175.0,2.0,169.0,67.0,101.6,100.0,62.0,70.2,179.6,21.8,79.6,0.8979977728257459,0.3,0.01968503937007874,Low
76270,24,2,16.0,16.0,216.0,2.0,147.0,,,120.0,58.0,56.4,157.8,22.6,76.3,0.4444444444444444,0.1851851851851852,,Low
76271,61,1,29.0,20.0,172.0,2.0,178.0,65.0,112.6,154.0,94.0,82.1,174.3,27.0,100.6,2.2997699140680976,0.4215116279069767,0.017761989342806397,Moderate
76272,42,2,17.0,18.0,284.0,2.0,137.0,82.0,54.6,100.0,64.0,92.8,160.2,36.2,119.2,0.5925754011352053,0.14964788732394366,0.03663003663003663,Low
76276,42,1,25.0,42.0,279.0,2.0,253.0,140.0,112.6,116.0,74.0,80.4,158.1,32.2,99.1,0.5807115321153996,0.2240143369175627,0.017761989342806397,Low
76277,80,1,21.0,14.0,197.0,2.0,121.0,65.0,55.6,122.0,68.0,96.6,175.6,31.3,107.9,2.27918216453235,0.26649746192893403,0.03597122302158273,Moderate
76281,49,2,17.0,12.0,139.0,2.0,207.0,,,136.0,60.0,42.2,166.8,15.2,64.0,1.7299740080394181,0.3057553956834532,,Moderate
76282,62,2,23.0,22.0,198.0,2.0,153.0,,,,,57.3,160.9,22.1,95.4,1.5354758662782853,0.2904040404040404,,Moderate
76284,29,1,18.0,24.0,163.0,2.0,89.0,45.0,43.6,110.0,70.0,88.8,174.6,29.1,102.4,0.6536981828899893,0.27607361963190186,0.04587155963302752,Low
76285,40,1,33.0,40.0,154.0,2.0,270.0,177.0,92.6,106.0,66.0,72.9,175.9,23.6,85.7,1.3552618543578767,0.5357142857142857,0.021598272138228944,Moderate
76288,30,2,20.0,17.0,300.0,2.0,156.0,,,106.0,74.0,50.2,164.5,18.6,76.9,0.48507125007266594,0.16666666666666669,,Low
76289,24,2,20.0,14.0,221.0,2.0,127.0,61.0,65.6,128.0,68.0,57.1,152.9,24.4,77.2,0.580476905511148,0.22624434389140274,0.030487804878048783,Low
76290,42,2,20.0,23.0,220.0,2.0,245.0,,,106.0,56.0,98.0,164.8,36.1,113.2,0.7961459445815582,0.22727272727272727,,Low
76294,72,1,20.0,20.0,361.0,2.0,145.0,,,116.0,50.0,95.6,171.9,32.4,107.7,0.8919495533517167,0.13850415512465375,,Low
76295,41,1,29.0,34.0,178.0,2.0,220.0,,,118.0,66.0,94.3,171.0,32.2,108.9,1.1455720097440616,0.40730337078651685,,Low
76296,33,2,21.0,16.0,311.0,2.0,186.0,,,108.0,60.0,81.5,166.3,29.5,93.0,0.5570739549839229,0.16881028938906753,,Low
76298,57,2,22.0,25.0,205.0,2.0,196.0,115.0,80.6,140.0,84.0,92.7,154.4,38.9,115.7,1.2234146341463414,0.2682926829268293,0.02481389578163772,Low
76301,28,2,17.0,24.0,266.0,2.0,171.0,88.0,82.6,116.0,80.0,94.1,167.3,33.6,100.3,0.36527478620450904,0.15977443609022557,0.02421307506053269,Low
76302,49,1,38.0,19.0,249.0,2.0,197.0,,,130.0,80.0,87.4,179.0,27.3,93.4,1.7155505882208273,0.38152610441767065,,Moderate
76303,43,2,20.0,15.0,183.0,2.0,191.0,137.0,53.6,,,72.1,161.0,27.8,92.0,1.213393689522178,0.273224043715847,0.03731343283582089,Low
76304,18,2,15.0,11.0,300.0,2.0,142.0,71.0,70.6,118.0,66.0,46.6,162.4,17.7,63.5,0.2713602101199873,0.125,0.028328611898017,Low
76305,18,1,21.0,19.0,173.0,2.0,126.0,,,104.0,40.0,52.4,160.5,20.3,70.8,0.5012667479946378,0.3034682080924856,,Low
76306,66,1,23.0,20.0,270.0,2.0,179.0,100.0,78.6,148.0,70.0,76.4,180.3,23.5,96.6,1.2571671073498818,0.21296296296296294,0.025445292620865142,Low
76307,41,2,16.0,12.0,162.0,2.0,194.0,119.0,74.6,124.0,66.0,54.4,158.9,21.5,86.8,1.1689561005814644,0.24691358024691357,0.02680965147453083,Low
76310,50,2,19.0,15.0,238.0,2.0,176.0,94.0,81.6,106.0,62.0,57.8,160.8,22.4,78.3,1.0306258204193406,0.1995798319327731,0.02450980392156863,Low
76312,65,2,22.0,20.0,192.0,2.0,156.0,,,142.0,76.0,79.9,160.9,30.9,104.0,1.6654047957420308,0.28645833333333337,,Moderate
76314,38,2,15.0,12.0,288.0,2.0,172.0,94.0,77.6,116.0,64.0,73.8,176.2,23.8,93.0,0.5713362038855672,0.13020833333333331,0.025773195876288662,Low
76316,45,2,17.0,15.0,207.0,2.0,194.0,92.0,101.6,120.0,68.0,89.8,170.3,31.0,98.5,0.9542132881960302,0.20531400966183577,0.01968503937007874,Low
76320,63,2,28.0,21.0,180.0,2.0,240.0,151.0,88.6,126.0,82.0,66.6,162.7,25.2,91.5,2.1385353243127256,0.3888888888888889,0.022573363431151242,Moderate
76322,43,2,36.0,38.0,292.0,2.0,145.0,83.0,61.6,128.0,86.0,80.8,166.9,29.0,109.2,0.8599957531178781,0.3082191780821918,0.032467532467532464,Low
76325,64,1,28.0,24.0,217.0,2.0,223.0,158.0,64.6,118.0,58.0,66.7,155.7,27.5,95.0,1.685670360624983,0.3225806451612903,0.030959752321981428,Moderate
76326,32,1,29.0,39.0,188.0,2.0,154.0,,,110.0,54.0,94.8,173.6,31.5,100.9,0.790419823037877,0.38563829787234044,,Low
76333,80,2,24.0,18.0,207.0,2.0,208.0,120.0,87.6,,,45.7,142.8,22.4,,2.186223864538118,0.2898550724637681,0.022831050228310504,Moderate
76335,65,1,21.0,19.0,176.0,2.0,182.0,,,128.0,80.0,88.3,174.3,29.1,105.1,1.7792754359847545,0.2982954545454546,,Moderate
76342,43,2,18.0,15.0,221.0,2.0,152.0,84.0,67.6,104.0,64.0,103.9,164.6,38.3,112.9,0.9042802744991073,0.20361990950226247,0.02958579881656805,Low
76347,32,2,17.0,14.0,310.0,2.0,168.0,,,122.0,82.0,112.1,164.2,41.6,130.4,0.46900037290438346,0.13709677419354838,,Low
76348,41,2,25.0,20.0,288.0,2.0,195.0,,,100.0,68.0,49.0,153.5,20.8,73.2,0.7958228044921126,0.2170138888888889,,Low
76349,38,1,36.0,38.0,192.0,2.0,180.0,110.0,69.6,116.0,68.0,140.0,183.2,41.7,147.2,1.155827625556683,0.46875,0.02873563218390805,Low
76351,43,2,15.0,12.0,213.0,2.0,194.0,108.0,85.6,102.0,58.0,79.7,150.1,35.4,110.7,0.874157097716687,0.17605633802816903,0.023364485981308414,Low
76354,54,1,22.0,17.0,164.0,2.0,144.0,,,,,101.0,171.8,34.2,121.0,1.7569044057509973,0.3353658536585366,,Moderate
76356,23,2,20.0,15.0,242.0,2.0,222.0,145.0,76.6,102.0,64.0,65.3,156.6,26.6,97.7,0.49079127803179384,0.2066115702479339,0.026109660574412535,Low
76363,73,2,29.0,18.0,241.0,2.0,201.0,112.0,88.6,106.0,62.0,68.2,153.2,29.1,105.1,2.0704634243041786,0.3008298755186722,0.022573363431151242,Moderate
76365,55,1,24.0,13.0,245.0,2.0,196.0,,,142.0,94.0,79.0,174.4,26.0,99.0,1.49429440615776,0.24489795918367346,,Moderate
76366,37,2,20.0,19.0,220.0,2.0,136.0,,,114.0,72.0,78.1,157.2,31.6,94.7,0.771671104837344,0.22727272727272727,,Low
76367,42,1,25.0,29.0,251.0,2.0,203.0,141.0,61.6,98.0,74.0,83.2,167.6,29.6,100.8,0.7768131676729262,0.24900398406374502,0.032467532467532464,Low
76369,31,1,48.0,43.0,189.0,2.0,205.0,,,128.0,76.0,73.4,175.8,23.7,88.6,1.2006236648408242,0.6349206349206349,,Low
76371,18,1,24.0,26.0,273.0,2.0,228.0,,,116.0,64.0,52.4,161.5,20.1,71.6,0.3103376204384451,0.21978021978021978,,Low
76373,20,1,21.0,17.0,266.0,2.0,140.0,95.0,44.6,108.0,58.0,73.6,183.4,21.9,82.7,0.38295098689947316,0.19736842105263158,0.04484304932735426,Low
76375,30,2,14.0,16.0,219.0,2.0,200.0,,,102.0,62.0,70.4,152.0,30.5,100.2,0.4794520547945205,0.1598173515981735,,Low
76376,56,2,16.0,9.0,246.0,2.0,172.0,,,134.0,76.0,62.2,158.2,24.9,83.0,1.2140921409214092,0.16260162601626016,,Low
76377,36,1,24.0,27.0,206.0,2.0,190.0,136.0,53.6,110.0,80.0,73.4,172.3,24.7,92.3,0.8071693083816127,0.2912621359223301,0.03731343283582089,Low
76383,23,1,32.0,44.0,397.0,2.0,213.0,,,138.0,60.0,128.2,178.3,40.3,119.3,0.27948658640961466,0.20151133501259444,,Low
76385,57,1,49.0,88.0,189.0,2.0,190.0,113.0,76.6,116.0,68.0,69.9,158.0,28.0,93.8,1.5753164041831214,0.6481481481481483,0.026109660574412535,Moderate
76387,25,2,21.0,32.0,281.0,2.0,195.0,,,104.0,64.0,58.3,163.0,21.9,80.6,0.33027674388161693,0.18683274021352314,,Low
76388,43,2,16.0,13.0,196.0,2.0,175.0,,,136.0,90.0,74.2,154.5,31.1,92.5,0.9735554464361165,0.20408163265306123,,Low
76390,23,1,26.0,14.0,204.0,2.0,153.0,100.0,52.6,106.0,62.0,55.8,172.3,18.8,74.8,0.7834422679589695,0.31862745098039214,0.03802281368821293,Low
76391,80,2,25.0,15.0,256.0,2.0,174.0,59.0,114.6,174.0,98.0,66.6,159.3,26.2,99.7,2.017178826149696,0.244140625,0.017452006980802792,Moderate
76397,69,1,25.0,19.0,250.0,2.0,286.0,212.0,73.6,,,64.7,156.4,26.5,98.2,1.582968563706876,0.25,0.027173913043478264,Moderate
76400,61,1,24.0,21.0,179.0,2.0,178.0,,,120.0,72.0,68.3,170.6,23.5,86.7,1.7847541413714685,0.33519553072625696,,Moderate
76401,18,2,22.0,19.0,237.0,2.0,197.0,116.0,80.6,90.0,58.0,54.2,160.0,21.2,77.1,0.3833275553280272,0.23206751054852323,0.02481389578163772,Low
76402,80,2,22.0,27.0,186.0,2.0,201.0,127.0,73.6,154.0,70.0,67.1,154.0,28.3,87.8,1.8210331071214003,0.2956989247311828,0.027173913043478264,Moderate
76403,59,2,17.0,16.0,329.0,2.0,309.0,218.0,90.6,112.0,76.0,61.0,157.2,24.7,83.7,0.7621580547112462,0.12917933130699089,0.02207505518763797,Low
76404,68,2,22.0,14.0,222.0,2.0,194.0,,,124.0,74.0,44.1,158.3,17.6,63.5,1.8010036842386798,0.24774774774774777,,Moderate
76405,50,2,16.0,20.0,239.0,2.0,223.0,155.0,67.6,126.0,78.0,82.8,163.8,30.9,96.1,0.7484746368200133,0.1673640167364017,0.02958579881656805,Low
76406,36,1,17.0,18.0,210.0,2.0,168.0,,,116.0,56.0,71.2,183.4,21.2,79.6,0.6869037302955033,0.20238095238095236,,Low
76408,48,1,18.0,14.0,232.0,2.0,165.0,99.0,65.6,138.0,72.0,77.8,182.3,23.4,84.2,0.9953177285014426,0.1939655172413793,0.030487804878048783,Low
76409,20,2,37.0,46.0,213.0,2.0,182.0,,,,,63.2,148.6,28.6,89.9,0.5122396598808633,0.4342723004694836,,Low
76411,63,2,23.0,21.0,280.0,2.0,258.0,175.0,82.6,138.0,72.0,67.6,147.3,31.2,101.3,1.1292775819712606,0.20535714285714285,0.02421307506053269,Low
76415,25,1,16.0,11.0,579.0,2.0,151.0,,,106.0,68.0,51.7,169.9,17.9,68.3,0.2082979927998367,0.06908462867012091,,Low
76418,40,1,20.0,33.0,118.0,2.0,94.0,,,118.0,76.0,104.6,188.2,29.5,102.7,1.180187498004731,0.423728813559322,,Low
76422,69,1,40.0,26.0,332.0,2.0,148.0,84.0,63.6,134.0,76.0,74.0,169.4,25.8,99.1,1.630363051148759,0.30120481927710846,0.031446540880503145,Moderate
76423,74,2,33.0,26.0,149.0,2.0,213.0,,,122.0,54.0,57.6,161.4,22.1,92.3,3.214198671190909,0.5536912751677852,,High
76424,60,1,25.0,25.0,218.0,2.0,250.0,,,134.0,78.0,86.3,176.5,27.7,99.3,1.3761467889908257,0.286697247706422,,Moderate
76425,29,1,29.0,43.0,224.0,2.0,175.0,,,116.0,68.0,85.4,171.6,29.0,102.1,0.5725504359362523,0.32366071428571425,,Low
76427,37,1,31.0,34.0,173.0,2.0,245.0,,,138.0,74.0,83.2,174.1,27.4,95.9,1.1370455327078475,0.4479768786127168,,Low
76429,63,1,19.0,18.0,226.0,2.0,215.0,134.0,80.6,124.0,82.0,60.3,166.2,21.8,87.3,1.2483876358116481,0.21017699115044247,0.02481389578163772,Low
76432,18,1,19.0,27.0,186.0,2.0,127.0,39.0,87.6,124.0,74.0,90.2,183.3,26.8,96.6,0.35385984240654483,0.2553763440860215,0.022831050228310504,Low
76433,44,1,18.0,15.0,225.0,2.0,181.0,118.0,62.6,118.0,66.0,87.3,179.3,27.2,104.6,0.908860091910007,0.2,0.03194888178913738,Low
76434,50,1,20.0,27.0,241.0,2.0,183.0,,,,,76.8,162.3,29.2,97.5,0.7985480901654574,0.2074688796680498,,Low
76435,69,2,21.0,19.0,226.0,2.0,199.0,,,144.0,66.0,91.8,158.1,36.7,103.0,1.4708999928249733,0.2323008849557522,,Moderate
76436,78,1,24.0,17.0,218.0,2.0,197.0,,,130.0,78.0,94.2,175.5,30.6,110.1,2.082691238844107,0.2752293577981651,,Moderate
76437,64,1,21.0,28.0,202.0,2.0,285.0,198.0,86.6,126.0,78.0,84.4,174.7,27.7,103.2,1.2573867616940626,0.2599009900990099,0.023094688221709007,Low
76439,28,1,37.0,39.0,149.0,2.0,198.0,,,120.0,68.0,82.7,162.2,31.4,101.3,1.1133742774635589,0.6208053691275168,,Low
76440,49,2,24.0,17.0,275.0,2.0,207.0,,,108.0,64.0,67.3,162.4,25.5,84.6,1.0371705274281002,0.2181818181818182,,Low
76442,78,2,23.0,22.0,294.0,2.0,203.0,99.0,103.6,116.0,56.0,69.6,170.6,23.9,99.9,1.30095947327199,0.19557823129251697,0.019305019305019305,Moderate
76443,63,1,28.0,28.0,274.0,2.0,199.0,,,170.0,92.0,99.4,178.4,31.2,,1.216659362022403,0.25547445255474455,,Low
76444,51,2,26.0,21.0,142.0,2.0,240.0,140.0,99.6,88.0,60.0,62.2,168.5,21.9,80.4,2.0377248060065205,0.45774647887323944,0.020080321285140562,Moderate
76446,46,2,17.0,11.0,224.0,2.0,167.0,,,118.0,66.0,68.6,165.0,25.2,,1.0525976404455855,0.18973214285714285,,Low
76447,80,2,24.0,18.0,203.0,2.0,220.0,121.0,98.6,124.0,50.0,56.2,160.4,21.8,79.9,2.2293021672876376,0.29556650246305416,0.02028397565922921,Moderate
76451,34,2,17.0,13.0,207.0,2.0,194.0,109.0,84.6,116.0,70.0,66.0,161.7,25.2,94.8,0.7744365058410204,0.20531400966183577,0.023640661938534282,Low
76453,42,2,22.0,28.0,173.0,2.0,231.0,,,126.0,70.0,86.5,164.9,31.8,105.5,1.009361771851231,0.3179190751445087,,Low
76455,69,2,23.0,11.0,293.0,2.0,217.0,144.0,72.6,,,94.9,166.8,34.1,117.0,1.6331006957164194,0.1962457337883959,0.027548209366391185,Moderate
76459,33,1,29.0,33.0,276.0,2.0,199.0,,,114.0,58.0,126.6,188.0,35.8,124.5,0.6035953505420393,0.26268115942028986,,Low
76461,52,2,22.0,18.0,334.0,2.0,272.0,,,108.0,74.0,94.9,175.0,31.0,105.7,0.8073155266241622,0.16467065868263475,,Low
76464,33,1,17.0,20.0,324.0,2.0,234.0,,,126.0,82.0,76.3,173.8,25.3,93.0,0.38717102943746357,0.13117283950617284,,Low
76465,71,2,17.0,16.0,119.0,2.0,156.0,82.0,73.6,116.0,56.0,60.9,162.3,23.1,86.2,2.5357142857142856,0.35714285714285715,0.027173913043478264,Moderate
76466,39,2,25.0,21.0,290.0,2.0,193.0,,,106.0,64.0,77.3,152.4,33.3,102.7,0.7336635964830778,0.21551724137931033,,Low
76468,73,1,18.0,14.0,228.0,2.0,176.0,109.0,66.6,132.0,50.0,77.6,172.7,26.0,95.8,1.5402687362847616,0.19736842105263158,0.030030030030030033,Moderate
76469,72,1,16.0,16.0,154.0,2.0,207.0,,,148.0,84.0,124.0,166.3,44.8,143.1,1.87012987012987,0.2597402597402597,,Moderate
76470,49,2,19.0,12.0,406.0,2.0,158.0,70.0,87.6,116.0,78.0,60.5,163.8,22.5,,0.661961946570864,0.11699507389162563,0.022831050228310504,Low
76472,52,2,115.0,69.0,323.0,2.0,184.0,88.0,95.6,134.0,70.0,110.8,163.7,41.3,124.5,2.228815484374303,0.890092879256966,0.020920502092050212,Moderate
76476,39,2,24.0,37.0,285.0,2.0,190.0,,,116.0,74.0,114.4,165.3,41.9,127.4,0.5399208846239103,0.21052631578947367,,Low
76477,73,2,25.0,14.0,202.0,2.0,221.0,,,140.0,70.0,89.0,156.3,36.4,112.2,2.4146127053969035,0.3094059405940594,,Moderate
76480,24,2,18.0,17.0,298.0,2.0,199.0,,,120.0,90.0,120.3,169.9,41.7,125.7,0.3515952685090465,0.15100671140939598,,Low
76481,67,2,27.0,17.0,280.0,2.0,180.0,,,142.0,86.0,45.3,155.2,18.8,79.1,1.5669533774668798,0.2410714285714286,,Moderate
76482,42,2,19.0,12.0,294.0,2.0,234.0,,,108.0,82.0,114.6,164.8,42.2,133.2,0.7835467939002064,0.16156462585034012,,Low
76484,63,1,18.0,10.0,263.0,2.0,248.0,,,138.0,100.0,79.6,173.5,26.4,93.0,1.3635067933957954,0.1711026615969582,,Moderate
76486,24,2,38.0,30.0,278.0,2.0,174.0,,,104.0,62.0,78.0,165.9,28.3,97.5,0.5989484082070882,0.34172661870503596,,Low
76487,23,2,20.0,15.0,232.0,2.0,171.0,,,106.0,72.0,50.6,162.7,19.1,71.2,0.5119460744986815,0.21551724137931033,,Low
76488,41,1,27.0,25.0,292.0,2.0,163.0,,,146.0,50.0,54.8,164.7,20.2,78.9,0.7582191780821917,0.23116438356164384,,Low
76489,39,1,16.0,18.0,212.0,2.0,202.0,,,,,67.7,169.9,23.5,85.1,0.6937651438056693,0.18867924528301888,,Low
76490,68,2,78.0,136.0,178.0,2.0,188.0,95.0,92.6,108.0,78.0,65.7,164.8,24.2,88.3,2.5551362235838955,1.095505617977528,0.021598272138228944,Moderate
76491,23,2,19.0,16.0,176.0,2.0,278.0,,,124.0,80.0,61.3,164.2,22.7,93.5,0.6207386363636364,0.26988636363636365,,Low
76493,38,1,26.0,25.0,193.0,2.0,146.0,,,138.0,96.0,92.9,170.0,32.1,100.4,1.0238341968911917,0.3367875647668394,,Low
76494,29,1,23.0,22.0,243.0,2.0,144.0,,,118.0,70.0,63.9,168.4,22.5,80.9,0.5852052584740417,0.23662551440329216,,Low
76496,23,2,18.0,20.0,285.0,2.0,121.0,65.0,55.6,96.0,50.0,62.4,151.1,27.3,91.4,0.3248182956789168,0.15789473684210525,0.03597122302158273,Low
76508,55,2,29.0,23.0,308.0,2.0,233.0,,,126.0,76.0,83.6,159.9,32.7,107.4,1.0798067870812802,0.23538961038961037,,Low
76509,24,1,247.0,74.0,243.0,2.0,170.0,95.0,74.6,100.0,48.0,60.9,169.4,21.2,76.7,2.835868322935641,2.541152263374485,0.02680965147453083,High
76511,52,2,16.0,17.0,279.0,2.0,155.0,86.0,68.6,106.0,60.0,90.3,164.3,33.5,113.2,0.7232603585312868,0.14336917562724014,0.02915451895043732,Low
76514,26,2,20.0,15.0,218.0,2.0,181.0,86.0,94.6,108.0,62.0,52.5,160.3,20.4,73.7,0.6158872599473567,0.22935779816513763,0.021141649048625793,Low
76515,72,2,26.0,27.0,275.0,2.0,200.0,,,158.0,62.0,60.1,144.5,28.8,106.6,1.310060247179369,0.2363636363636364,,Moderate
76518,47,1,35.0,29.0,196.0,2.0,178.0,,,108.0,78.0,90.7,174.4,29.8,96.9,1.5585144454145425,0.4464285714285714,,Moderate
76523,30,2,18.0,14.0,221.0,2.0,160.0,,,96.0,60.0,76.3,157.5,30.8,97.5,0.6530365187000415,0.20361990950226247,,Low
76524,18,1,18.0,11.0,192.0,2.0,148.0,83.0,64.6,114.0,54.0,72.0,186.0,20.8,86.2,0.5088003939749761,0.234375,0.030959752321981428,Low
76527,68,1,21.0,25.0,192.0,2.0,199.0,125.0,73.6,120.0,62.0,74.3,181.2,22.6,90.7,1.4875,0.2734375,0.027173913043478264,Moderate
76528,43,2,18.0,14.0,212.0,2.0,166.0,102.0,63.6,106.0,76.0,52.3,152.8,22.4,,0.9757556662274363,0.21226415094339623,0.031446540880503145,Low
76529,18,2,18.0,12.0,244.0,2.0,236.0,143.0,92.6,100.0,54.0,49.1,157.6,19.8,70.4,0.3833227197078663,0.18442622950819673,0.021598272138228944,Low
76530,80,2,17.0,13.0,235.0,2.0,133.0,,,156.0,78.0,81.0,163.0,30.5,,1.6050899295027907,0.18085106382978725,,Moderate
76532,38,1,19.0,22.0,269.0,2.0,227.0,,,,,104.9,175.4,34.1,108.4,0.5722338929693336,0.1765799256505576,,Low
76533,67,1,41.0,37.0,128.0,2.0,175.0,,,188.0,80.0,66.2,174.4,21.8,83.5,3.5281563916235665,0.8007812499999999,,High
76534,52,1,23.0,22.0,331.0,2.0,221.0,127.0,93.6,138.0,92.0,105.4,178.5,33.1,112.7,0.7703566669525984,0.17371601208459214,0.021367521367521368,Low
76536,37,2,18.0,14.0,253.0,2.0,169.0,,,112.0,78.0,67.3,152.0,29.1,94.3,0.7035414510421922,0.17786561264822137,,Low
76539,36,2,16.0,20.0,306.0,2.0,176.0,104.0,71.6,104.0,58.0,53.5,165.7,19.5,78.4,0.4209069134117251,0.13071895424836602,0.02793296089385475,Low
76540,69,1,19.0,22.0,274.0,2.0,153.0,84.0,68.6,134.0,68.0,91.0,164.0,33.8,120.9,1.0200953983292163,0.17335766423357662,0.02915451895043732,Low
76541,26,1,19.0,31.0,232.0,2.0,244.0,177.0,66.6,112.0,56.0,77.5,168.3,27.4,91.3,0.38243542759149485,0.2047413793103448,0.030030030030030033,Low
76543,40,1,22.0,20.0,201.0,2.0,177.0,111.0,65.6,106.0,64.0,82.4,171.3,28.1,94.8,0.978975034925281,0.27363184079601993,0.030487804878048783,Low
76548,62,1,20.0,18.0,245.0,2.0,147.0,75.0,71.6,114.0,74.0,95.9,170.4,33.0,111.9,1.1929420526140393,0.20408163265306123,0.02793296089385475,Low
76549,74,1,18.0,13.0,180.0,2.0,104.0,67.0,36.6,132.0,60.0,83.2,177.0,26.6,103.2,2.0523907260333476,0.25,0.0546448087431694,Moderate
76550,70,1,34.0,27.0,219.0,2.0,252.0,178.0,73.6,146.0,66.0,73.4,171.2,25.0,93.5,2.0914667285712474,0.3881278538812785,0.027173913043478264,Moderate
76551,56,2,20.0,19.0,197.0,2.0,195.0,116.0,78.6,106.0,68.0,59.0,155.0,24.6,84.5,1.3042924971321277,0.25380710659898476,0.025445292620865142,Moderate
76553,22,1,19.0,21.0,250.0,2.0,160.0,86.0,73.6,100.0,62.0,59.0,166.6,21.3,78.1,0.3648603124745793,0.19,0.027173913043478264,Low
76556,45,1,24.0,32.0,184.0,2.0,173.0,,,118.0,64.0,82.9,166.7,29.8,105.8,1.0376023419585207,0.32608695652173914,,Low
76557,54,1,21.0,30.0,262.0,2.0,230.0,169.0,60.6,142.0,86.0,72.2,161.2,27.8,95.5,0.7902256745685221,0.20038167938931298,0.033003300330033,Low
76558,64,2,20.0,13.0,166.0,2.0,206.0,117.0,88.6,140.0,64.0,49.0,145.4,23.2,83.9,2.138603166169558,0.30120481927710846,0.022573363431151242,Moderate
76560,57,1,27.0,21.0,214.0,2.0,212.0,,,124.0,76.0,59.2,167.4,21.1,78.5,1.569333332117721,0.31542056074766356,,Moderate
76561,61,1,19.0,20.0,195.0,2.0,248.0,,,150.0,76.0,72.5,172.7,24.3,94.9,1.329027069703721,0.24358974358974356,,Moderate
76565,80,2,22.0,16.0,199.0,2.0,204.0,,,122.0,68.0,83.0,165.1,30.4,,2.2110552763819094,0.2763819095477387,,Moderate
76568,64,2,23.0,26.0,242.0,2.0,213.0,134.0,78.6,128.0,50.0,137.1,164.3,50.8,148.7,1.1929047558818466,0.23760330578512395,0.025445292620865142,Low
76569,45,1,27.0,24.0,201.0,2.0,210.0,,,112.0,46.0,53.4,154.5,22.4,75.5,1.2338847584915265,0.3358208955223881,,Low
76571,57,1,30.0,30.0,154.0,2.0,195.0,119.0,75.6,156.0,84.0,76.4,177.4,24.3,89.9,2.0272847907658744,0.487012987012987,0.026455026455026457,Moderate
76574,38,2,19.0,18.0,295.0,2.0,173.0,,,148.0,90.0,102.5,169.2,35.8,120.0,0.57687129493411,0.16101694915254236,,Low
76575,69,2,29.0,34.0,225.0,2.0,168.0,,,,,91.1,166.8,32.7,111.5,1.5251940838673785,0.32222222222222224,,Moderate
76576,80,2,26.0,19.0,238.0,2.0,190.0,93.0,96.6,134.0,68.0,70.3,158.5,28.0,107.2,2.0049778422301197,0.273109243697479,0.020703933747412008,Moderate
76577,23,2,18.0,10.0,363.0,2.0,187.0,,,132.0,78.0,66.9,160.2,26.1,87.7,0.36065646041589783,0.12396694214876033,,Low
76578,43,1,27.0,24.0,233.0,2.0,190.0,,,106.0,62.0,80.6,168.1,28.5,95.0,1.017116448988294,0.28969957081545067,,Low
76580,71,2,20.0,14.0,217.0,2.0,243.0,,,146.0,76.0,92.8,160.6,36.0,111.2,1.7488984493808415,0.2304147465437788,,Moderate
76584,49,2,23.0,16.0,224.0,2.0,257.0,,,114.0,82.0,65.9,168.0,23.3,86.5,1.2578125,0.25669642857142855,,Low
76586,45,2,24.0,20.0,371.0,2.0,300.0,,,106.0,68.0,79.0,167.3,28.2,102.0,0.6509308398112595,0.16172506738544476,,Low
76587,62,1,28.0,33.0,294.0,2.0,163.0,,,116.0,70.0,75.9,162.4,28.8,102.0,1.027887111357454,0.23809523809523808,,Low
76589,38,1,15.0,17.0,227.0,2.0,160.0,101.0,58.6,120.0,80.0,72.1,184.6,21.2,84.5,0.6090101597828625,0.16519823788546256,0.034129692832764506,Low
76590,67,2,23.0,31.0,221.0,2.0,145.0,75.0,69.6,128.0,54.0,86.9,162.1,33.1,105.8,1.2523609521414487,0.2601809954751131,0.02873563218390805,Low
76591,28,2,40.0,41.0,244.0,2.0,120.0,,,,,117.5,167.1,42.1,117.5,0.7168631693247491,0.4098360655737705,,Low
76593,76,1,27.0,15.0,171.0,2.0,151.0,,,106.0,66.0,59.4,170.7,20.4,78.8,3.098386676965933,0.39473684210526316,,High
76596,46,2,30.0,65.0,250.0,2.0,173.0,110.0,62.6,120.0,84.0,80.4,155.5,33.3,99.2,0.6846717349324307,0.3,0.03194888178913738,Low
76597,41,2,19.0,14.0,184.0,2.0,150.0,86.0,63.6,106.0,58.0,79.8,165.0,29.3,98.5,1.1315027578792316,0.25815217391304346,0.031446540880503145,Low
76598,40,1,102.0,159.0,281.0,2.0,191.0,,,138.0,82.0,69.1,172.4,23.2,86.0,1.1514770354911132,0.9074733096085409,,Low
76599,63,1,23.0,13.0,272.0,2.0,131.0,,,128.0,64.0,102.6,177.3,32.6,122.2,1.4775010741366859,0.2113970588235294,,Moderate
76600,40,2,32.0,33.0,113.0,2.0,238.0,145.0,92.6,,,59.9,154.8,25.0,,1.9718530940114445,0.7079646017699116,0.021598272138228944,Moderate
76601,39,1,22.0,22.0,218.0,1.0,183.0,110.0,72.8,114.0,68.0,80.3,180.0,24.8,97.8,0.839111076298687,0.2522935779816514,0.013736263736263736,Low
76602,40,2,20.0,19.0,244.0,2.0,184.0,,,120.0,86.0,156.6,174.4,51.5,149.5,0.7521827340018419,0.20491803278688525,,Low
76604,61,1,19.0,18.0,164.0,2.0,263.0,,,120.0,70.0,82.0,177.8,25.9,105.4,1.6657251207219688,0.2896341463414634,,Moderate
76606,57,2,27.0,26.0,276.0,2.0,137.0,,,182.0,80.0,82.3,153.4,35.0,102.1,1.0935606231074828,0.24456521739130438,,Low
76608,38,2,17.0,12.0,283.0,2.0,223.0,,,104.0,68.0,66.0,155.9,27.2,89.7,0.6589545475203149,0.1501766784452297,,Low
76609,21,2,20.0,14.0,419.0,2.0,144.0,73.0,70.6,94.0,64.0,48.5,157.8,19.5,71.8,0.2678990969050555,0.11933174224343676,0.028328611898017,Low
76612,62,1,23.0,37.0,236.0,2.0,218.0,,,136.0,68.0,77.2,170.7,26.5,98.4,0.993359982616269,0.24364406779661013,,Low
76613,32,1,29.0,63.0,185.0,1.0,143.0,,,118.0,66.0,73.3,177.8,23.2,85.1,0.6319838395541673,0.3918918918918919,,Low
76614,41,2,44.0,20.0,284.0,2.0,210.0,,,158.0,92.0,124.6,169.7,43.3,133.0,1.4203755744400073,0.38732394366197187,,Moderate
76615,69,1,25.0,11.0,312.0,2.0,191.0,,,106.0,56.0,65.5,170.3,22.6,97.2,1.6670098378097506,0.2003205128205128,,Moderate
76617,18,1,20.0,27.0,209.0,2.0,160.0,91.0,68.6,118.0,50.0,84.9,182.2,25.6,83.6,0.33149297752514395,0.23923444976076555,0.02915451895043732,Low
76619,31,2,18.0,18.0,322.0,2.0,174.0,116.0,57.6,110.0,74.0,64.9,174.5,21.3,82.6,0.4084529854058939,0.13975155279503107,0.034722222222222224,Low
76622,22,1,17.0,19.0,246.0,2.0,174.0,,,124.0,66.0,90.7,186.4,26.1,97.3,0.348786522225976,0.17276422764227642,,Low
76624,51,1,17.0,21.0,206.0,2.0,167.0,,,,,59.2,173.1,19.8,76.3,0.918421897255366,0.20631067961165045,,Low
76626,51,2,16.0,18.0,220.0,2.0,289.0,212.0,76.6,122.0,76.0,65.9,155.2,27.4,90.8,0.8742411112851861,0.18181818181818182,0.026109660574412535,Low
76627,76,2,21.0,13.0,202.0,2.0,140.0,62.0,77.6,130.0,48.0,68.4,147.9,31.3,97.5,2.191340379147192,0.2599009900990099,0.025773195876288662,Moderate
76629,25,1,27.0,24.0,140.0,2.0,184.0,,,114.0,72.0,114.3,179.3,35.6,107.2,0.9841699859396699,0.4821428571428572,,Low
76630,39,2,18.0,19.0,236.0,2.0,167.0,,,116.0,54.0,49.7,154.3,20.9,70.9,0.6824145982081963,0.19067796610169493,,Low
76631,80,2,19.0,13.0,186.0,2.0,172.0,82.0,89.6,122.0,72.0,87.6,153.4,37.2,,2.266516930812764,0.2553763440860215,0.022321428571428572,Moderate
76632,49,1,28.0,21.0,166.0,2.0,187.0,,,122.0,82.0,50.2,166.1,18.2,73.8,1.8035840084565156,0.42168674698795183,,Moderate
76633,48,1,29.0,45.0,179.0,2.0,217.0,124.0,92.6,122.0,70.0,74.9,175.2,24.4,90.4,1.1592575883350864,0.40502793296089384,0.021598272138228944,Low
76634,43,2,17.0,14.0,164.0,2.0,193.0,,,114.0,78.0,56.9,166.4,20.5,79.7,1.1912680965730622,0.25914634146341464,,Low
76635,59,1,17.0,14.0,218.0,2.0,219.0,,,134.0,68.0,66.9,170.0,23.1,90.9,1.2296469065970719,0.19495412844036697,,Low
76636,29,2,19.0,14.0,218.0,2.0,195.0,129.0,65.6,114.0,80.0,55.0,163.0,20.7,70.7,0.6755089187786506,0.2178899082568807,0.030487804878048783,Low
76637,42,2,15.0,15.0,231.0,2.0,150.0,98.0,51.6,116.0,68.0,94.7,162.8,35.7,121.3,0.7041787902195303,0.16233766233766234,0.03875968992248062,Low
76638,63,2,19.0,25.0,191.0,2.0,205.0,130.0,74.6,148.0,82.0,84.2,160.1,32.8,108.5,1.2534031413612565,0.24869109947643978,0.02680965147453083,Low
76639,43,1,18.0,12.0,171.0,2.0,132.0,,,122.0,90.0,59.3,170.5,20.4,75.4,1.3066348197449424,0.2631578947368421,,Moderate
76641,42,2,21.0,20.0,200.0,2.0,173.0,117.0,55.6,116.0,74.0,127.0,167.4,45.3,133.5,0.9861059780774073,0.2625,0.03597122302158273,Low
76642,40,2,18.0,14.0,133.0,2.0,126.0,58.0,67.6,104.0,72.0,68.5,165.2,25.1,77.7,1.446827775766508,0.3383458646616541,0.02958579881656805,Moderate
76643,41,2,23.0,17.0,279.0,2.0,182.0,116.0,65.6,134.0,88.0,87.7,157.7,35.3,106.2,0.8197530265564945,0.20609318996415768,0.030487804878048783,Low
76645,52,1,31.0,31.0,255.0,2.0,182.0,,,144.0,86.0,69.1,168.3,24.4,92.3,1.1353872426163183,0.303921568627451,,Low
76649,59,1,32.0,30.0,187.0,2.0,224.0,139.0,84.6,108.0,56.0,71.4,175.6,23.2,89.3,1.8433158441528588,0.42780748663101603,0.023640661938534282,Moderate
76653,66,2,18.0,22.0,226.0,2.0,268.0,,,122.0,78.0,65.9,155.8,27.1,91.5,1.120718809869315,0.19911504424778761,,Low
76654,45,2,25.0,33.0,220.0,2.0,216.0,,,144.0,86.0,78.8,168.0,27.9,98.8,0.8901698315916368,0.2840909090909091,,Low
76655,64,2,19.0,19.0,365.0,2.0,161.0,,,,,102.8,156.1,42.2,124.6,0.7643000887304194,0.13013698630136986,,Low
76656,23,2,22.0,29.0,317.0,2.0,238.0,,,116.0,62.0,100.3,158.7,39.8,111.7,0.29640959343087775,0.17350157728706625,,Low
76657,49,2,16.0,11.0,239.0,2.0,158.0,,,146.0,82.0,96.7,164.4,35.8,103.3,0.9890581345145049,0.1673640167364017,,Low
76659,36,2,26.0,23.0,193.0,2.0,246.0,,,122.0,66.0,76.7,165.5,28.0,105.6,1.0112408888985596,0.3367875647668394,,Low
76660,74,2,22.0,14.0,241.0,2.0,157.0,,,160.0,84.0,57.6,159.0,22.8,,1.8053995926698212,0.2282157676348548,,Moderate
76663,71,1,26.0,17.0,176.0,2.0,222.0,141.0,80.6,128.0,72.0,68.7,169.7,23.9,,2.543867976233356,0.3693181818181818,0.02481389578163772,Moderate
76665,44,2,21.0,12.0,220.0,2.0,181.0,,,122.0,74.0,59.6,160.0,23.3,74.9,1.2124355652982142,0.23863636363636365,,Low
76666,65,2,27.0,18.0,283.0,2.0,211.0,113.0,97.6,112.0,64.0,64.5,157.4,26.0,96.0,1.4616871625234287,0.2385159010600707,0.020491803278688527,Moderate
76667,52,2,31.0,21.0,253.0,2.0,197.0,106.0,90.6,116.0,70.0,64.0,170.2,22.1,86.3,1.3903843441123311,0.30632411067193677,0.02207505518763797,Moderate
76668,45,2,23.0,19.0,263.0,2.0,241.0,124.0,116.6,144.0,86.0,56.2,163.2,21.1,78.0,0.9028337815818684,0.21863117870722432,0.017152658662092625,Low
76669,63,1,25.0,16.0,188.0,2.0,207.0,122.0,84.6,164.0,86.0,68.1,172.8,22.8,89.8,2.0944148936170213,0.3324468085106383,0.023640661938534282,Moderate
76670,49,1,25.0,21.0,167.0,2.0,245.0,,,126.0,82.0,84.6,176.8,27.1,96.0,1.600700093048447,0.37425149700598803,,Moderate
76671,40,2,18.0,14.0,279.0,2.0,212.0,137.0,74.6,96.0,58.0,62.8,157.4,25.3,79.6,0.6897064307417404,0.16129032258064516,0.02680965147453083,Low
76672,45,2,18.0,13.0,179.0,2.0,196.0,,,134.0,72.0,83.9,171.4,28.6,92.5,1.2550479300068034,0.25139664804469275,,Low
76673,80,1,24.0,31.0,299.0,2.0,159.0,,,112.0,62.0,93.8,185.4,27.3,113.9,1.1533183273960128,0.2006688963210702,,Low
76674,42,2,21.0,19.0,304.0,2.0,232.0,,,134.0,82.0,98.7,162.8,37.2,125.2,0.6656074910323534,0.17269736842105265,,Low
76675,48,1,41.0,78.0,257.0,2.0,195.0,125.0,69.6,108.0,76.0,81.0,183.6,24.0,93.5,0.8670510518274569,0.3988326848249027,0.02873563218390805,Low
76677,18,2,19.0,16.0,209.0,2.0,158.0,,,94.0,52.0,50.7,152.8,21.7,78.0,0.4090909090909091,0.22727272727272727,,Low
76680,61,2,19.0,19.0,227.0,2.0,166.0,,,108.0,68.0,89.1,160.9,34.4,107.2,1.1713340773391236,0.2092511013215859,,Low
76684,47,2,20.0,12.0,230.0,2.0,203.0,,,104.0,58.0,77.3,172.7,25.9,97.0,1.179802723996192,0.21739130434782608,,Low
76686,34,1,19.0,19.0,159.0,2.0,101.0,,,112.0,72.0,88.0,178.8,27.5,94.4,0.9320915979898295,0.29874213836477986,,Low
76687,79,1,14.0,15.0,192.0,2.0,89.0,33.0,55.6,120.0,52.0,78.5,180.7,24.0,96.1,1.4873331878143758,0.18229166666666666,0.03597122302158273,Moderate
76688,68,1,22.0,21.0,187.0,2.0,93.0,,,122.0,64.0,149.0,173.7,49.4,,1.7457431218879391,0.2941176470588236,,Moderate
76691,38,1,19.0,21.0,251.0,2.0,119.0,52.0,66.6,134.0,80.0,76.3,171.1,26.1,95.9,0.6277024571728547,0.1892430278884462,0.030030030030030033,Low
76692,58,2,27.0,35.0,265.0,2.0,200.0,131.0,68.6,128.0,74.0,126.1,169.6,43.8,140.1,0.9988766512489485,0.25471698113207547,0.02915451895043732,Low
76697,24,1,41.0,75.0,264.0,2.0,178.0,,,118.0,74.0,81.8,183.2,24.4,92.0,0.43038838248681194,0.38825757575757575,,Low
76698,66,2,28.0,20.0,128.0,2.0,188.0,,,124.0,66.0,60.0,146.2,28.1,93.2,3.2283231425153214,0.546875,,High
76700,53,1,29.0,23.0,231.0,2.0,154.0,,,124.0,70.0,89.7,162.8,33.8,109.5,1.3873881143104931,0.31385281385281383,,Moderate
76702,62,1,35.0,23.0,244.0,2.0,208.0,,,112.0,70.0,64.3,175.6,20.9,77.4,1.8544109774748043,0.35860655737704916,,Moderate
76703,36,1,22.0,29.0,253.0,2.0,141.0,82.0,58.6,134.0,78.0,96.4,186.3,27.8,102.8,0.5813071455977277,0.21739130434782608,0.034129692832764506,Low
76704,50,2,24.0,20.0,209.0,2.0,231.0,,,104.0,72.0,73.9,159.5,29.0,115.5,1.283866781339592,0.28708133971291866,,Low
76705,50,2,19.0,12.0,399.0,2.0,175.0,102.0,72.6,140.0,76.0,61.6,161.1,23.7,94.4,0.6873217490352689,0.11904761904761904,0.027548209366391185,Low
76706,60,1,23.0,17.0,201.0,2.0,207.0,,,118.0,64.0,70.3,175.3,22.9,93.1,1.6651699629360175,0.2860696517412935,,Moderate
76707,46,2,34.0,40.0,266.0,2.0,190.0,122.0,67.6,126.0,80.0,68.5,156.6,27.9,88.8,0.9296620790419822,0.31954887218045114,0.02958579881656805,Low
76708,23,1,29.0,29.0,250.0,2.0,186.0,,,106.0,66.0,66.2,162.8,25.0,75.5,0.4954351622563744,0.29,,Low
76709,74,1,24.0,28.0,268.0,2.0,205.0,,,134.0,94.0,118.5,164.6,43.7,134.8,1.252359895642514,0.22388059701492538,,Low
76714,72,2,18.0,15.0,249.0,2.0,151.0,,,140.0,0.0,97.0,150.1,43.1,131.8,1.3438785586840194,0.18072289156626506,,Moderate
76715,74,1,22.0,15.0,163.0,2.0,197.0,,,,,119.7,177.5,38.0,,2.5788208129348362,0.33742331288343563,,Moderate
76716,18,2,33.0,38.0,231.0,2.0,186.0,,,126.0,78.0,85.6,153.1,36.5,111.7,0.4171407971933894,0.35714285714285715,,Low
76718,40,2,19.0,16.0,183.0,2.0,207.0,,,124.0,76.0,57.7,162.9,21.7,75.9,1.0382513661202186,0.2595628415300546,,Low
76719,39,2,12.0,11.0,274.0,2.0,168.0,108.0,59.6,130.0,100.0,94.8,170.92,32.5,111.3,0.5149901797897568,0.1094890510948905,0.03355704697986577,Low
76722,73,1,22.0,19.0,303.0,2.0,240.0,,,116.0,64.0,86.3,169.1,30.2,106.3,1.215979104277631,0.18151815181518155,,Low
76723,48,2,24.0,23.0,186.0,2.0,161.0,,,108.0,58.0,49.7,163.2,18.7,73.7,1.2914441128696243,0.3225806451612903,,Low
76730,58,1,17.0,22.0,192.0,2.0,244.0,,,126.0,78.0,101.2,185.4,29.4,113.4,1.0948745121178745,0.22135416666666666,,Low
76731,41,1,30.0,25.0,211.0,2.0,216.0,,,126.0,68.0,81.3,170.2,28.1,99.4,1.1658767772511849,0.35545023696682465,,Low
76732,19,2,22.0,15.0,244.0,2.0,132.0,,,114.0,52.0,82.0,165.6,29.9,94.8,0.44232432751767764,0.2254098360655738,,Low
76733,77,1,25.0,21.0,187.0,2.0,131.0,62.0,68.6,112.0,48.0,104.9,165.3,38.4,129.1,2.246360634782275,0.3342245989304813,0.02915451895043732,Moderate
76734,80,2,33.0,26.0,202.0,2.0,188.0,92.0,95.6,134.0,58.0,87.6,157.6,35.3,114.8,2.5631019641822075,0.40841584158415845,0.020920502092050212,Moderate
76735,58,2,21.0,17.0,235.0,2.0,165.0,76.0,88.6,,,39.8,151.7,17.3,70.7,1.257056984230866,0.22340425531914895,0.022573363431151242,Low
76736,30,2,20.0,15.0,216.0,2.0,187.0,111.0,75.6,98.0,52.0,55.0,145.1,26.1,97.2,0.7172191381865587,0.23148148148148145,0.026455026455026457,Low
76737,28,2,20.0,15.0,210.0,2.0,129.0,,,96.0,52.0,58.5,165.6,21.3,81.8,0.6885303726590963,0.2380952380952381,,Low
76738,63,2,44.0,39.0,228.0,2.0,325.0,237.0,87.6,180.0,88.0,51.3,148.2,23.4,83.8,1.946821238367112,0.4824561403508772,0.022831050228310504,Moderate
76739,80,2,25.0,18.0,182.0,2.0,189.0,,,152.0,72.0,51.0,146.7,23.7,87.0,2.5901347296210533,0.3434065934065934,,Moderate
76740,40,2,30.0,32.0,249.0,2.0,173.0,,,108.0,64.0,105.6,161.7,40.4,109.3,0.8519358809476476,0.30120481927710846,,Low
76741,68,2,25.0,11.0,219.0,2.0,179.0,,,108.0,66.0,70.1,158.2,28.0,102.0,2.3404990218365214,0.28538812785388123,,Moderate
76742,40,1,45.0,50.0,214.0,2.0,207.0,,,110.0,70.0,82.2,172.3,27.7,100.2,1.1895254262951267,0.5257009345794392,,Low
76745,70,1,19.0,17.0,270.0,2.0,203.0,,,156.0,78.0,78.1,165.3,28.6,110.6,1.1947125233271219,0.17592592592592593,,Low
76746,55,1,31.0,55.0,264.0,2.0,225.0,145.0,79.6,114.0,74.0,87.1,176.5,28.0,104.6,0.870841489015021,0.2935606060606061,0.02512562814070352,Low
76747,80,2,27.0,17.0,488.0,2.0,143.0,,,144.0,48.0,111.2,156.8,45.2,137.0,1.0735183403247526,0.13831967213114754,,Low
76751,36,2,21.0,17.0,343.0,2.0,179.0,116.0,62.6,108.0,58.0,76.0,151.9,32.9,96.1,0.5345683164066115,0.15306122448979592,0.03194888178913738,Low
76753,61,1,28.0,25.0,192.0,2.0,115.0,59.0,55.6,120.0,78.0,65.8,174.2,21.7,77.2,1.7791666666666666,0.3645833333333333,0.03597122302158273,Moderate
76754,76,1,31.0,26.0,183.0,2.0,227.0,162.0,64.6,146.0,56.0,97.9,183.7,29.0,107.5,2.5248612807954185,0.42349726775956287,0.030959752321981428,Moderate
76755,42,2,14.0,11.0,262.0,2.0,123.0,,,106.0,66.0,107.0,169.5,37.2,115.7,0.6766743153119276,0.13358778625954199,,Low
76756,44,1,14.0,18.0,181.0,2.0,198.0,143.0,54.6,156.0,94.0,91.7,181.7,27.8,104.0,0.8021690188046285,0.19337016574585633,0.03663003663003663,Low
76757,79,1,47.0,54.0,150.0,2.0,160.0,,,138.0,76.0,57.4,171.7,19.5,77.7,3.368502005538496,0.7833333333333333,,High
76764,61,2,31.0,28.0,248.0,2.0,213.0,136.0,76.6,118.0,70.0,61.2,154.1,25.8,92.5,1.4409895533476786,0.3125,0.026109660574412535,Moderate
76767,25,2,16.0,17.0,233.0,2.0,206.0,137.0,68.6,106.0,64.0,83.2,164.5,30.7,103.9,0.41637017173619395,0.17167381974248927,0.02915451895043732,Low
76769,19,2,19.0,13.0,216.0,2.0,133.0,48.0,84.6,100.0,54.0,44.4,162.3,16.9,65.3,0.4635341917530271,0.21990740740740738,0.023640661938534282,Low
76771,33,1,29.0,31.0,234.0,2.0,224.0,,,126.0,82.0,84.7,172.0,28.6,101.9,0.7345396326479641,0.30982905982905984,,Low
76777,29,1,29.0,21.0,167.0,2.0,184.0,,,94.0,72.0,81.7,179.2,25.4,94.2,1.0989296149010155,0.43413173652694614,,Low
76778,18,1,19.0,17.0,208.0,2.0,155.0,,,102.0,70.0,76.4,179.1,23.8,90.9,0.3987845373193552,0.22836538461538458,,Low
76779,71,2,22.0,16.0,219.0,2.0,155.0,80.0,74.6,116.0,66.0,74.5,155.7,30.7,103.4,1.7831050228310503,0.25114155251141557,0.02680965147453083,Moderate
76785,22,1,26.0,23.0,220.0,2.0,138.0,,,112.0,58.0,49.2,168.5,17.3,67.7,0.5421374765483944,0.29545454545454547,,Low
76789,71,2,20.0,18.0,262.0,2.0,208.0,,,,,74.1,150.8,32.6,99.4,1.277470266265773,0.19083969465648853,,Low
76792,38,2,74.0,48.0,344.0,2.0,177.0,,,124.0,76.0,78.2,156.5,31.9,103.2,1.1798756954660086,0.5377906976744187,,Low
76793,45,2,17.0,17.0,354.0,2.0,212.0,,,,,111.5,162.1,42.4,130.2,0.5241235964768213,0.12005649717514123,,Low
76796,42,2,22.0,20.0,214.0,2.0,166.0,,,112.0,78.0,65.6,156.2,26.9,91.8,0.9654798183223391,0.25700934579439255,,Low
76797,60,2,22.0,17.0,209.0,2.0,262.0,144.0,117.6,134.0,62.0,35.6,147.9,16.3,,1.5318039475978926,0.26315789473684215,0.017006802721088437,Moderate
76799,36,1,21.0,21.0,326.0,2.0,205.0,134.0,70.6,88.0,64.0,76.8,170.1,26.5,96.0,0.5060513037374548,0.1610429447852761,0.028328611898017,Low
76800,18,1,26.0,50.0,284.0,2.0,129.0,73.0,55.6,116.0,52.0,69.5,169.8,24.1,77.5,0.23304646027838327,0.22887323943661972,0.03597122302158273,Low
76802,57,1,23.0,15.0,253.0,2.0,179.0,123.0,55.6,130.0,64.0,74.4,169.8,25.8,90.4,1.3379397014171077,0.22727272727272727,0.03597122302158273,Moderate
76805,56,2,20.0,13.0,236.0,2.0,195.0,,,120.0,52.0,56.4,162.8,21.3,71.0,1.3162377537547811,0.211864406779661,,Moderate
76807,72,2,79.0,52.0,112.0,2.0,149.0,,,116.0,62.0,70.8,165.0,26.0,99.5,7.042711419931034,1.7633928571428572,,High
76809,80,1,14.0,10.0,175.0,2.0,153.0,88.0,64.6,228.0,70.0,56.7,165.5,20.7,88.2,2.0238577025077626,0.2,0.030959752321981428,Moderate
76810,54,2,37.0,40.0,277.0,2.0,222.0,,,116.0,80.0,84.1,160.3,32.7,,1.140474867331484,0.33393501805054154,,Low
76811,27,2,27.0,25.0,234.0,2.0,185.0,,,106.0,54.0,44.3,152.6,19.0,64.4,0.6230769230769231,0.2884615384615385,,Low
76814,62,1,17.0,19.0,232.0,2.0,175.0,,,116.0,54.0,95.8,183.5,28.5,111.3,1.0422594116360866,0.18318965517241378,,Low
76815,44,1,33.0,28.0,230.0,2.0,218.0,,,112.0,80.0,105.5,178.5,33.1,111.3,1.193053075672604,0.358695652173913,,Low
76817,54,1,40.0,52.0,221.0,2.0,156.0,67.0,88.6,140.0,78.0,60.2,175.1,19.6,75.3,1.3553760450752206,0.4524886877828055,0.022573363431151242,Moderate
76818,80,1,24.0,19.0,127.0,2.0,141.0,79.0,61.6,142.0,54.0,73.9,172.9,24.7,98.4,3.468332354578571,0.47244094488188976,0.032467532467532464,High
76819,54,2,28.0,20.0,202.0,2.0,231.0,135.0,95.6,132.0,90.0,38.2,149.2,17.2,,1.6737300900889513,0.3465346534653465,0.020920502092050212,Moderate
76821,18,1,27.0,22.0,245.0,2.0,137.0,70.0,66.6,126.0,62.0,89.6,185.8,26.0,86.9,0.42292060468908843,0.2755102040816327,0.030030030030030033,Low
76824,57,2,22.0,22.0,296.0,2.0,161.0,89.0,71.6,134.0,86.0,86.6,169.2,30.2,96.7,0.903221953749782,0.18581081081081083,0.02793296089385475,Low
76825,28,1,20.0,17.0,261.0,2.0,231.0,,,104.0,46.0,79.1,165.1,29.0,95.0,0.5203829502695267,0.19157088122605362,,Low
76826,23,1,32.0,24.0,295.0,2.0,166.0,110.0,55.6,114.0,62.0,65.3,176.3,21.0,79.1,0.5092724436972935,0.2711864406779661,0.03597122302158273,Low
76827,72,2,28.0,23.0,129.0,2.0,175.0,,,,,69.0,156.4,28.2,106.2,3.258643866194285,0.5426356589147286,,High
76828,40,2,24.0,29.0,327.0,2.0,209.0,148.0,60.6,110.0,62.0,70.9,162.3,26.9,88.5,0.5451606258408863,0.18348623853211007,0.033003300330033,Low
76831,80,2,28.0,29.0,180.0,2.0,211.0,,,,,54.6,149.6,24.4,83.3,2.3108753195366454,0.3888888888888889,,Moderate
76835,40,2,20.0,17.0,241.0,2.0,106.0,,,114.0,74.0,47.4,157.3,19.2,65.2,0.8050975104940514,0.2074688796680498,,Low
76837,40,1,31.0,24.0,231.0,2.0,205.0,134.0,70.6,116.0,66.0,63.6,167.5,22.7,79.5,1.0957313423705415,0.3354978354978355,0.028328611898017,Low
76840,61,2,30.0,26.0,299.0,2.0,181.0,110.0,70.6,128.0,58.0,80.0,159.9,31.3,99.4,1.2003094558624643,0.2508361204013378,0.028328611898017,Low
76842,62,1,30.0,20.0,191.0,2.0,230.0,123.0,106.6,174.0,90.0,78.5,173.6,26.0,100.7,2.1775321665704754,0.3926701570680628,0.01876172607879925,Moderate
76843,59,1,13.0,14.0,212.0,2.0,197.0,,,162.0,86.0,117.5,175.6,38.1,129.1,0.9669310025793846,0.15330188679245285,,Low
76846,26,2,16.0,13.0,172.0,2.0,145.0,,,108.0,68.0,49.2,154.4,20.6,72.5,0.670800237295626,0.23255813953488372,,Low
76847,35,2,18.0,11.0,197.0,2.0,219.0,129.0,89.6,104.0,76.0,46.1,162.9,17.4,66.1,0.9642240968730512,0.2284263959390863,0.022321428571428572,Low
76851,73,2,13.0,11.0,372.0,2.0,162.0,92.0,69.6,150.0,74.0,106.5,159.2,42.0,115.1,0.769178134420155,0.08736559139784947,0.02873563218390805,Low
76853,80,1,24.0,19.0,87.0,2.0,110.0,,,110.0,68.0,70.8,169.4,24.7,87.0,5.062967919902053,0.6896551724137931,,High
76854,36,1,25.0,33.0,210.0,2.0,188.0,127.0,60.6,108.0,76.0,108.0,179.6,33.5,112.9,0.7460470969529908,0.2976190476190476,0.033003300330033,Low
76856,20,1,21.0,23.0,286.0,2.0,135.0,88.0,46.6,114.0,44.0,81.6,172.1,27.6,97.0,0.3062099786852147,0.1835664335664336,0.04291845493562232,Low
76859,32,1,28.0,47.0,223.0,2.0,160.0,106.0,53.6,110.0,66.0,75.0,161.0,28.9,96.2,0.5860763783951279,0.3139013452914798,0.03731343283582089,Low
76860,60,2,16.0,14.0,308.0,2.0,217.0,140.0,76.6,116.0,80.0,70.8,158.7,28.1,100.0,0.83302205271405,0.12987012987012986,0.026109660574412535,Low
76863,39,2,23.0,19.0,325.0,2.0,152.0,,,110.0,74.0,49.6,154.2,20.9,71.2,0.6331874254827504,0.1769230769230769,,Low
76864,80,2,23.0,13.0,241.0,2.0,166.0,90.0,75.6,106.0,62.0,59.1,149.2,26.5,91.3,2.1175277200299205,0.23858921161825725,0.026455026455026457,Moderate
76865,18,1,32.0,30.0,248.0,2.0,156.0,94.0,61.6,128.0,54.0,90.0,184.9,26.3,92.0,0.4240432703265802,0.3225806451612903,0.032467532467532464,Low
76867,51,1,19.0,40.0,279.0,2.0,194.0,,,126.0,76.0,75.1,170.9,25.7,87.0,0.5491482173303154,0.17025089605734767,,Low
76868,55,1,32.0,35.0,54.0,2.0,135.0,,,136.0,64.0,143.1,197.0,36.9,138.3,5.509153660452553,1.4814814814814816,,High
76870,80,2,26.0,21.0,281.0,2.0,242.0,,,122.0,78.0,79.2,174.2,26.1,105.4,1.6152783334194454,0.23131672597864772,,Moderate
76871,70,2,19.0,18.0,216.0,2.0,176.0,,,130.0,76.0,82.8,145.9,38.9,107.0,1.451314844102019,0.21990740740740738,,Moderate
76872,66,1,20.0,13.0,187.0,2.0,253.0,168.0,84.6,126.0,62.0,86.7,167.6,30.9,114.0,1.9577653984419852,0.267379679144385,0.023640661938534282,Moderate
76877,52,2,18.0,27.0,236.0,2.0,193.0,,,130.0,76.0,113.6,169.8,39.4,127.8,0.763276627064251,0.19067796610169493,,Low
76878,30,1,27.0,33.0,204.0,2.0,245.0,155.0,89.6,138.0,74.0,131.8,188.2,37.2,124.8,0.6911906927652709,0.3308823529411765,0.022321428571428572,Low
76880,62,2,19.0,16.0,252.0,2.0,212.0,,,108.0,76.0,118.0,170.8,40.4,136.3,1.1686507936507937,0.18849206349206346,,Low
76882,33,2,21.0,18.0,228.0,2.0,178.0,116.0,61.6,108.0,72.0,108.1,173.1,36.1,105.6,0.7164108177811074,0.23026315789473686,0.032467532467532464,Low
76884,55,2,25.0,24.0,234.0,2.0,217.0,,,116.0,70.0,66.1,167.4,23.6,77.9,1.1994474345893413,0.2670940170940171,,Low
76885,51,1,18.0,25.0,222.0,2.0,229.0,140.0,88.6,106.0,64.0,90.6,170.0,31.3,105.7,0.827027027027027,0.20270270270270271,0.022573363431151242,Low
76886,54,1,61.0,137.0,292.0,2.0,213.0,,,116.0,82.0,71.3,163.6,26.6,92.6,0.9637856590818529,0.5222602739726027,,Low
76888,80,1,28.0,21.0,144.0,2.0,164.0,,,146.0,80.0,106.9,173.5,35.5,120.0,3.3945005147821035,0.4861111111111111,,High
76889,65,2,36.0,56.0,135.0,2.0,171.0,,,144.0,38.0,75.1,154.6,31.4,107.8,2.316264096574345,0.6666666666666667,,Moderate
76891,20,2,19.0,24.0,272.0,2.0,214.0,127.0,86.6,112.0,68.0,97.0,164.0,36.1,105.0,0.285173438191669,0.17463235294117646,0.023094688221709007,Low
76892,62,1,23.0,19.0,338.0,2.0,151.0,85.0,65.6,118.0,58.0,90.6,186.9,25.9,105.3,0.9678900488148552,0.17011834319526625,0.030487804878048783,Low
76893,60,2,20.0,18.0,253.0,2.0,168.0,,,138.0,74.0,67.2,152.8,28.8,93.2,1.1179553852751742,0.1976284584980237,,Low
76894,18,2,28.0,28.0,306.0,2.0,211.0,,,104.0,66.0,67.3,160.6,26.1,81.1,0.3112648601252459,0.2287581699346405,,Low
76898,19,1,22.0,17.0,212.0,2.0,129.0,,,104.0,66.0,66.3,171.7,22.5,79.2,0.4782070342697508,0.259433962264151,,Low
76899,60,1,18.0,16.0,177.0,2.0,141.0,88.0,52.6,140.0,80.0,66.2,169.7,23.0,84.1,1.5254237288135593,0.25423728813559326,0.03802281368821293,Moderate
76901,52,2,20.0,20.0,203.0,2.0,178.0,112.0,65.6,142.0,86.0,94.5,159.4,37.2,105.9,1.1455717717240301,0.24630541871921183,0.030487804878048783,Low
76902,56,1,31.0,28.0,212.0,2.0,168.0,,,114.0,72.0,94.7,182.1,28.6,106.4,1.5475149177924963,0.36556603773584906,,Moderate
76903,34,1,27.0,8.0,292.0,2.0,269.0,,,126.0,68.0,68.6,182.1,20.7,78.5,1.1115137416596756,0.23116438356164384,,Low
76905,33,2,16.0,13.0,144.0,2.0,180.0,112.0,67.6,104.0,54.0,81.7,161.5,31.3,103.4,1.0169503597462535,0.2777777777777778,0.02958579881656805,Low
76907,32,1,22.0,22.0,281.0,2.0,145.0,,,124.0,74.0,87.6,184.6,25.7,97.5,0.5341398730048034,0.19572953736654805,,Low
76908,22,2,20.0,15.0,196.0,2.0,196.0,110.0,85.6,120.0,72.0,68.0,168.9,23.8,89.5,0.5796301606568923,0.25510204081632654,0.023364485981308414,Low
76909,18,2,12.0,13.0,198.0,2.0,96.0,,,94.0,62.0,63.0,167.2,22.5,70.7,0.3025637433955795,0.15151515151515152,,Low
76911,56,2,22.0,23.0,151.0,2.0,177.0,,,128.0,78.0,93.9,165.8,34.2,117.5,1.7012566762802392,0.3642384105960265,,Moderate
76912,74,1,18.0,17.0,218.0,2.0,157.0,,,112.0,62.0,59.8,156.7,24.4,,1.4819149199467685,0.20642201834862386,,Moderate
76915,63,1,39.0,43.0,161.0,2.0,144.0,95.0,48.6,138.0,42.0,114.6,190.5,31.6,121.1,2.3272607907280105,0.6055900621118012,0.0411522633744856,Moderate
76919,37,1,22.0,17.0,213.0,2.0,193.0,116.0,76.6,106.0,66.0,77.2,173.2,25.7,90.4,0.926873233706925,0.25821596244131456,0.026109660574412535,Low
76920,23,2,17.0,18.0,223.0,2.0,178.0,,,122.0,72.0,67.9,173.6,22.5,81.0,0.41327167629886413,0.1905829596412556,,Low
76921,64,1,19.0,10.0,169.0,2.0,133.0,,,132.0,80.0,105.3,159.7,41.3,131.4,2.275342979150739,0.28106508875739644,,Moderate
76924,19,1,26.0,15.0,287.0,2.0,139.0,,,124.0,74.0,72.4,182.7,21.7,77.8,0.44442596353692543,0.22648083623693382,,Low
76925,58,2,21.0,16.0,235.0,2.0,177.0,,,,,116.6,164.2,43.2,131.6,1.2957446808510638,0.22340425531914895,,Low
76928,57,1,36.0,24.0,264.0,2.0,119.0,67.0,51.6,96.0,56.0,80.7,173.2,26.9,,1.586601310666377,0.34090909090909094,0.03875968992248062,Moderate
76929,19,1,19.0,14.0,192.0,2.0,150.0,,,104.0,72.0,71.4,180.2,22.0,77.5,0.5025068142207563,0.24739583333333331,,Low
76931,80,1,23.0,18.0,145.0,2.0,152.0,,,166.0,84.0,58.6,167.2,21.0,87.4,2.9909804077775806,0.396551724137931,,High
76934,41,1,24.0,26.0,285.0,2.0,150.0,80.0,69.6,112.0,64.0,74.7,172.8,25.0,93.4,0.6771167613192038,0.21052631578947367,0.02873563218390805,Low
76935,43,1,28.0,36.0,191.0,2.0,252.0,,,142.0,76.0,69.4,170.8,23.8,82.6,1.050610820244328,0.3664921465968586,,Low
76937,39,1,28.0,34.0,255.0,2.0,232.0,,,120.0,64.0,86.2,175.9,27.9,94.0,0.7344174704926261,0.2745098039215686,,Low
76940,21,1,19.0,22.0,180.0,2.0,185.0,,,116.0,78.0,76.8,176.9,24.5,83.9,0.47259492125493646,0.2638888888888889,,Low
76941,78,2,19.0,14.0,254.0,2.0,256.0,153.0,102.6,,,54.3,150.8,23.9,88.5,1.5593746476937518,0.18700787401574803,0.019493177387914232,Moderate
76944,64,1,28.0,24.0,309.0,2.0,166.0,,,126.0,68.0,82.6,173.8,27.3,91.8,1.1837879231573505,0.22653721682847897,,Low
76945,53,2,24.0,28.0,241.0,2.0,195.0,,,90.0,66.0,79.2,161.3,30.4,105.2,0.997449812588666,0.24896265560165973,,Low
76950,36,2,23.0,20.0,172.0,2.0,182.0,116.0,65.6,108.0,60.0,72.1,164.4,26.7,91.5,1.0764327240522242,0.33430232558139533,0.030487804878048783,Low
76951,80,2,18.0,10.0,276.0,2.0,200.0,119.0,80.6,,,71.2,156.0,29.3,101.1,1.6498839966095893,0.16304347826086957,0.02481389578163772,Moderate
76953,41,1,18.0,18.0,244.0,2.0,212.0,,,116.0,86.0,76.6,172.4,25.8,90.3,0.7129027384093881,0.18442622950819673,,Low
76954,48,1,26.0,18.0,182.0,2.0,229.0,144.0,84.6,134.0,76.0,88.0,171.2,30.0,95.1,1.6162440712835373,0.35714285714285715,0.023640661938534282,Moderate
76955,38,1,31.0,16.0,188.0,2.0,156.0,,,134.0,68.0,79.8,184.3,23.5,79.4,1.5664893617021276,0.41223404255319146,,Moderate
76958,57,2,18.0,15.0,238.0,2.0,224.0,155.0,68.6,100.0,66.0,61.8,171.0,21.1,90.7,1.1130758860528878,0.18907563025210083,0.02915451895043732,Low
76960,59,1,26.0,18.0,292.0,2.0,257.0,,,128.0,72.0,63.5,177.1,20.2,84.5,1.2382440665983607,0.2226027397260274,,Low
76961,18,1,23.0,33.0,248.0,2.0,191.0,,,,,107.7,179.6,33.4,105.7,0.2905973772808827,0.2318548387096774,,Low
76963,39,1,30.0,51.0,183.0,2.0,208.0,133.0,74.6,110.0,64.0,76.3,178.0,24.1,89.1,0.8952610373293833,0.4098360655737705,0.02680965147453083,Low
76965,35,1,29.0,19.0,157.0,2.0,204.0,125.0,78.6,90.0,68.0,74.2,157.0,30.1,98.5,1.483165413239619,0.46178343949044587,0.025445292620865142,Moderate
76966,48,2,21.0,16.0,356.0,2.0,216.0,,,112.0,78.0,54.7,156.7,22.3,82.0,0.7078651685393258,0.14747191011235955,,Low
76968,34,1,48.0,90.0,160.0,2.0,174.0,108.0,65.6,128.0,78.0,124.8,178.5,39.2,118.9,1.0751744044572489,0.75,0.030487804878048783,Low
76969,52,1,23.0,20.0,280.0,2.0,143.0,76.0,66.6,122.0,84.0,77.7,185.0,22.7,97.2,0.9551204646749101,0.20535714285714285,0.030030030030030033,Low
76970,19,2,27.0,24.0,193.0,2.0,123.0,,,102.0,48.0,53.7,153.7,22.7,81.0,0.5425683238548232,0.34974093264248707,,Low
76972,57,1,21.0,19.0,224.0,2.0,170.0,92.0,77.6,122.0,82.0,78.0,167.2,27.9,92.8,1.2259403278708143,0.234375,0.025773195876288662,Low
76973,65,2,23.0,17.0,336.0,2.0,259.0,,,,,63.2,158.2,25.3,93.6,1.0791391649682078,0.17113095238095236,,Low
76974,38,2,33.0,34.0,202.0,2.0,164.0,,,118.0,72.0,66.5,172.6,22.3,80.0,1.0646496325183468,0.40841584158415845,,Low
76975,53,1,40.0,57.0,266.0,2.0,180.0,,,108.0,64.0,84.2,164.1,31.3,111.5,1.0556423296909372,0.37593984962406013,,Low
76977,69,1,17.0,14.0,256.0,2.0,197.0,132.0,64.6,150.0,56.0,52.8,165.6,19.3,79.9,1.2245993623565383,0.166015625,0.030959752321981428,Low
76978,18,2,33.0,33.0,268.0,2.0,173.0,110.0,62.6,108.0,74.0,106.8,172.1,36.1,122.0,0.3858288344689721,0.30783582089552236,0.03194888178913738,Low
76984,43,1,27.0,43.0,189.0,2.0,156.0,,,132.0,76.0,156.7,181.9,47.4,144.3,0.9367769320431429,0.35714285714285715,,Low
76985,80,2,21.0,22.0,238.0,2.0,201.0,,,124.0,64.0,90.7,157.7,36.5,,1.5049462330984267,0.22058823529411764,,Moderate
76987,33,2,25.0,20.0,302.0,2.0,242.0,,,,,71.0,159.3,28.0,97.4,0.6108463845818962,0.20695364238410596,,Low
76988,67,1,28.0,40.0,134.0,2.0,150.0,,,118.0,68.0,68.3,164.1,25.4,88.8,2.2135943621178655,0.5223880597014925,,Moderate
76990,21,1,28.0,63.0,261.0,2.0,171.0,102.0,68.6,100.0,66.0,70.2,181.4,21.3,82.7,0.283835389692753,0.2681992337164751,0.02915451895043732,Low
76991,80,2,25.0,27.0,182.0,2.0,179.0,109.0,69.6,186.0,94.0,56.9,162.3,21.6,89.8,2.11483615087775,0.3434065934065934,0.02873563218390805,Moderate
76992,67,1,21.0,20.0,192.0,2.0,193.0,,,138.0,78.0,77.7,172.6,26.1,94.5,1.6386185647615645,0.2734375,,Moderate
76994,31,2,17.0,12.0,264.0,2.0,207.0,,,120.0,30.0,58.3,162.1,22.2,77.4,0.5762568027707061,0.16098484848484848,,Low
76996,36,1,20.0,17.0,168.0,2.0,174.0,,,116.0,70.0,70.2,166.9,25.2,85.3,1.0394383930128557,0.2976190476190476,,Low
76997,18,1,21.0,17.0,250.0,2.0,100.0,,,130.0,78.0,68.0,175.5,22.1,74.2,0.3667138650549354,0.21000000000000002,,Low
76999,19,1,31.0,41.0,320.0,2.0,171.0,,,114.0,58.0,63.4,165.3,23.2,78.2,0.2874573304762155,0.2421875,,Low
77000,55,2,57.0,56.0,234.0,2.0,152.0,88.0,63.6,114.0,78.0,133.0,162.6,50.3,137.3,1.7903076781954068,0.608974358974359,0.031446540880503145,Moderate
77001,40,2,21.0,28.0,247.0,1.0,212.0,,,116.0,74.0,86.4,158.7,34.3,107.2,0.6426926261695362,0.2125506072874494,,Low
77003,42,1,16.0,25.0,238.0,2.0,205.0,,,136.0,90.0,75.4,167.8,26.8,96.0,0.5647058823529412,0.16806722689075632,,Low
77004,80,2,27.0,16.0,235.0,2.0,270.0,169.0,100.6,138.0,58.0,45.1,159.6,17.7,81.2,2.297872340425532,0.2872340425531915,0.019880715705765408,Moderate
77006,34,2,58.0,49.0,319.0,2.0,199.0,,,114.0,78.0,69.2,161.7,26.5,90.6,0.8831168831168831,0.45454545454545453,,Low
77007,45,2,24.0,22.0,252.0,2.0,225.0,151.0,73.6,120.0,90.0,92.9,168.2,32.8,118.4,0.913717355809759,0.23809523809523808,0.027173913043478264,Low
77008,55,2,18.0,15.0,150.0,2.0,189.0,94.0,94.6,112.0,54.0,64.2,178.0,20.3,76.0,1.7041126723312632,0.3,0.021141649048625793,Moderate
77010,44,1,26.0,32.0,321.0,2.0,190.0,114.0,75.6,132.0,78.0,68.7,163.8,25.6,87.6,0.6300079109637152,0.20249221183800625,0.026455026455026457,Low
77011,63,2,26.0,30.0,246.0,2.0,218.0,,,128.0,80.0,66.6,151.5,29.0,95.3,1.2156768959261004,0.26422764227642276,,Low
77012,80,1,39.0,41.0,170.0,2.0,210.0,,,124.0,82.0,93.3,174.1,30.8,114.5,2.8662478652497114,0.5735294117647058,,High
77013,25,1,19.0,16.0,223.0,2.0,170.0,116.0,53.6,108.0,50.0,65.0,176.8,20.8,83.8,0.5325112107623319,0.2130044843049327,0.03731343283582089,Low
77014,52,2,30.0,24.0,206.0,2.0,244.0,153.0,90.6,120.0,64.0,67.4,160.8,26.1,84.8,1.5457944978728795,0.3640776699029126,0.02207505518763797,Moderate
77016,20,2,16.0,11.0,207.0,2.0,188.0,,,102.0,74.0,71.2,158.2,28.4,95.0,0.46610449403325777,0.19323671497584544,,Low
77017,34,1,19.0,21.0,191.0,2.0,230.0,165.0,64.6,122.0,82.0,95.6,172.2,32.2,104.5,0.7380563198557649,0.24869109947643978,0.030959752321981428,Low
77019,28,2,19.0,22.0,260.0,2.0,124.0,71.0,52.6,106.0,66.0,77.5,159.4,30.5,97.2,0.4362414657737875,0.18269230769230768,0.03802281368821293,Low
77020,47,1,32.0,54.0,315.0,2.0,189.0,106.0,82.6,128.0,88.0,92.5,172.3,31.2,100.0,0.6497411945583598,0.25396825396825395,0.02421307506053269,Low
77021,43,1,31.0,37.0,174.0,2.0,148.0,83.0,64.6,128.0,68.0,104.1,188.8,29.2,101.8,1.2594474142416165,0.4454022988505747,0.030959752321981428,Low
77022,54,1,117.0,136.0,230.0,2.0,164.0,84.0,79.6,144.0,76.0,50.6,152.2,21.8,78.0,2.3554957846312408,1.2717391304347825,0.02512562814070352,Moderate
77023,65,2,24.0,20.0,233.0,2.0,192.0,120.0,71.6,128.0,62.0,48.3,161.2,18.6,70.6,1.4971098905148805,0.2575107296137339,0.02793296089385475,Moderate
77024,25,1,20.0,23.0,179.0,2.0,150.0,,,116.0,62.0,119.4,171.8,40.5,120.5,0.5824424973661306,0.27932960893854747,,Low
77025,55,1,21.0,26.0,255.0,2.0,211.0,148.0,62.6,122.0,80.0,52.8,154.8,22.0,79.5,0.8882907297435395,0.2058823529411765,0.03194888178913738,Low
77028,54,1,41.0,45.0,183.0,2.0,208.0,,,116.0,72.0,85.4,165.7,31.1,99.7,1.803517122835896,0.5601092896174863,,Moderate
77029,48,1,20.0,18.0,180.0,2.0,216.0,137.0,78.6,114.0,76.0,76.8,171.2,26.2,93.5,1.257078722109418,0.2777777777777778,0.025445292620865142,Low
77030,70,1,38.0,54.0,159.0,2.0,194.0,,,138.0,70.0,83.1,174.6,27.3,97.0,2.276604722502884,0.5974842767295597,,Moderate
77032,57,2,21.0,18.0,266.0,2.0,228.0,,,106.0,74.0,104.1,167.4,37.1,115.7,1.0606601717798214,0.19736842105263158,,Low
77033,21,1,28.0,46.0,263.0,2.0,196.0,,,134.0,62.0,148.7,174.1,49.1,139.4,0.3296420920877548,0.2661596958174905,,Low
77035,64,1,18.0,14.0,202.0,2.0,193.0,,,142.0,80.0,87.0,181.5,26.4,99.7,1.524182924173826,0.2227722772277228,,Moderate
77040,80,2,31.0,19.0,195.0,2.0,152.0,,,182.0,68.0,57.1,164.5,21.1,84.3,2.917697538456375,0.39743589743589747,,High
77041,73,1,29.0,27.0,199.0,2.0,171.0,,,,,70.6,167.2,25.3,93.2,2.0473208038097788,0.36432160804020103,,Moderate
77045,30,1,18.0,18.0,283.0,2.0,223.0,,,154.0,72.0,166.2,189.7,46.2,145.7,0.449749896161055,0.1590106007067138,,Low
77046,62,1,26.0,35.0,181.0,2.0,190.0,120.0,69.6,140.0,58.0,89.9,179.8,27.8,105.1,1.505401832731899,0.35911602209944754,0.02873563218390805,Moderate
77047,28,1,19.0,24.0,223.0,2.0,127.0,78.0,48.6,100.0,72.0,70.6,163.6,26.4,84.1,0.486968812840303,0.2130044843049327,0.0411522633744856,Low
77049,66,2,24.0,22.0,198.0,2.0,140.0,62.0,77.6,,,60.0,140.9,30.2,91.6,1.7056057308448835,0.30303030303030304,0.025773195876288662,Moderate
77050,31,1,24.0,34.0,231.0,2.0,179.0,103.0,75.6,,,113.4,177.8,35.9,118.7,0.5523590794200285,0.2597402597402597,0.026455026455026457,Low
77051,21,2,15.0,13.0,217.0,2.0,179.0,85.0,93.6,104.0,58.0,72.4,160.3,28.2,88.8,0.4026049811312147,0.1728110599078341,0.021367521367521368,Low
77054,54,1,21.0,21.0,211.0,2.0,199.0,,,130.0,80.0,69.9,167.8,24.8,91.5,1.1727918840171345,0.24881516587677727,,Low
77057,80,2,41.0,41.0,258.0,2.0,197.0,109.0,87.6,142.0,60.0,59.7,164.5,22.1,78.2,1.9854648798241392,0.39728682170542634,0.022831050228310504,Moderate
77060,72,2,17.0,13.0,189.0,2.0,146.0,,,118.0,62.0,100.3,157.2,40.6,131.0,1.7961720639674088,0.22486772486772486,,Moderate
77063,69,2,20.0,16.0,223.0,2.0,200.0,105.0,94.6,,,81.5,162.9,30.7,114.2,1.547085201793722,0.2242152466367713,0.021141649048625793,Moderate
77066,62,2,18.0,17.0,253.0,2.0,220.0,,,,,102.1,154.4,42.8,123.0,1.069840938895445,0.17786561264822137,,Low
77067,67,2,27.0,25.0,370.0,2.0,143.0,59.0,83.6,144.0,50.0,55.7,160.9,21.5,86.0,0.9778378378378378,0.18243243243243243,0.023923444976076555,Low
77070,30,1,29.0,24.0,277.0,2.0,159.0,,,114.0,66.0,66.2,168.3,23.4,81.5,0.641111936288016,0.26173285198555957,,Low
77072,70,1,22.0,16.0,213.0,2.0,176.0,,,148.0,82.0,47.4,167.1,17.0,72.0,1.807511737089202,0.25821596244131456,,Moderate
77073,67,2,18.0,14.0,225.0,2.0,157.0,83.0,73.6,100.0,70.0,88.5,161.4,34.0,111.4,1.4325202566505948,0.2,0.027173913043478264,Moderate
77075,42,2,18.0,17.0,189.0,2.0,213.0,,,,,59.5,170.4,20.5,78.3,0.970142500145332,0.2380952380952381,,Low
77076,35,1,58.0,50.0,186.0,2.0,207.0,,,128.0,84.0,126.4,193.8,33.7,111.6,1.5434696406545068,0.7795698924731183,,Moderate
77077,50,1,38.0,42.0,235.0,2.0,177.0,,,138.0,88.0,207.2,167.2,74.1,177.9,1.247558999693509,0.40425531914893614,,Low
77080,26,2,16.0,7.0,246.0,2.0,147.0,62.0,84.6,104.0,76.0,52.2,163.6,19.5,70.7,0.6391594340318639,0.16260162601626016,0.023640661938534282,Low
77081,67,1,23.0,23.0,181.0,2.0,117.0,,,136.0,58.0,108.0,183.1,32.2,116.1,1.7752525528284655,0.3176795580110497,,Moderate
77082,25,2,22.0,22.0,263.0,2.0,121.0,35.0,85.6,110.0,62.0,62.6,163.8,23.3,79.7,0.4458570113900598,0.20912547528517114,0.023364485981308414,Low
77083,77,2,28.0,21.0,239.0,2.0,166.0,,,144.0,64.0,63.5,158.1,25.4,95.3,1.9685262399531365,0.2928870292887029,,Moderate
77091,31,2,20.0,12.0,201.0,2.0,172.0,,,120.0,74.0,64.7,161.6,24.8,69.3,0.8904407136755423,0.24875621890547264,,Low
77094,57,2,65.0,67.0,269.0,2.0,217.0,,,140.0,68.0,59.9,148.2,27.3,93.9,1.6826683692940922,0.604089219330855,,Moderate
77095,46,1,27.0,25.0,231.0,2.0,165.0,101.0,63.6,122.0,78.0,83.3,180.0,25.7,90.5,1.0753246753246752,0.2922077922077922,0.031446540880503145,Low
77096,75,2,29.0,38.0,238.0,2.0,138.0,54.0,83.6,130.0,64.0,58.9,141.6,29.4,98.2,1.4824856763000358,0.3046218487394958,0.023923444976076555,Moderate
77097,25,1,31.0,27.0,191.0,2.0,172.0,,,126.0,62.0,63.1,171.1,21.6,80.7,0.7808838719405933,0.40575916230366493,,Low
77098,34,1,25.0,25.0,240.0,2.0,232.0,,,140.0,82.0,90.1,190.7,24.8,88.4,0.7083333333333334,0.26041666666666663,,Low
77100,63,1,24.0,29.0,149.0,2.0,242.0,147.0,94.6,112.0,56.0,86.9,178.0,27.4,107.4,1.884371485393976,0.40268456375838924,0.021141649048625793,Moderate
77101,62,2,16.0,19.0,201.0,2.0,182.0,103.0,78.6,134.0,52.0,77.5,162.7,29.3,105.5,1.1322408358188918,0.19900497512437815,0.025445292620865142,Low
77103,53,2,16.0,19.0,280.0,2.0,194.0,,,132.0,88.0,65.6,172.3,22.1,92.0,0.6948019368651299,0.14285714285714285,,Low
77105,76,1,27.0,23.0,155.0,2.0,174.0,102.0,71.6,128.0,60.0,82.5,169.2,28.8,107.8,2.7604617912588223,0.435483870967742,0.02793296089385475,High
77108,19,1,21.0,28.0,164.0,2.0,203.0,,,110.0,0.0,80.1,172.8,26.8,87.4,0.4597799534472002,0.3201219512195122,,Low
77109,38,1,29.0,30.0,284.0,2.0,206.0,,,126.0,76.0,92.9,167.5,33.1,109.1,0.7084392703881374,0.25528169014084506,,Low
77111,61,1,14.0,18.0,275.0,2.0,135.0,45.0,89.6,144.0,48.0,147.8,172.9,49.4,145.0,0.7319626559191657,0.12727272727272726,0.022321428571428572,Low
77112,27,2,16.0,16.0,266.0,2.0,147.0,51.0,95.6,102.0,68.0,63.6,163.0,23.9,90.2,0.40601503759398494,0.15037593984962408,0.020920502092050212,Low
77113,58,2,19.0,11.0,153.0,2.0,237.0,140.0,96.6,,,56.9,158.1,22.8,,2.1716699459130426,0.3104575163398693,0.020703933747412008,Moderate
77114,73,2,28.0,21.0,222.0,2.0,225.0,118.0,106.6,116.0,62.0,62.7,148.9,28.3,91.9,2.0091773317223804,0.3153153153153153,0.01876172607879925,Moderate
77116,21,1,25.0,17.0,242.0,2.0,178.0,110.0,67.6,124.0,58.0,54.8,168.5,19.3,69.5,0.526161996463119,0.2582644628099174,0.02958579881656805,Low
77120,56,2,23.0,20.0,298.0,2.0,232.0,,,,,81.0,158.3,32.3,106.1,0.9664615956442043,0.19295302013422816,,Low
77121,42,2,20.0,15.0,334.0,2.0,230.0,,,112.0,72.0,92.2,176.4,29.6,101.1,0.6493624772084292,0.14970059880239522,,Low
77123,50,2,29.0,25.0,258.0,2.0,263.0,177.0,85.6,96.0,58.0,73.4,163.2,27.6,91.5,1.124031007751938,0.2810077519379845,0.023364485981308414,Low
77126,70,2,28.0,29.0,238.0,2.0,202.0,,,108.0,74.0,70.3,157.1,28.5,93.4,1.5292557261639566,0.29411764705882354,,Moderate
77127,41,2,32.0,28.0,202.0,2.0,212.0,103.0,108.6,114.0,70.0,56.8,161.1,21.9,79.0,1.227448981653728,0.39603960396039606,0.01841620626151013,Low
77128,19,1,21.0,19.0,245.0,2.0,185.0,109.0,75.6,128.0,76.0,79.5,162.6,30.1,102.3,0.37361990944634343,0.2142857142857143,0.026455026455026457,Low
77132,25,1,14.0,13.0,131.0,2.0,166.0,117.0,48.6,106.0,68.0,58.7,159.2,23.2,83.0,0.7410117125146191,0.26717557251908397,0.0411522633744856,Low
77136,22,2,31.0,32.0,263.0,2.0,129.0,,,122.0,58.0,68.2,167.1,24.4,79.3,0.4584095292483131,0.2946768060836502,,Low
77139,71,2,18.0,16.0,209.0,2.0,196.0,133.0,62.6,126.0,66.0,68.3,154.9,28.5,107.3,1.5287081339712918,0.21531100478468898,0.03194888178913738,Moderate
77140,58,1,67.0,104.0,155.0,2.0,195.0,,,,,96.0,184.2,28.3,108.3,2.458410648861236,1.0806451612903227,,Moderate
77141,42,2,23.0,23.0,210.0,2.0,219.0,,,92.0,66.0,63.5,153.1,27.1,90.8,0.959166304662544,0.2738095238095238,,Low
77144,27,2,21.0,16.0,206.0,2.0,184.0,108.0,75.6,112.0,58.0,55.2,157.8,22.2,78.5,0.6881067961165048,0.25485436893203883,0.026455026455026457,Low
77147,45,1,35.0,40.0,175.0,2.0,203.0,116.0,86.6,138.0,68.0,83.8,174.8,27.4,97.6,1.4230249470757705,0.5,0.023094688221709007,Moderate
77150,31,1,28.0,28.0,209.0,2.0,233.0,,,126.0,76.0,107.4,178.6,33.7,117.5,0.784864025291888,0.33492822966507174,,Low
77151,34,1,19.0,18.0,237.0,2.0,205.0,131.0,73.6,128.0,78.0,71.8,185.0,21.0,82.2,0.6424627013312373,0.20042194092827004,0.027173913043478264,Low
77153,29,2,16.0,13.0,223.0,2.0,162.0,,,104.0,56.0,73.5,163.9,27.4,89.2,0.5770871996603281,0.17937219730941703,,Low
77154,58,2,26.0,26.0,261.0,2.0,247.0,173.0,73.6,126.0,72.0,93.5,164.2,34.7,115.7,1.1331154474650633,0.24904214559386975,0.027173913043478264,Low
77156,30,1,42.0,78.0,242.0,2.0,169.0,,,124.0,82.0,93.1,171.9,31.5,107.9,0.5895326706703267,0.43388429752066116,,Low
77157,47,2,21.0,13.0,218.0,2.0,208.0,115.0,92.6,106.0,68.0,59.6,163.4,22.3,74.8,1.2557089304456448,0.2408256880733945,0.021598272138228944,Low
77158,20,1,21.0,29.0,248.0,2.0,162.0,99.0,62.6,118.0,48.0,69.9,173.9,23.1,81.7,0.31448404046113626,0.2116935483870968,0.03194888178913738,Low
77159,38,2,20.0,15.0,357.0,2.0,166.0,,,112.0,74.0,115.2,168.5,40.6,111.5,0.5496671042236483,0.1400560224089636,,Low
77160,52,1,15.0,18.0,269.0,2.0,136.0,,,134.0,78.0,178.1,176.3,57.3,160.7,0.6834489334888564,0.13940520446096655,,Low
77162,72,2,18.0,14.0,400.0,2.0,145.0,,,116.0,78.0,103.6,160.3,40.3,118.6,0.8659264237962551,0.11250000000000002,,Low
77163,66,2,20.0,16.0,206.0,2.0,187.0,122.0,64.6,128.0,72.0,92.8,154.9,38.7,121.7,1.6019417475728155,0.24271844660194172,0.030959752321981428,Moderate
77164,56,2,27.0,28.0,166.0,2.0,170.0,91.0,78.6,130.0,80.0,56.8,143.8,27.5,90.2,1.7213321782829867,0.40662650602409645,0.025445292620865142,Moderate
77167,40,2,15.0,15.0,251.0,2.0,146.0,,,126.0,74.0,94.2,169.7,32.7,110.8,0.6172085013876362,0.14940239043824702,,Low
77168,80,2,29.0,27.0,284.0,2.0,211.0,,,128.0,84.0,61.7,158.7,24.5,91.5,1.572127493567995,0.25528169014084506,,Moderate
77170,58,2,30.0,29.0,271.0,2.0,180.0,,,144.0,78.0,62.2,154.2,26.2,91.0,1.192287411173691,0.27675276752767525,,Low
77171,69,2,25.0,25.0,324.0,2.0,222.0,,,138.0,78.0,65.2,154.3,27.4,94.0,1.0648148148148149,0.19290123456790123,,Low
77172,42,1,22.0,16.0,250.0,2.0,164.0,,,128.0,82.0,66.8,168.7,23.5,85.2,0.924,0.22,,Low
77174,22,1,33.0,47.0,400.0,2.0,185.0,,,124.0,86.0,86.6,176.0,28.0,93.5,0.2647449595686786,0.20625000000000002,,Low
77176,41,2,14.0,13.0,238.0,2.0,203.0,115.0,87.6,98.0,66.0,81.0,161.0,31.2,113.0,0.6689031778010116,0.14705882352941177,0.022831050228310504,Low
77177,48,1,38.0,48.0,192.0,2.0,225.0,,,118.0,74.0,80.4,170.1,27.8,100.3,1.371206889325361,0.49479166666666663,,Moderate
77178,80,2,31.0,24.0,261.0,2.0,151.0,62.0,88.6,186.0,52.0,60.8,147.1,28.1,102.0,1.9395704221271655,0.29693486590038315,0.022573363431151242,Moderate
77185,51,2,22.0,18.0,290.0,2.0,267.0,,,92.0,62.0,62.4,154.6,26.1,82.2,0.9119239178060993,0.18965517241379312,,Low
77187,80,2,18.0,16.0,167.0,2.0,256.0,,,138.0,70.0,64.7,143.0,31.6,101.8,2.155688622754491,0.2694610778443114,,Moderate
77189,56,2,17.0,16.0,321.0,2.0,224.0,146.0,77.6,100.0,66.0,74.3,154.3,31.2,105.4,0.7414330218068536,0.13239875389408098,0.025773195876288662,Low
77191,80,2,24.0,20.0,240.0,2.0,147.0,,,108.0,60.0,56.6,151.9,24.5,,1.7888543819998315,0.25,,Moderate
77192,57,1,22.0,22.0,182.0,2.0,152.0,87.0,64.6,118.0,86.0,97.8,174.4,32.2,111.1,1.4689763643403049,0.30219780219780223,0.030959752321981428,Moderate
77194,60,1,33.0,42.0,197.0,2.0,230.0,173.0,56.6,150.0,88.0,88.4,172.3,29.8,107.0,1.550866156979401,0.4187817258883248,0.0353356890459364,Moderate
77196,41,1,23.0,21.0,207.0,2.0,241.0,,,120.0,82.0,85.7,177.6,27.2,105.4,0.9941037221861876,0.27777777777777773,,Low
77197,47,2,25.0,17.0,296.0,2.0,187.0,110.0,76.6,,,88.0,160.9,34.0,111.2,0.9627681061408488,0.21114864864864866,0.026109660574412535,Low
77198,70,2,25.0,22.0,225.0,2.0,187.0,,,118.0,74.0,57.8,168.6,20.3,78.6,1.6582277938769698,0.2777777777777778,,Moderate
77200,68,2,28.0,26.0,269.0,2.0,233.0,,,,,101.7,163.4,38.1,122.9,1.388123127520827,0.26022304832713755,,Moderate
77205,57,2,27.0,30.0,231.0,2.0,209.0,,,,,54.6,152.6,23.4,84.2,1.2163708744595247,0.2922077922077922,,Low
77206,20,2,18.0,15.0,273.0,2.0,163.0,,,110.0,62.0,66.8,167.7,23.8,84.0,0.34048205241383883,0.16483516483516483,,Low
77208,18,1,28.0,19.0,242.0,2.0,140.0,,,108.0,76.0,71.3,170.5,24.5,76.0,0.4777914457469551,0.2892561983471074,,Low
77211,73,1,23.0,24.0,177.0,2.0,158.0,95.0,62.6,126.0,78.0,92.2,177.0,29.4,104.0,1.9362962703074182,0.3248587570621469,0.03194888178913738,Moderate
77212,80,1,16.0,13.0,149.0,2.0,144.0,,,124.0,56.0,101.0,176.4,32.5,110.0,2.3826048696922597,0.26845637583892623,,Moderate
77213,24,1,27.0,34.0,291.0,2.0,157.0,,,106.0,58.0,82.8,188.3,23.4,94.0,0.38189375660599906,0.23195876288659795,,Low
77215,38,1,34.0,73.0,236.0,2.0,190.0,,,,,116.5,180.4,35.8,115.7,0.6407506871923758,0.3601694915254237,,Low
77217,20,2,17.0,14.0,279.0,2.0,90.0,24.0,65.6,106.0,62.0,51.2,154.7,21.4,75.0,0.32569470340582185,0.15232974910394265,0.030487804878048783,Low
77220,25,2,23.0,15.0,219.0,2.0,141.0,52.0,88.6,124.0,90.0,68.4,167.4,24.4,82.1,0.6779194593818157,0.26255707762557073,0.022573363431151242,Low
77221,39,2,23.0,33.0,194.0,2.0,145.0,38.0,106.6,138.0,88.0,87.9,167.6,31.3,100.0,0.804884831918871,0.2963917525773196,0.01876172607879925,Low
77223,65,2,24.0,18.0,304.0,2.0,223.0,,,122.0,74.0,45.8,155.1,19.0,75.4,1.2095247572927788,0.19736842105263158,,Low
77224,22,2,25.0,15.0,240.0,2.0,160.0,,,98.0,56.0,59.7,167.3,21.3,80.0,0.5917057890039109,0.26041666666666663,,Low
77228,27,1,29.0,46.0,147.0,2.0,212.0,,,130.0,74.0,110.7,189.9,30.7,97.0,0.7853540929883297,0.49319727891156456,,Low
77229,48,1,23.0,27.0,225.0,2.0,218.0,,,116.0,80.0,107.5,176.3,34.6,108.0,0.9442884402745878,0.25555555555555554,,Low
77232,73,1,22.0,25.0,191.0,2.0,152.0,,,118.0,58.0,81.5,164.9,30.0,102.7,1.681675392670157,0.2879581151832461,,Moderate
77234,24,2,15.0,18.0,323.0,2.0,198.0,,,106.0,54.0,92.2,166.6,33.2,109.9,0.2627022097287483,0.11609907120743033,,Low
77235,32,2,19.0,15.0,317.0,2.0,203.0,,,100.0,76.0,60.5,156.6,24.7,87.2,0.49522058348982323,0.14984227129337538,,Low
77236,44,2,16.0,13.0,218.0,2.0,165.0,99.0,65.6,114.0,54.0,78.6,162.3,29.8,99.8,0.8956627021618379,0.1834862385321101,0.030487804878048783,Low
77237,21,2,20.0,17.0,282.0,2.0,267.0,,,110.0,72.0,75.2,159.4,29.6,93.8,0.36122327133070864,0.1773049645390071,,Low
77239,36,2,13.0,13.0,326.0,2.0,182.0,122.0,59.6,128.0,86.0,184.5,162.2,70.1,152.2,0.39815903655430557,0.09969325153374234,0.03355704697986577,Low
77240,35,1,19.0,15.0,243.0,2.0,150.0,,,106.0,58.0,68.7,172.1,23.2,80.7,0.7065936694726838,0.19547325102880658,,Low
77241,27,1,26.0,29.0,202.0,2.0,162.0,85.0,76.6,122.0,68.0,71.4,166.9,25.6,84.3,0.6453372643578733,0.3217821782178218,0.026109660574412535,Low
77245,73,2,28.0,39.0,211.0,2.0,250.0,143.0,106.6,120.0,64.0,60.5,150.5,26.7,88.8,1.5511940586616022,0.33175355450236965,0.01876172607879925,Moderate
77246,68,1,25.0,30.0,171.0,2.0,177.0,101.0,75.6,126.0,68.0,85.5,185.5,24.8,99.4,1.8150650053777435,0.36549707602339176,0.026455026455026457,Moderate
77247,67,2,20.0,19.0,271.0,2.0,182.0,,,132.0,80.0,91.2,162.5,34.5,115.8,1.1343803815001945,0.18450184501845018,,Low
77248,22,2,21.0,27.0,342.0,2.0,305.0,227.0,77.6,122.0,82.0,85.6,173.1,28.6,101.2,0.2599764370035157,0.15350877192982457,0.025773195876288662,Low
77250,78,1,24.0,17.0,212.0,2.0,192.0,,,154.0,70.0,73.1,171.6,24.8,97.0,2.141635330509506,0.2830188679245283,,Moderate
77251,26,2,21.0,17.0,259.0,2.0,203.0,,,148.0,94.0,102.8,169.1,36.0,109.4,0.5112913176441614,0.20270270270270271,,Low
77254,36,1,20.0,25.0,239.0,2.0,174.0,107.0,66.6,110.0,64.0,70.5,176.0,22.8,79.2,0.602510460251046,0.20920502092050208,0.030030030030030033,Low
77255,60,2,30.0,18.0,240.0,2.0,169.0,104.0,64.6,132.0,64.0,162.0,160.3,63.0,142.6,1.7677669529663689,0.3125,0.030959752321981428,Moderate
77256,30,1,27.0,37.0,215.0,2.0,138.0,80.0,57.6,118.0,66.0,101.9,188.9,28.6,110.2,0.6193636265922763,0.313953488372093,0.034722222222222224,Low
77257,61,1,20.0,19.0,189.0,2.0,152.0,90.0,61.6,136.0,80.0,87.3,168.8,30.6,104.0,1.4808846313337847,0.26455026455026454,0.032467532467532464,Moderate
77259,24,1,15.0,15.0,154.0,2.0,138.0,,,112.0,60.0,65.9,174.5,21.6,82.6,0.6035818201881689,0.2435064935064935,,Low
77262,19,2,21.0,13.0,215.0,2.0,130.0,63.0,66.6,106.0,62.0,46.2,156.9,18.8,65.5,0.5147101820787592,0.24418604651162795,0.030030030030030033,Low
77263,44,2,22.0,13.0,265.0,2.0,228.0,,,114.0,68.0,69.4,152.0,30.0,96.2,1.013112811218909,0.20754716981132076,,Low
77265,41,2,15.0,15.0,294.0,2.0,184.0,130.0,53.6,116.0,72.0,107.6,161.4,41.3,109.4,0.540109922430286,0.12755102040816327,0.03731343283582089,Low
77269,19,1,24.0,22.0,275.0,2.0,114.0,63.0,50.6,110.0,58.0,119.4,172.0,40.4,122.2,0.3535255514842122,0.2181818181818182,0.039525691699604744,Low
77275,60,1,22.0,28.0,231.0,2.0,165.0,,,116.0,76.0,82.6,169.0,28.9,102.6,1.0798984943120777,0.2380952380952381,,Low
77277,53,1,26.0,23.0,212.0,2.0,265.0,,,110.0,68.0,101.7,182.9,30.4,110.2,1.3553436913709862,0.3066037735849057,,Moderate
77279,38,2,16.0,15.0,202.0,2.0,171.0,94.0,76.6,108.0,72.0,70.7,164.8,26.0,91.2,0.7771530938924454,0.19801980198019803,0.026109660574412535,Low
77280,42,1,52.0,82.0,180.0,2.0,233.0,,,112.0,66.0,76.2,173.7,25.3,97.5,1.3399025163748046,0.7222222222222223,,Moderate
77282,20,1,29.0,53.0,246.0,2.0,224.0,,,116.0,60.0,82.5,158.3,32.9,94.8,0.32385824020422616,0.2947154471544715,,Low
77284,65,1,16.0,17.0,191.0,2.0,243.0,178.0,64.6,128.0,70.0,74.1,180.4,22.8,93.0,1.320612827422965,0.20942408376963353,0.030959752321981428,Moderate
77285,29,2,15.0,15.0,225.0,2.0,131.0,75.0,55.6,104.0,60.0,92.6,163.9,34.5,111.6,0.4991845201778448,0.16666666666666669,0.03597122302158273,Low
77287,53,2,21.0,18.0,200.0,2.0,268.0,,,116.0,74.0,63.1,168.5,22.2,87.0,1.3116830791010459,0.2625,,Moderate
77289,24,1,25.0,28.0,239.0,2.0,144.0,,,124.0,66.0,85.3,173.3,28.4,91.6,0.4744323928986116,0.2615062761506276,,Low
77290,44,2,21.0,13.0,265.0,2.0,277.0,,,134.0,76.0,58.4,143.2,28.5,95.2,0.9670622288907768,0.19811320754716982,,Low
77291,42,2,21.0,28.0,203.0,2.0,189.0,103.0,85.6,,,67.8,155.6,28.0,103.5,0.8210952344683211,0.25862068965517243,0.023364485981308414,Low
77298,63,1,23.0,18.0,225.0,2.0,133.0,,,98.0,78.0,150.1,183.7,44.5,142.8,1.5179225569471222,0.25555555555555554,,Moderate
77299,67,2,27.0,26.0,247.0,2.0,250.0,142.0,107.6,174.0,62.0,105.1,154.6,44.0,114.4,1.4363323419634613,0.2732793522267207,0.01858736059479554,Moderate
77300,24,1,18.0,21.0,162.0,2.0,125.0,71.0,53.6,110.0,40.0,99.9,176.9,31.9,99.0,0.5819143739626464,0.2777777777777778,0.03731343283582089,Low
77302,23,1,18.0,23.0,302.0,2.0,127.0,59.0,67.6,110.0,68.0,66.5,170.2,23.0,90.4,0.28584426297890386,0.1490066225165563,0.02958579881656805,Low
77303,60,2,20.0,19.0,318.0,2.0,100.0,,,140.0,92.0,67.5,161.9,25.8,95.5,0.86571975045495,0.15723270440251574,,Low
77304,21,2,14.0,13.0,399.0,2.0,224.0,145.0,78.6,102.0,60.0,74.3,153.7,31.5,105.6,0.20436323018824232,0.08771929824561403,0.025445292620865142,Low
77305,58,2,15.0,13.0,132.0,2.0,151.0,,,118.0,70.0,75.4,168.4,26.6,99.7,1.8279892830149596,0.2840909090909091,,Moderate
77306,73,1,46.0,57.0,231.0,2.0,232.0,,,134.0,72.0,84.1,170.1,29.1,112.5,1.9254457381058083,0.49783549783549774,,Moderate
77308,51,2,25.0,13.0,275.0,2.0,214.0,121.0,92.6,106.0,62.0,68.9,164.9,25.3,86.4,1.285895909431213,0.22727272727272727,0.021598272138228944,Low
77310,26,1,25.0,28.0,218.0,2.0,167.0,,,108.0,80.0,92.3,176.1,29.8,91.7,0.5634791455412791,0.286697247706422,,Low
77311,38,1,32.0,35.0,297.0,2.0,177.0,,,,,108.0,167.7,38.4,125.2,0.6920589722221389,0.26936026936026936,,Low
77313,67,2,21.0,17.0,189.0,2.0,177.0,,,136.0,62.0,86.6,162.4,32.8,113.6,1.80554298638159,0.2777777777777778,,Moderate
77314,76,1,14.0,14.0,221.0,2.0,160.0,90.0,69.6,168.0,76.0,130.5,176.2,42.0,125.1,1.286723807216378,0.1583710407239819,0.02873563218390805,Low
77315,20,2,15.0,11.0,191.0,2.0,164.0,98.0,65.6,96.0,36.0,75.4,170.5,25.9,92.4,0.473578028132613,0.1963350785340314,0.030487804878048783,Low
77318,62,1,24.0,20.0,380.0,2.0,170.0,,,106.0,70.0,115.8,182.6,34.7,134.4,0.8755971448736019,0.15789473684210525,,Low
77319,51,1,21.0,25.0,234.0,2.0,213.0,,,118.0,84.0,108.4,187.8,30.7,121.5,0.9153846153846154,0.2243589743589744,,Low
77320,35,2,17.0,7.0,162.0,2.0,157.0,,,106.0,72.0,57.8,170.8,19.8,69.7,1.3882028483980877,0.2623456790123457,,Moderate
77322,24,1,16.0,13.0,182.0,2.0,140.0,,,138.0,56.0,68.3,181.5,20.7,78.2,0.585178228984857,0.21978021978021978,,Low
77323,28,2,17.0,18.0,236.0,2.0,158.0,92.0,65.6,120.0,62.0,68.1,170.2,23.5,90.7,0.4753994743570574,0.18008474576271186,0.030487804878048783,Low
77328,43,2,21.0,17.0,241.0,2.0,207.0,,,138.0,76.0,62.2,162.6,23.5,86.7,0.9087538149701605,0.21784232365145229,,Low
77331,54,1,17.0,16.0,186.0,2.0,167.0,105.0,61.6,116.0,74.0,91.2,185.9,26.4,96.4,1.2338709677419355,0.228494623655914,0.032467532467532464,Low
77332,36,1,28.0,35.0,170.0,2.0,174.0,115.0,58.6,130.0,80.0,136.3,174.4,44.8,139.5,1.0022535161956996,0.41176470588235287,0.034129692832764506,Low
77336,48,1,46.0,74.0,242.0,2.0,199.0,,,160.0,88.0,93.9,179.5,29.1,97.0,1.0606396130014586,0.4752066115702479,,Low
77337,23,2,18.0,16.0,274.0,2.0,172.0,,,136.0,84.0,67.3,152.1,29.1,93.9,0.3777372262773723,0.16423357664233576,,Low
77339,41,2,19.0,13.0,370.0,2.0,348.0,,,108.0,66.0,82.1,158.9,32.5,96.8,0.5839343957560182,0.12837837837837837,,Low
77340,39,2,20.0,23.0,460.0,2.0,245.0,,,140.0,84.0,65.4,154.4,27.4,85.7,0.3535679194880833,0.10869565217391304,,Low
77341,49,2,26.0,34.0,233.0,2.0,183.0,,,86.0,68.0,106.2,169.9,36.8,114.0,0.9377218775603273,0.27896995708154504,,Low
77342,37,1,23.0,29.0,387.0,2.0,205.0,,,112.0,70.0,97.1,180.6,29.8,97.9,0.4083378108234397,0.14857881136950904,,Low
77346,30,1,24.0,52.0,237.0,2.0,133.0,78.0,54.6,134.0,76.0,130.7,181.0,39.9,133.3,0.4212912882723259,0.25316455696202533,0.03663003663003663,Low
77347,80,2,22.0,17.0,213.0,2.0,256.0,160.0,95.6,136.0,68.0,74.1,155.4,30.7,103.5,2.004050235042,0.25821596244131456,0.020920502092050212,Moderate
77348,78,1,27.0,20.0,198.0,2.0,226.0,165.0,60.6,140.0,66.0,85.6,183.2,25.5,100.7,2.3783632124315943,0.34090909090909094,0.033003300330033,Moderate
77349,53,2,21.0,17.0,244.0,2.0,214.0,125.0,88.6,104.0,66.0,59.0,164.6,21.8,85.3,1.1063202896124533,0.21516393442622953,0.022573363431151242,Low
77353,19,2,22.0,24.0,231.0,2.0,126.0,,,120.0,68.0,113.1,162.6,42.8,122.9,0.36936750089587606,0.2380952380952381,,Low
77355,71,2,23.0,14.0,199.0,2.0,149.0,66.0,82.6,,,75.2,160.5,29.2,106.5,2.1931538092612515,0.2889447236180904,0.02421307506053269,Moderate
77360,41,1,16.0,17.0,278.0,2.0,188.0,,,134.0,68.0,108.4,179.7,33.6,115.6,0.5723142806612749,0.14388489208633093,,Low
77362,75,2,22.0,21.0,167.0,2.0,241.0,115.0,125.6,122.0,64.0,93.9,152.0,40.6,118.6,2.156045023289745,0.3293413173652695,0.01592356687898089,Moderate
77364,66,2,19.0,18.0,266.0,2.0,184.0,108.0,75.6,,,125.0,157.2,50.6,,1.111167799007432,0.17857142857142858,0.026455026455026457,Low
77365,23,1,17.0,21.0,241.0,2.0,141.0,70.0,70.6,,,60.3,166.4,21.8,72.6,0.3540381538683528,0.17634854771784234,0.028328611898017,Low
77367,48,2,19.0,11.0,269.0,2.0,227.0,,,106.0,72.0,57.8,159.3,22.8,76.2,1.0222243355201501,0.1765799256505576,,Low
77368,43,2,18.0,14.0,316.0,2.0,206.0,,,98.0,60.0,72.9,155.4,30.2,95.3,0.654620890000685,0.14240506329113925,,Low
77369,21,2,23.0,26.0,253.0,2.0,149.0,,,110.0,76.0,114.0,154.3,47.9,136.5,0.37440353071835136,0.22727272727272727,,Low
77371,70,2,25.0,26.0,227.0,2.0,176.0,,,,,69.0,164.4,25.5,86.5,1.5119085308009783,0.27533039647577096,,Moderate
77373,74,2,22.0,20.0,249.0,2.0,171.0,,,126.0,72.0,62.6,161.8,23.9,93.7,1.4619753684215493,0.2208835341365462,,Moderate
77374,46,2,13.0,8.0,334.0,2.0,130.0,,,94.0,60.0,67.8,168.9,23.8,90.3,0.6330087651939452,0.09730538922155689,,Low
77376,60,1,18.0,16.0,208.0,2.0,149.0,74.0,74.6,116.0,74.0,80.7,176.0,26.1,95.7,1.2980769230769231,0.21634615384615385,0.02680965147453083,Low
77377,36,1,28.0,33.0,254.0,2.0,199.0,,,118.0,84.0,109.9,177.5,34.9,111.5,0.6908278630052891,0.2755905511811024,,Low
77380,46,1,26.0,24.0,267.0,2.0,216.0,157.0,58.6,114.0,72.0,94.3,184.7,27.6,94.3,0.9143538490538955,0.24344569288389512,0.034129692832764506,Low
77381,28,1,17.0,11.0,219.0,2.0,121.0,,,126.0,58.0,86.6,187.1,24.7,92.6,0.655339726114226,0.19406392694063926,,Low
77383,80,1,20.0,15.0,217.0,2.0,200.0,,,112.0,40.0,64.3,176.4,20.7,91.0,1.903770615647271,0.2304147465437788,,Moderate
77385,52,1,43.0,53.0,201.0,2.0,123.0,62.0,60.6,106.0,78.0,78.8,172.8,26.4,93.1,1.528050850692879,0.5348258706467661,0.033003300330033,Moderate
77386,31,2,18.0,15.0,322.0,2.0,199.0,119.0,79.6,100.0,76.0,53.1,150.8,23.4,85.9,0.447437827574273,0.13975155279503107,0.02512562814070352,Low
77387,44,1,16.0,15.0,286.0,2.0,191.0,112.0,78.6,,,96.8,186.2,27.9,102.1,0.6355664978391657,0.13986013986013987,0.025445292620865142,Low
77388,46,1,25.0,36.0,249.0,2.0,217.0,,,136.0,92.0,81.4,169.2,28.4,91.5,0.7697456492637216,0.25100401606425704,,Low
77391,36,1,18.0,27.0,216.0,2.0,217.0,143.0,73.6,118.0,78.0,107.6,171.9,36.4,118.8,0.5773502691896257,0.20833333333333334,0.027173913043478264,Low
77392,54,2,19.0,17.0,327.0,2.0,150.0,,,108.0,68.0,126.0,172.0,42.6,140.8,0.7609833372699621,0.1452599388379205,,Low
77394,60,2,23.0,31.0,222.0,2.0,232.0,,,142.0,58.0,106.3,161.2,40.9,128.7,1.1164653909772495,0.25900900900900903,,Low
77395,18,2,13.0,11.0,242.0,2.0,151.0,81.0,69.6,110.0,58.0,77.9,181.2,23.7,79.5,0.2915440274016392,0.13429752066115702,0.02873563218390805,Low
77396,31,2,28.0,36.0,231.0,2.0,256.0,163.0,92.6,102.0,72.0,65.7,165.0,24.1,96.5,0.6262626262626263,0.30303030303030304,0.021598272138228944,Low
77398,62,1,28.0,23.0,165.0,2.0,208.0,148.0,59.6,164.0,70.0,71.9,166.7,25.9,92.1,2.1938243806247386,0.4242424242424242,0.03355704697986577,Moderate
77399,80,2,21.0,13.0,381.0,2.0,169.0,79.0,89.6,128.0,48.0,78.4,152.4,33.8,117.7,1.2229610625438123,0.1377952755905512,0.022321428571428572,Low
77400,80,1,25.0,19.0,177.0,2.0,185.0,137.0,47.6,116.0,56.0,98.3,185.6,28.5,106.5,2.5922681793283813,0.3531073446327684,0.04201680672268907,Moderate
77405,53,2,23.0,26.0,262.0,2.0,333.0,,,112.0,84.0,81.7,163.7,30.5,99.2,0.9124640027994135,0.2194656488549618,,Low
77407,44,2,123.0,86.0,141.0,2.0,190.0,73.0,116.6,126.0,84.0,59.7,155.4,24.7,83.2,4.138943039553253,2.1808510638297873,0.017152658662092625,High
77408,79,2,22.0,16.0,261.0,2.0,223.0,,,114.0,74.0,67.6,150.5,29.8,100.8,1.6647509578544062,0.21072796934865903,,Moderate
77409,38,2,15.0,13.0,360.0,2.0,417.0,344.0,72.6,112.0,78.0,58.8,160.9,22.7,83.9,0.43913765534497307,0.10416666666666667,0.027548209366391185,Low
77411,44,2,18.0,14.0,203.0,2.0,126.0,51.0,74.6,108.0,68.0,55.5,158.8,22.0,81.5,1.042713810811035,0.22167487684729065,0.02680965147453083,Low
77414,32,1,39.0,69.0,197.0,2.0,167.0,,,120.0,76.0,115.4,169.5,40.2,120.4,0.7626474347768526,0.4949238578680203,,Low
77415,72,2,23.0,28.0,443.0,2.0,138.0,,,122.0,56.0,80.3,155.7,33.1,115.7,0.7064437554213097,0.12979683972911962,,Low
77417,80,1,19.0,17.0,228.0,2.0,122.0,,,114.0,56.0,99.9,183.4,29.7,123.6,1.6169041669088866,0.20833333333333334,,Moderate
77419,24,1,40.0,28.0,223.0,2.0,159.0,,,124.0,78.0,92.5,187.2,26.4,94.2,0.8135558163427312,0.4484304932735426,,Low
77422,80,1,25.0,21.0,133.0,2.0,149.0,72.0,76.6,168.0,60.0,57.3,164.7,21.1,83.7,3.281472033623946,0.4699248120300752,0.026109660574412535,High
77423,74,1,19.0,18.0,125.0,2.0,125.0,52.0,72.6,106.0,66.0,80.0,169.9,27.7,103.0,2.6511790249287626,0.38,0.027548209366391185,Moderate
77424,40,2,20.0,21.0,327.0,2.0,180.0,,,106.0,72.0,67.2,157.5,27.1,94.2,0.5338663981308682,0.1529051987767584,,Low
77425,66,1,16.0,9.0,181.0,2.0,161.0,112.0,48.6,144.0,68.0,57.4,175.7,18.6,82.0,1.9447513812154695,0.22099447513812157,0.0411522633744856,Moderate
77428,33,2,17.0,11.0,310.0,2.0,190.0,,,120.0,68.0,80.8,158.6,32.1,108.4,0.5456382719616949,0.13709677419354838,,Low
77429,76,2,39.0,41.0,370.0,2.0,154.0,,,,,95.6,165.9,34.7,105.3,1.2510784601022389,0.2635135135135135,,Low
77431,22,2,17.0,15.0,208.0,2.0,176.0,105.0,70.6,94.0,68.0,54.2,160.3,21.1,71.8,0.4642614652184532,0.2043269230769231,0.028328611898017,Low
77433,58,2,23.0,23.0,235.0,2.0,273.0,173.0,99.6,126.0,78.0,60.9,152.5,26.2,91.5,1.1836520355410118,0.24468085106382978,0.020080321285140562,Low
77436,58,2,17.0,22.0,245.0,2.0,290.0,208.0,81.6,134.0,52.0,81.1,159.3,32.0,110.7,0.8580241074556403,0.17346938775510204,0.02450980392156863,Low
77438,41,2,18.0,13.0,235.0,2.0,165.0,96.0,68.6,104.0,62.0,59.3,150.6,26.1,82.7,0.8709973293919555,0.19148936170212766,0.02915451895043732,Low
77440,19,1,45.0,21.0,184.0,2.0,177.0,103.0,73.6,112.0,78.0,73.1,162.9,27.5,84.4,1.0140016095205082,0.6114130434782609,0.027173913043478264,Low
77443,64,1,90.0,68.0,194.0,2.0,191.0,113.0,77.6,108.0,64.0,98.8,172.7,33.1,,3.6005288665187574,1.1597938144329898,0.025773195876288662,High
77444,63,1,41.0,27.0,241.0,2.0,135.0,,,148.0,82.0,63.8,176.0,20.6,78.1,2.0626497168973765,0.42531120331950206,,Moderate
77446,26,2,22.0,16.0,305.0,2.0,197.0,,,114.0,72.0,67.7,158.5,26.9,87.4,0.46885245901639344,0.18032786885245905,,Low
77448,26,1,24.0,22.0,173.0,2.0,148.0,70.0,77.6,128.0,74.0,62.9,180.4,19.3,73.8,0.769001427779774,0.3468208092485549,0.025773195876288662,Low
77450,58,2,31.0,32.0,307.0,2.0,214.0,114.0,99.6,110.0,64.0,69.4,159.7,27.2,98.5,1.035324098186818,0.252442996742671,0.020080321285140562,Low
77452,27,1,33.0,57.0,162.0,2.0,168.0,85.0,82.6,118.0,58.0,84.9,170.7,29.1,98.2,0.7284927963857741,0.5092592592592592,0.02421307506053269,Low
77453,57,2,21.0,19.0,301.0,2.0,176.0,,,104.0,58.0,76.5,163.8,28.5,96.5,0.9123276858573501,0.1744186046511628,,Low
77455,18,2,45.0,47.0,184.0,2.0,161.0,,,104.0,66.0,67.8,163.7,25.3,82.0,0.6421230603983402,0.6114130434782609,,Low
77456,62,2,49.0,32.0,180.0,2.0,207.0,114.0,92.6,156.0,88.0,51.3,145.0,24.4,80.6,2.9835977795065713,0.6805555555555556,0.021598272138228944,High
77458,50,1,27.0,23.0,238.0,2.0,189.0,87.0,101.6,142.0,92.0,119.8,198.2,30.5,108.0,1.182749827634668,0.2836134453781513,0.01968503937007874,Low
77459,29,1,26.0,31.0,186.0,2.0,160.0,,,102.0,64.0,82.9,180.5,25.4,90.6,0.7280774071407972,0.34946236559139787,,Low
77460,45,1,28.0,31.0,207.0,2.0,250.0,,,118.0,62.0,88.5,169.2,30.9,103.3,1.0932496645108039,0.3381642512077294,,Low
77461,20,2,20.0,15.0,166.0,2.0,162.0,81.0,80.6,96.0,56.0,51.9,167.4,18.5,69.0,0.6221659993907497,0.30120481927710846,0.02481389578163772,Low
77463,50,2,17.0,17.0,396.0,2.0,170.0,98.0,71.6,102.0,72.0,89.5,156.8,36.4,110.2,0.5205941446486945,0.10732323232323232,0.02793296089385475,Low
77464,36,2,19.0,18.0,491.0,2.0,194.0,,,118.0,62.0,127.8,167.0,45.8,129.3,0.32835101040841724,0.09674134419551934,,Low
77465,21,2,30.0,33.0,314.0,2.0,170.0,77.0,92.6,94.0,64.0,52.8,164.6,19.5,65.5,0.3492640867900944,0.23885350318471338,0.021598272138228944,Low
77466,22,2,12.0,11.0,328.0,2.0,218.0,137.0,80.6,104.0,56.0,77.3,163.0,29.1,83.4,0.24267986270893172,0.09146341463414634,0.02481389578163772,Low
77468,54,1,27.0,19.0,209.0,2.0,207.0,127.0,79.6,114.0,64.0,78.6,163.7,29.3,92.7,1.6004217224080335,0.3229665071770335,0.02512562814070352,Moderate
77469,67,2,17.0,21.0,287.0,2.0,124.0,54.0,69.6,134.0,70.0,86.5,151.5,37.7,111.7,0.8660284912153148,0.14808362369337977,0.02873563218390805,Low
77470,25,2,15.0,11.0,255.0,2.0,145.0,,,114.0,72.0,78.8,162.0,30.0,93.0,0.44339903614377,0.14705882352941177,,Low
77471,62,1,26.0,26.0,235.0,2.0,219.0,,,146.0,82.0,89.1,170.5,30.6,108.4,1.3452732333734156,0.2765957446808511,,Moderate
77475,48,1,39.0,56.0,184.0,2.0,315.0,,,128.0,80.0,100.7,184.8,29.5,112.5,1.3595463175545068,0.529891304347826,,Moderate
77477,59,1,32.0,24.0,225.0,2.0,236.0,161.0,74.6,114.0,64.0,81.7,165.1,30.0,94.1,1.7128283831017188,0.35555555555555557,0.02680965147453083,Moderate
77481,54,2,93.0,64.0,244.0,2.0,216.0,149.0,66.6,126.0,68.0,107.8,161.6,41.3,132.0,2.5727459016393444,0.9528688524590165,0.030030030030030033,Moderate
77483,45,1,19.0,11.0,160.0,2.0,167.0,115.0,51.6,102.0,60.0,89.4,186.9,25.6,94.0,1.6112012475874244,0.296875,0.03875968992248062,Moderate
77484,40,1,17.0,19.0,149.0,2.0,145.0,84.0,60.6,126.0,52.0,74.8,176.2,24.1,86.6,1.046997980080416,0.28523489932885904,0.033003300330033,Low
77485,49,2,24.0,20.0,249.0,2.0,283.0,,,108.0,66.0,80.2,166.1,29.1,91.0,1.0560706592529128,0.24096385542168672,,Low
77487,18,2,69.0,28.0,204.0,2.0,128.0,69.0,58.6,104.0,58.0,54.1,162.1,20.6,75.5,1.1505683222486771,0.8455882352941178,0.034129692832764506,Low
77488,80,2,24.0,18.0,187.0,2.0,185.0,108.0,76.6,152.0,84.0,62.9,167.3,22.5,92.4,2.420044598713318,0.32085561497326204,0.026109660574412535,Moderate
77489,74,1,17.0,17.0,118.0,2.0,170.0,97.0,72.6,164.0,64.0,97.7,178.9,30.5,113.9,2.5856764092856515,0.3601694915254237,0.027548209366391185,Moderate
77492,34,1,28.0,28.0,264.0,2.0,218.0,,,108.0,68.0,93.5,169.0,32.7,102.8,0.6814813983045157,0.26515151515151514,,Low
77494,80,1,27.0,22.0,195.0,2.0,144.0,61.0,82.6,,,71.9,168.4,25.4,98.2,2.3616079350159924,0.34615384615384615,0.02421307506053269,Moderate
77498,59,2,36.0,30.0,209.0,2.0,196.0,116.0,79.6,136.0,90.0,66.0,163.8,24.6,86.6,1.8554429220749167,0.43062200956937796,0.02512562814070352,Moderate
77499,31,1,25.0,33.0,188.0,2.0,156.0,88.0,67.6,102.0,74.0,101.3,178.4,31.8,111.2,0.7176073583280097,0.3324468085106383,0.02958579881656805,Low
77502,55,2,24.0,23.0,194.0,2.0,222.0,141.0,80.6,140.0,70.0,111.9,163.3,42.0,126.6,1.4187578688419522,0.30927835051546393,0.02481389578163772,Moderate
77503,59,1,19.0,15.0,250.0,2.0,106.0,,,124.0,62.0,92.8,181.6,28.1,101.5,1.1577638216262705,0.19,,Low
77505,30,2,23.0,19.0,237.0,2.0,116.0,,,94.0,64.0,61.4,166.8,22.1,80.3,0.6679192251927746,0.24261603375527424,,Low
77507,43,1,28.0,37.0,319.0,2.0,166.0,92.0,73.6,136.0,84.0,88.8,177.4,28.2,103.7,0.6204902216791542,0.21943573667711597,0.027173913043478264,Low
77508,18,2,20.0,9.0,167.0,2.0,149.0,,,108.0,74.0,54.1,157.4,21.8,84.5,0.718562874251497,0.29940119760479045,,Low
77509,53,1,20.0,32.0,519.0,2.0,231.0,164.0,66.6,140.0,86.0,110.2,187.1,31.5,107.2,0.361046815056715,0.09633911368015415,0.030030030030030033,Low
77511,80,1,21.0,17.0,203.0,2.0,126.0,,,110.0,76.0,120.1,179.2,37.4,130.3,2.0071913796110317,0.25862068965517243,,Moderate
77513,34,1,16.0,15.0,195.0,2.0,194.0,,,116.0,68.0,78.2,177.8,24.7,86.5,0.7203086975510546,0.20512820512820512,,Low
77520,80,1,25.0,24.0,260.0,2.0,190.0,90.0,99.6,112.0,48.0,68.3,162.3,25.9,105.2,1.5701857325533193,0.2403846153846154,0.020080321285140562,Moderate
77521,41,1,21.0,25.0,252.0,2.0,200.0,,,118.0,72.0,83.3,172.8,27.9,91.7,0.6833333333333333,0.20833333333333334,,Low
77522,80,1,14.0,10.0,304.0,2.0,127.0,60.0,66.6,126.0,58.0,65.2,173.1,21.8,90.0,1.1650496642725607,0.1151315789473684,0.030030030030030033,Low
77524,65,2,22.0,23.0,253.0,2.0,178.0,,,130.0,78.0,73.6,169.9,25.5,92.9,1.1785597316269443,0.21739130434782608,,Low
77527,47,1,22.0,18.0,214.0,2.0,188.0,110.0,77.6,114.0,76.0,68.8,167.8,24.4,83.4,1.1388604544344083,0.25700934579439255,0.025773195876288662,Low
77528,40,1,25.0,19.0,221.0,2.0,280.0,,,122.0,88.0,82.1,171.1,28.0,98.6,1.038080243758198,0.2828054298642534,,Low
77529,65,1,40.0,35.0,155.0,2.0,135.0,69.0,65.6,150.0,68.0,116.3,178.6,36.5,122.5,2.8353562094117977,0.6451612903225806,0.030487804878048783,High
77533,68,2,50.0,40.0,226.0,2.0,163.0,,,130.0,78.0,55.5,161.7,21.2,86.5,2.3787044346399315,0.5530973451327433,,Moderate
77535,72,1,23.0,16.0,158.0,2.0,136.0,,,144.0,66.0,66.6,167.5,23.7,85.5,2.6202531645569622,0.3639240506329114,,Moderate
77536,80,2,18.0,14.0,197.0,2.0,263.0,174.0,88.6,176.0,68.0,53.7,147.5,24.7,91.0,1.9535847124563002,0.2284263959390863,0.022573363431151242,Moderate
77538,23,1,28.0,32.0,205.0,2.0,182.0,95.0,86.6,126.0,56.0,65.3,165.8,23.8,84.1,0.5553375208343129,0.34146341463414637,0.023094688221709007,Low
77539,38,2,19.0,15.0,244.0,2.0,147.0,,,106.0,70.0,62.7,164.0,23.3,79.8,0.7640147475305341,0.19467213114754098,,Low
77540,43,1,20.0,20.0,221.0,2.0,139.0,76.0,62.6,126.0,70.0,69.5,163.7,25.9,94.0,0.8701440998415471,0.22624434389140274,0.03194888178913738,Low
77541,60,1,33.0,37.0,144.0,2.0,253.0,161.0,91.6,124.0,74.0,79.7,179.66,24.7,90.3,2.260486075448663,0.5729166666666666,0.02183406113537118,Moderate
77542,42,1,23.0,26.0,304.0,2.0,235.0,,,,,94.4,172.7,31.7,113.9,0.6231848241562032,0.18914473684210525,,Low
77543,43,1,27.0,36.0,158.0,2.0,202.0,,,106.0,72.0,88.3,185.6,25.6,99.1,1.2246835443037976,0.4272151898734177,,Low
77546,20,1,22.0,24.0,130.0,2.0,159.0,,,122.0,56.0,109.1,179.8,33.7,99.7,0.6908817223234606,0.42307692307692313,,Low
77547,36,1,42.0,76.0,224.0,2.0,261.0,,,,,115.0,175.3,37.4,120.8,0.7742781018131458,0.46875,,Low
77548,69,1,19.0,35.0,304.0,2.0,158.0,81.0,76.6,132.0,58.0,91.2,180.9,27.9,111.6,0.7289455447033456,0.15625,0.026109660574412535,Low
77549,22,2,29.0,10.0,296.0,2.0,153.0,,,96.0,58.0,59.9,157.7,24.1,85.0,0.6815990362119682,0.24493243243243246,,Low
77550,26,1,56.0,91.0,234.0,2.0,203.0,117.0,85.6,134.0,72.0,131.3,173.9,43.4,132.8,0.6522661206269714,0.5982905982905983,0.023364485981308414,Low
77551,56,2,22.0,15.0,220.0,2.0,182.0,,,124.0,66.0,74.0,165.3,27.1,97.2,1.4459137825841024,0.25,,Moderate
77552,59,2,16.0,14.0,231.0,2.0,175.0,114.0,60.6,126.0,54.0,79.1,157.1,32.0,110.5,1.0921844691139766,0.17316017316017315,0.033003300330033,Low
77556,24,1,42.0,37.0,203.0,2.0,147.0,,,108.0,54.0,102.4,188.3,28.9,110.7,0.8163260059300501,0.5172413793103449,,Low
77560,60,2,23.0,20.0,375.0,,203.0,116.0,,136.0,70.0,90.0,151.7,39.1,113.0,0.8228730157199226,0.15333333333333332,,Low
77562,65,2,20.0,14.0,243.0,2.0,234.0,,,110.0,62.0,78.8,154.5,33.0,111.1,1.4297926522063857,0.205761316872428,,Moderate
77563,36,1,27.0,43.0,258.0,2.0,160.0,,,128.0,76.0,91.0,173.9,30.1,105.0,0.5745294975321386,0.2616279069767442,,Low
77569,48,2,18.0,18.0,213.0,2.0,176.0,91.0,84.6,106.0,74.0,79.3,157.0,32.2,100.6,0.9560880421677264,0.21126760563380284,0.023640661938534282,Low
77571,18,2,18.0,15.0,237.0,2.0,164.0,,,112.0,22.0,52.9,160.2,20.6,66.7,0.35298076066700507,0.189873417721519,,Low
77572,57,1,26.0,21.0,229.0,2.0,205.0,,,122.0,84.0,82.2,183.1,24.5,101.1,1.4122223289508329,0.2838427947598253,,Moderate
77575,30,1,21.0,20.0,162.0,2.0,194.0,,,118.0,68.0,89.0,179.7,27.6,103.6,0.8695819912499181,0.3240740740740741,,Low
77577,33,2,22.0,14.0,231.0,2.0,202.0,105.0,96.6,110.0,68.0,68.2,163.2,25.6,84.2,0.8399639031533338,0.2380952380952381,0.020703933747412008,Low
77578,45,1,41.0,66.0,160.0,2.0,177.0,,,116.0,74.0,93.2,176.3,30.0,104.5,1.4193987553554306,0.640625,,Moderate
77580,80,2,24.0,18.0,211.0,2.0,165.0,90.0,74.6,,,57.4,144.2,27.6,,2.1447788623667794,0.2843601895734597,0.02680965147453083,Moderate
77581,31,2,19.0,16.0,203.0,2.0,182.0,109.0,72.6,108.0,64.0,108.4,163.8,40.4,123.3,0.7253694581280788,0.23399014778325125,0.027548209366391185,Low
77584,35,2,15.0,20.0,304.0,2.0,175.0,123.0,51.6,142.0,90.0,116.4,161.9,44.4,130.0,0.38616305532479916,0.12335526315789473,0.03875968992248062,Low
77585,36,1,44.0,53.0,231.0,2.0,205.0,119.0,85.6,132.0,78.0,128.6,179.1,40.1,119.9,0.9419010099338676,0.4761904761904762,0.023364485981308414,Low
77586,65,1,26.0,29.0,201.0,2.0,118.0,48.0,69.6,112.0,44.0,79.1,181.7,24.0,,1.561319012533421,0.32338308457711445,0.02873563218390805,Moderate
77587,20,1,28.0,39.0,260.0,2.0,198.0,,,140.0,56.0,105.3,167.7,37.4,114.8,0.3448914081955723,0.2692307692307692,,Low
77589,50,2,50.0,71.0,210.0,2.0,188.0,114.0,73.6,136.0,74.0,85.7,142.3,42.3,107.4,1.4128353073736348,0.5952380952380952,0.027173913043478264,Moderate
77591,23,1,18.0,20.0,260.0,2.0,159.0,,,,,163.5,180.6,50.1,,0.35605082410958183,0.17307692307692307,,Low
77592,52,2,18.0,21.0,243.0,2.0,189.0,,,118.0,70.0,89.7,160.8,34.7,110.4,0.8405429846127115,0.1851851851851852,,Low
77596,49,1,21.0,26.0,188.0,2.0,172.0,101.0,70.6,112.0,80.0,68.2,169.4,23.8,89.6,1.0734228886020818,0.2792553191489362,0.028328611898017,Low
77597,58,1,26.0,28.0,163.0,2.0,172.0,,,114.0,70.0,71.4,164.0,26.5,93.1,1.7483755377236645,0.39877300613496935,,Moderate
77598,79,1,31.0,20.0,256.0,2.0,196.0,,,108.0,68.0,64.8,176.1,20.9,94.1,2.1391134675378844,0.302734375,,Moderate
77600,58,2,34.0,39.0,236.0,2.0,187.0,99.0,87.6,120.0,72.0,94.7,151.7,41.2,124.9,1.3380199970492874,0.3601694915254237,0.022831050228310504,Moderate
77601,42,1,26.0,43.0,198.0,2.0,136.0,71.0,64.6,124.0,86.0,107.6,174.7,35.3,114.4,0.8410527212283045,0.3282828282828283,0.030959752321981428,Low
77603,56,2,27.0,24.0,474.0,2.0,134.0,52.0,81.6,126.0,78.0,72.1,159.9,28.2,98.9,0.651130184790465,0.14240506329113925,0.02450980392156863,Low
77604,25,1,26.0,47.0,245.0,2.0,174.0,,,138.0,94.0,158.5,176.8,50.7,150.9,0.3869887529535978,0.2653061224489796,,Low
77605,55,1,34.0,15.0,176.0,2.0,138.0,,,116.0,58.0,79.1,179.1,24.7,87.8,2.743363203563587,0.4829545454545454,,High
77607,42,2,19.0,18.0,383.0,2.0,206.0,,,100.0,52.0,91.2,164.2,33.8,108.1,0.4910976600407876,0.12402088772845953,,Low
77609,61,2,22.0,19.0,206.0,2.0,213.0,107.0,105.6,104.0,62.0,40.2,148.1,18.3,65.7,1.4945432759917177,0.26699029126213597,0.01893939393939394,Moderate
77610,61,2,23.0,18.0,236.0,2.0,209.0,,,120.0,72.0,89.8,166.2,32.5,100.4,1.4012299632835117,0.24364406779661013,,Moderate
77611,35,2,26.0,18.0,343.0,2.0,168.0,,,104.0,72.0,60.2,164.3,22.3,80.9,0.6253325275799401,0.18950437317784258,,Low
77612,22,1,29.0,33.0,429.0,2.0,196.0,118.0,77.6,126.0,64.0,176.5,176.5,56.7,148.5,0.25888471911360195,0.168997668997669,0.025773195876288662,Low
77613,19,1,30.0,25.0,226.0,2.0,211.0,,,138.0,58.0,64.1,158.8,25.4,85.1,0.504424778761062,0.33185840707964603,,Low
77615,19,2,17.0,12.0,296.0,2.0,166.0,91.0,74.6,108.0,58.0,73.3,158.8,29.1,88.9,0.31500698808825867,0.14358108108108106,0.02680965147453083,Low
77616,35,2,18.0,9.0,301.0,2.0,159.0,90.0,68.6,122.0,84.0,121.3,165.1,44.5,,0.6976744186046512,0.14950166112956811,0.02915451895043732,Low
77617,34,1,26.0,22.0,231.0,2.0,204.0,141.0,62.6,,,88.1,180.7,27.0,,0.8158849924604312,0.2813852813852814,0.03194888178913738,Low
77618,25,2,21.0,12.0,170.0,2.0,167.0,92.0,74.6,100.0,54.0,53.9,159.4,21.2,68.4,0.8914967391898634,0.3088235294117647,0.02680965147453083,Low
77620,28,2,25.0,18.0,250.0,2.0,153.0,86.0,66.6,104.0,66.0,102.9,160.0,40.2,112.0,0.6599663291074443,0.25,0.030030030030030033,Low
77621,68,2,21.0,14.0,182.0,2.0,173.0,,,118.0,62.0,90.1,153.7,38.1,113.2,2.096972821159022,0.2884615384615385,,Moderate
77622,75,2,38.0,38.0,276.0,2.0,198.0,,,130.0,78.0,66.4,159.4,26.1,79.1,1.675112500806787,0.3442028985507246,,Moderate
77625,80,2,23.0,20.0,210.0,2.0,150.0,72.0,77.6,110.0,70.0,57.4,155.1,23.9,84.2,1.9592214659998155,0.2738095238095238,0.025773195876288662,Moderate
77626,18,2,15.0,19.0,314.0,2.0,137.0,,,108.0,64.0,67.7,168.6,23.8,88.4,0.19726830619443209,0.11942675159235669,,Low
77630,45,1,34.0,38.0,230.0,2.0,180.0,,,140.0,80.0,87.7,169.6,30.5,110.1,1.0791251057828988,0.3695652173913043,,Low
77631,59,2,29.0,20.0,212.0,2.0,265.0,,,130.0,80.0,60.4,147.7,27.7,,1.8046756176896888,0.3419811320754717,,Moderate
77634,67,2,17.0,21.0,225.0,2.0,205.0,,,,,70.0,151.9,30.3,93.8,1.1046674532390903,0.18888888888888888,,Low
77638,23,2,20.0,12.0,239.0,2.0,156.0,93.0,62.6,104.0,72.0,62.9,170.3,21.7,85.4,0.5556090456636567,0.20920502092050208,0.03194888178913738,Low
77639,28,2,29.0,42.0,378.0,2.0,147.0,,,,,129.8,158.1,51.9,153.0,0.33146645547412334,0.1917989417989418,,Low
77640,46,1,26.0,27.0,212.0,2.0,180.0,89.0,90.6,144.0,92.0,67.0,173.0,22.4,86.6,1.0857089967779754,0.3066037735849057,0.02207505518763797,Low
77642,63,2,30.0,48.0,209.0,2.0,203.0,,,,,90.1,169.1,31.5,114.3,1.3052535990052545,0.3588516746411483,,Moderate
77643,24,2,19.0,19.0,202.0,2.0,163.0,,,116.0,68.0,83.0,149.9,36.9,109.5,0.5178889833909711,0.23514851485148514,,Low
77644,60,1,27.0,22.0,188.0,2.0,177.0,114.0,62.6,116.0,74.0,98.8,181.7,29.9,110.1,1.8371551090217495,0.3590425531914894,0.03194888178913738,Moderate
77645,52,2,18.0,21.0,207.0,2.0,230.0,,,118.0,82.0,73.3,162.8,27.7,88.7,0.986724373241009,0.21739130434782608,,Low
77646,18,1,14.0,15.0,149.0,2.0,212.0,,,110.0,66.0,93.3,179.6,28.9,95.2,0.4366853705790913,0.2348993288590604,,Low
77647,68,1,24.0,30.0,306.0,2.0,177.0,115.0,61.6,162.0,66.0,99.2,180.6,30.4,115.5,0.9737289911202953,0.19607843137254902,0.032467532467532464,Low
77651,23,2,23.0,20.0,235.0,2.0,203.0,115.0,87.6,124.0,88.0,70.4,151.9,30.5,,0.5033531745095271,0.24468085106382978,0.022831050228310504,Low
77653,29,2,21.0,16.0,284.0,2.0,180.0,,,108.0,66.0,68.0,153.1,29.0,94.0,0.5360915492957746,0.18485915492957747,,Low
77654,70,2,26.0,26.0,246.0,2.0,286.0,185.0,100.6,140.0,74.0,78.6,149.2,35.3,105.8,1.450940511997947,0.26422764227642276,0.019880715705765408,Moderate
77655,55,2,27.0,20.0,220.0,2.0,248.0,158.0,89.6,112.0,54.0,66.4,151.8,28.8,99.0,1.509345884812358,0.3068181818181818,0.022321428571428572,Moderate
77656,40,1,22.0,23.0,194.0,2.0,180.0,,,122.0,84.0,76.9,174.7,25.2,104.0,0.9458385792279681,0.2835051546391753,,Low
77659,76,2,28.0,31.0,221.0,2.0,268.0,,,184.0,78.0,76.0,151.0,33.3,116.0,1.7294121389727468,0.3167420814479638,,Moderate
77660,66,1,19.0,18.0,180.0,2.0,196.0,128.0,67.6,136.0,82.0,88.5,172.8,29.6,112.7,1.6420590807554272,0.2638888888888889,0.02958579881656805,Moderate
77661,80,2,15.0,12.0,173.0,2.0,161.0,,,,,95.8,153.3,40.8,122.3,2.0023708758021703,0.2167630057803468,,Moderate
77663,61,1,22.0,23.0,268.0,2.0,225.0,152.0,72.6,156.0,80.0,71.0,157.7,28.5,102.3,1.0441281480022178,0.20522388059701496,0.027548209366391185,Low
77664,30,2,19.0,22.0,210.0,2.0,274.0,,,102.0,66.0,80.9,164.8,29.8,87.3,0.578687658679514,0.2261904761904762,,Low
77666,42,1,52.0,80.0,153.0,2.0,158.0,,,128.0,76.0,118.7,181.0,36.2,121.5,1.595938713352791,0.8496732026143792,,Moderate
77667,58,1,25.0,24.0,164.0,2.0,144.0,,,130.0,76.0,92.7,192.0,25.1,99.2,1.8047561621115897,0.38109756097560976,,Moderate
77668,47,1,26.0,34.0,236.0,2.0,219.0,,,124.0,76.0,123.3,182.8,36.9,123.7,0.88801386035655,0.2754237288135593,,Low
77670,25,1,25.0,19.0,153.0,2.0,159.0,73.0,85.6,114.0,66.0,65.5,174.7,21.5,75.0,0.9371557756150397,0.40849673202614384,0.023364485981308414,Low
77671,18,2,27.0,28.0,222.0,1.0,167.0,,,112.0,48.0,59.8,167.5,21.3,74.0,0.41371786910469466,0.30405405405405406,,Low
77673,26,1,19.0,16.0,187.0,2.0,163.0,80.0,82.6,106.0,74.0,63.9,171.7,21.7,76.6,0.660427807486631,0.2540106951871658,0.02421307506053269,Low
77674,55,2,22.0,26.0,326.0,2.0,226.0,153.0,72.6,116.0,50.0,66.2,172.8,22.2,89.0,0.7279157163104377,0.16871165644171782,0.027548209366391185,Low
77675,33,1,23.0,23.0,336.0,2.0,227.0,138.0,88.6,108.0,60.0,58.8,168.9,20.6,80.7,0.47101916746821354,0.17113095238095236,0.022573363431151242,Low
77677,80,2,40.0,28.0,181.0,2.0,117.0,37.0,79.6,136.0,70.0,67.5,161.8,25.8,92.5,3.341122413341235,0.5524861878453038,0.02512562814070352,High
77678,34,1,22.0,18.0,235.0,2.0,263.0,,,118.0,76.0,75.6,182.4,22.7,86.1,0.7502352798972165,0.23404255319148937,,Low
77679,29,1,33.0,39.0,243.0,2.0,136.0,77.0,58.6,142.0,84.0,156.8,170.4,54.0,142.3,0.6306281612817629,0.3395061728395062,0.034129692832764506,Low
77680,22,1,20.0,18.0,251.0,2.0,174.0,,,128.0,88.0,95.4,176.7,30.6,95.4,0.4131832453148485,0.199203187250996,,Low
77682,50,1,15.0,17.0,158.0,2.0,147.0,91.0,55.6,126.0,84.0,95.3,176.9,30.5,104.7,1.1512767011218337,0.23734177215189875,0.03597122302158273,Low
77684,80,1,30.0,25.0,185.0,1.0,144.0,61.0,82.8,158.0,60.0,57.3,163.0,21.6,86.3,2.5945945945945947,0.40540540540540543,0.012077294685990338,Moderate
77686,39,2,29.0,30.0,177.0,2.0,188.0,92.0,95.6,116.0,68.0,63.1,164.3,23.4,87.7,1.1666181027087437,0.4096045197740113,0.020920502092050212,Low
77689,49,2,25.0,23.0,346.0,2.0,213.0,,,124.0,76.0,86.4,161.2,33.2,114.0,0.7382374486124758,0.18063583815028902,,Low
77690,62,2,26.0,19.0,294.0,2.0,181.0,,,,,54.6,148.1,24.9,85.5,1.2578849081610393,0.22108843537414968,,Low
77691,28,2,56.0,199.0,239.0,2.0,159.0,,,106.0,66.0,64.3,157.1,26.1,84.2,0.465073526967812,0.5857740585774058,,Low
77693,51,2,18.0,9.0,205.0,2.0,173.0,100.0,72.6,116.0,64.0,97.3,165.9,35.4,115.5,1.4926829268292683,0.21951219512195125,0.027548209366391185,Moderate
77696,37,1,26.0,17.0,233.0,2.0,243.0,169.0,73.6,114.0,64.0,92.3,185.3,26.9,99.5,1.0013702630255463,0.27896995708154504,0.027173913043478264,Low
77698,30,2,80.0,42.0,201.0,2.0,185.0,,,94.0,66.0,74.7,165.2,27.4,92.6,1.8424280592488584,0.9950248756218906,,Moderate
77700,48,2,13.0,9.0,226.0,2.0,186.0,113.0,72.6,106.0,58.0,52.6,154.3,22.1,82.2,0.9203539823008849,0.14380530973451328,0.027548209366391185,Low
77702,80,1,22.0,15.0,221.0,2.0,174.0,79.0,94.6,134.0,30.0,57.0,163.0,21.5,81.5,2.0562445518325956,0.24886877828054302,0.021141649048625793,Moderate
77704,41,2,23.0,21.0,266.0,2.0,150.0,,,,,46.2,153.4,19.6,72.2,0.7736070319268452,0.2161654135338346,,Low
77705,63,1,20.0,20.0,240.0,2.0,153.0,80.0,72.6,144.0,66.0,70.3,171.6,23.9,86.5,1.1739356881873895,0.20833333333333334,0.027548209366391185,Low
77707,38,1,22.0,22.0,265.0,2.0,221.0,141.0,79.6,118.0,76.0,63.4,169.3,22.1,82.0,0.6725879202765672,0.20754716981132076,0.02512562814070352,Low
77708,44,2,23.0,28.0,363.0,2.0,241.0,,,152.0,90.0,60.9,161.7,23.3,96.7,0.5268595684371046,0.1584022038567493,,Low
77714,18,2,28.0,40.0,237.0,2.0,186.0,117.0,68.6,108.0,70.0,86.3,152.4,37.2,117.1,0.33624218158752384,0.29535864978902954,0.02915451895043732,Low
77716,20,1,17.0,13.0,256.0,2.0,164.0,,,120.0,74.0,89.1,188.6,25.0,86.4,0.3683555990558162,0.166015625,,Low
77717,48,1,14.0,14.0,434.0,2.0,140.0,72.0,67.6,146.0,94.0,131.7,185.7,38.2,128.8,0.4138238584450442,0.08064516129032258,0.02958579881656805,Low
77718,21,1,18.0,14.0,161.0,2.0,119.0,,,104.0,64.0,53.9,168.6,19.0,74.5,0.6274829157943876,0.27950310559006214,,Low
77720,34,1,22.0,30.0,273.0,2.0,223.0,,,,,119.8,179.5,37.2,128.7,0.500239893789822,0.2014652014652015,,Low
77721,46,1,26.0,20.0,293.0,2.0,208.0,133.0,74.6,130.0,84.0,55.2,161.5,21.2,78.0,0.9127431061739756,0.2218430034129693,0.02680965147453083,Low
77722,80,1,24.0,15.0,210.0,2.0,172.0,89.0,82.6,132.0,78.0,82.2,168.4,29.0,114.5,2.3606755634026158,0.2857142857142857,0.02421307506053269,Moderate
77723,27,1,27.0,25.0,300.0,3.0,158.0,,,110.0,64.0,74.2,184.3,21.8,80.8,0.486,0.22500000000000003,,Low
77727,45,2,21.0,20.0,412.0,2.0,201.0,,,120.0,80.0,75.1,163.0,28.3,95.6,0.5128845239653644,0.12742718446601942,,Low
77728,80,1,22.0,28.0,239.0,2.0,234.0,,,160.0,0.0,81.1,171.3,27.6,107.1,1.3916683525025941,0.23012552301255232,,Moderate
77729,67,1,17.0,11.0,236.0,2.0,108.0,,,,,114.0,172.2,38.4,127.3,1.4551755147206473,0.18008474576271186,,Moderate
77733,65,1,26.0,20.0,195.0,2.0,125.0,,,118.0,70.0,95.2,173.0,31.8,111.1,1.9379255804998177,0.33333333333333337,,Moderate
77734,64,2,24.0,22.0,243.0,2.0,209.0,,,,,69.3,164.0,25.8,98.0,1.3476390959762041,0.24691358024691357,,Moderate
77736,58,1,15.0,17.0,239.0,2.0,228.0,148.0,79.6,140.0,78.0,89.4,178.9,27.9,104.7,0.8828702668686598,0.15690376569037656,0.02512562814070352,Low
77740,43,2,30.0,25.0,235.0,2.0,281.0,185.0,95.6,112.0,66.0,60.7,164.6,22.4,84.2,1.097872340425532,0.3191489361702127,0.020920502092050212,Low
77741,73,2,23.0,22.0,228.0,2.0,224.0,113.0,110.6,138.0,74.0,71.1,169.4,24.8,89.5,1.5700175559696048,0.2521929824561403,0.018083182640144666,Moderate
77742,19,1,18.0,9.0,204.0,2.0,138.0,,,124.0,52.0,69.2,173.6,23.0,75.0,0.5588235294117647,0.22058823529411764,,Low
77743,20,2,19.0,12.0,224.0,2.0,169.0,,,106.0,60.0,55.7,174.9,18.2,65.7,0.489716746187629,0.21205357142857142,,Low
77745,33,1,27.0,42.0,201.0,2.0,173.0,,,108.0,56.0,89.8,186.5,25.8,92.8,0.6840014169961387,0.3358208955223881,,Low
77746,36,1,23.0,24.0,150.0,2.0,137.0,78.0,58.6,120.0,86.0,79.4,183.6,23.6,85.0,1.126765281680262,0.3833333333333333,0.034129692832764506,Low
77747,27,1,21.0,12.0,178.0,2.0,127.0,,,118.0,76.0,64.6,179.4,20.1,69.4,0.9195438276138141,0.2949438202247191,,Low
77748,80,1,35.0,25.0,148.0,2.0,161.0,116.0,44.6,,,71.5,173.1,23.9,94.7,3.7837837837837838,0.5912162162162162,0.04484304932735426,High
77750,59,1,23.0,19.0,305.0,2.0,170.0,,,114.0,56.0,141.9,185.3,41.3,138.7,1.0207119700404992,0.1885245901639344,,Low
77756,55,1,19.0,22.0,267.0,2.0,262.0,,,170.0,118.0,119.0,173.0,39.8,129.8,0.8344372606427449,0.17790262172284643,,Low
77758,67,2,19.0,18.0,250.0,2.0,196.0,113.0,82.6,124.0,60.0,99.2,158.9,39.3,123.1,1.2001959099339667,0.19,0.02421307506053269,Low
77760,63,1,28.0,26.0,153.0,2.0,164.0,83.0,80.6,102.0,72.0,108.5,177.7,34.4,123.0,2.261103675710828,0.457516339869281,0.02481389578163772,Moderate
77763,59,2,30.0,37.0,237.0,2.0,146.0,88.0,57.6,136.0,66.0,91.2,162.8,34.4,111.2,1.227789905191909,0.31645569620253167,0.034722222222222224,Low
77768,62,1,18.0,18.0,210.0,2.0,222.0,,,136.0,86.0,77.9,172.2,26.3,96.4,1.2525891552447415,0.2142857142857143,,Low
77769,64,2,18.0,15.0,272.0,2.0,211.0,120.0,90.6,98.0,62.0,57.7,163.6,21.6,88.0,1.0935482389291529,0.16544117647058823,0.02207505518763797,Low
77771,33,1,31.0,25.0,298.0,2.0,184.0,,,120.0,78.0,89.8,182.8,26.9,92.0,0.6865771812080537,0.2600671140939597,,Low
77772,56,1,27.0,32.0,138.0,2.0,89.0,,,126.0,50.0,154.5,187.2,44.1,146.4,1.9368577049892388,0.48913043478260876,,Moderate
77777,69,2,18.0,14.0,201.0,2.0,134.0,,,130.0,52.0,68.6,156.3,28.1,98.9,1.6514351365931896,0.22388059701492538,,Moderate
77778,59,2,19.0,19.0,308.0,2.0,233.0,,,128.0,78.0,93.8,161.3,36.1,112.3,0.8349838885353886,0.1542207792207792,,Low
77779,36,2,21.0,15.0,358.0,2.0,160.0,,,114.0,74.0,132.4,176.6,42.5,125.7,0.5452468174548989,0.14664804469273743,,Low
77780,50,1,17.0,15.0,259.0,2.0,190.0,111.0,78.6,138.0,86.0,70.9,170.6,24.4,88.8,0.8473708736875943,0.1640926640926641,0.025445292620865142,Low
77781,25,1,21.0,16.0,186.0,2.0,135.0,,,124.0,70.0,108.6,183.5,32.3,111.5,0.7056451612903226,0.28225806451612906,,Low
77782,51,2,25.0,13.0,385.0,2.0,176.0,,,108.0,54.0,65.9,163.2,24.7,89.1,0.9184970781651522,0.16233766233766234,,Low
77786,75,1,40.0,42.0,258.0,3.0,121.0,,,146.0,78.0,62.3,165.1,22.9,92.7,1.7942249995592081,0.3875968992248062,,Moderate
77787,44,2,24.0,25.0,284.0,2.0,185.0,,,114.0,62.0,132.0,161.6,50.5,138.9,0.7436619718309859,0.21126760563380279,,Low
77788,21,2,20.0,17.0,357.0,2.0,214.0,146.0,67.6,,,87.2,148.6,39.5,113.0,0.28533602945450937,0.1400560224089636,0.02958579881656805,Low
77789,75,1,35.0,29.0,128.0,2.0,123.0,72.0,50.6,126.0,54.0,90.5,176.0,29.2,103.0,3.8082051774590715,0.68359375,0.039525691699604744,High
77791,31,1,26.0,18.0,174.0,2.0,170.0,,,118.0,76.0,69.6,174.2,22.9,79.3,1.0918162176941713,0.3735632183908046,,Low
77795,34,2,33.0,35.0,251.0,2.0,136.0,59.0,76.6,100.0,70.0,83.1,161.6,31.8,100.4,0.7555881066178451,0.3286852589641434,0.026109660574412535,Low
77796,20,2,17.0,15.0,174.0,2.0,126.0,83.0,42.6,104.0,68.0,67.0,156.4,27.4,80.6,0.5045265661726137,0.2442528735632184,0.046948356807511735,Low
77800,24,2,15.0,11.0,169.0,2.0,143.0,,,108.0,60.0,79.2,158.9,31.4,91.4,0.6422726866745261,0.22189349112426035,,Low
77801,33,1,23.0,17.0,216.0,2.0,151.0,76.0,74.6,86.0,62.0,67.5,165.7,24.6,82.4,0.8522432379748922,0.2662037037037037,0.02680965147453083,Low
77802,65,2,23.0,18.0,140.0,2.0,218.0,142.0,75.6,156.0,60.0,64.5,164.5,23.8,79.9,2.516963423509259,0.4107142857142857,0.026455026455026457,Moderate
77803,51,1,23.0,19.0,122.0,2.0,197.0,,,150.0,82.0,60.7,167.4,21.7,84.4,2.2057758674604013,0.47131147540983603,,Moderate
77805,25,2,16.0,13.0,296.0,2.0,232.0,,,102.0,68.0,77.8,162.9,29.3,92.0,0.3747974298819116,0.13513513513513514,,Low
77806,23,1,24.0,26.0,214.0,2.0,159.0,,,134.0,70.0,66.8,173.2,22.3,78.2,0.5058696569919513,0.2803738317757009,,Low
77807,30,1,23.0,16.0,215.0,2.0,198.0,,,126.0,74.0,88.6,172.1,29.9,96.8,0.8023255813953488,0.26744186046511625,,Low
77808,49,1,21.0,30.0,329.0,2.0,200.0,125.0,74.6,136.0,94.0,138.7,183.3,41.3,,0.5710299003777264,0.1595744680851064,0.02680965147453083,Low
77811,55,1,20.0,27.0,327.0,2.0,180.0,127.0,52.6,154.0,84.0,74.5,173.9,24.6,92.1,0.6473856229445345,0.1529051987767584,0.03802281368821293,Low
77813,27,1,14.0,17.0,123.0,2.0,154.0,,,126.0,74.0,74.6,186.4,21.5,87.3,0.7453533842579989,0.2845528455284553,,Low
77815,66,1,77.0,28.0,151.0,2.0,142.0,87.0,54.6,112.0,54.0,97.3,178.0,30.7,113.0,6.36031606567183,1.2748344370860927,0.03663003663003663,High
77816,18,1,39.0,53.0,194.0,2.0,160.0,,,110.0,66.0,94.0,183.2,28.0,96.4,0.49704698913391593,0.5025773195876289,,Low
77821,23,1,34.0,32.0,317.0,2.0,138.0,76.0,61.6,124.0,58.0,56.8,159.7,22.3,74.3,0.43608635874438495,0.26813880126182965,0.032467532467532464,Low
77822,77,1,23.0,24.0,200.0,3.0,138.0,64.0,73.4,110.0,60.0,113.3,175.1,37.0,132.0,1.8075193060287535,0.2875,0.04087193460490463,Moderate
77823,61,2,38.0,38.0,307.0,2.0,308.0,,,134.0,74.0,75.0,151.3,32.8,105.7,1.22485099081794,0.3094462540716612,,Low
77827,52,2,17.0,15.0,271.0,2.0,203.0,124.0,78.6,114.0,84.0,74.6,161.0,28.8,102.1,0.8422428728283781,0.15682656826568267,0.025445292620865142,Low
77828,18,2,20.0,10.0,208.0,2.0,137.0,73.0,63.6,,,52.6,154.6,22.0,75.4,0.5473172873368349,0.2403846153846154,0.031446540880503145,Low
77830,43,2,17.0,19.0,152.0,2.0,138.0,78.0,59.6,128.0,86.0,77.8,152.0,33.7,107.2,1.1033085622327672,0.27960526315789475,0.03355704697986577,Low
77831,61,1,20.0,16.0,240.0,2.0,196.0,,,142.0,72.0,81.4,172.5,27.4,96.8,1.2708333333333333,0.20833333333333334,,Low
77832,67,2,18.0,24.0,234.0,2.0,217.0,143.0,73.6,126.0,72.0,81.1,157.8,32.6,109.3,1.052024440810724,0.19230769230769232,0.027173913043478264,Low
77835,64,2,17.0,16.0,248.0,2.0,227.0,118.0,108.6,140.0,60.0,97.6,153.4,41.5,115.9,1.096774193548387,0.1713709677419355,0.01841620626151013,Low
77836,26,1,25.0,18.0,226.0,2.0,156.0,,,116.0,66.0,56.6,161.5,21.7,77.6,0.6779047312260412,0.27654867256637167,,Low
77837,27,2,17.0,13.0,222.0,2.0,153.0,64.0,88.6,114.0,64.0,56.9,149.0,25.6,86.7,0.5734400677193247,0.19144144144144143,0.022573363431151242,Low
77838,33,1,16.0,19.0,209.0,2.0,210.0,,,132.0,76.0,112.5,199.4,28.3,97.1,0.5795765908308927,0.19138755980861244,,Low
77840,53,1,26.0,17.0,234.0,2.0,266.0,172.0,93.6,106.0,70.0,67.1,170.3,23.1,86.1,1.428265347436183,0.2777777777777778,0.021367521367521368,Moderate
77841,56,1,22.0,28.0,248.0,2.0,189.0,109.0,79.6,,,89.3,177.4,28.4,102.0,0.9388149813454998,0.2217741935483871,0.02512562814070352,Low
77843,42,1,23.0,38.0,303.0,2.0,230.0,149.0,80.6,126.0,72.0,106.6,169.1,37.3,119.6,0.5171811643970846,0.18976897689768976,0.02481389578163772,Low
77844,20,1,31.0,32.0,257.0,2.0,191.0,,,116.0,64.0,78.5,173.0,26.2,95.0,0.4264651793148438,0.3015564202334631,,Low
77845,46,1,31.0,43.0,285.0,2.0,146.0,,,124.0,78.0,106.8,169.1,37.3,115.8,0.7630279343659447,0.2719298245614035,,Low
77846,34,2,15.0,14.0,263.0,2.0,171.0,,,108.0,66.0,82.1,148.4,37.3,115.0,0.5182632447731423,0.14258555133079848,,Low
77847,61,1,18.0,15.0,227.0,2.0,170.0,110.0,59.6,124.0,82.0,129.8,173.2,43.3,,1.2489091671470613,0.19823788546255508,0.03355704697986577,Low
77851,45,1,22.0,25.0,200.0,2.0,197.0,127.0,69.6,124.0,76.0,99.1,182.5,29.8,106.6,0.99,0.275,0.02873563218390805,Low
77852,72,1,20.0,19.0,162.0,2.0,202.0,110.0,91.6,166.0,52.0,98.2,175.1,32.0,119.2,2.039250967738327,0.30864197530864196,0.02183406113537118,Moderate
77853,67,1,19.0,21.0,179.0,2.0,207.0,,,174.0,94.0,73.4,162.2,27.9,106.3,1.5519071188291527,0.2653631284916201,,Moderate
77855,23,1,21.0,20.0,211.0,2.0,188.0,111.0,76.6,124.0,72.0,68.9,169.7,23.9,81.8,0.5118582147546912,0.24881516587677727,0.026109660574412535,Low
77856,33,1,29.0,54.0,233.0,2.0,163.0,,,112.0,60.0,71.5,183.3,21.3,87.0,0.5589322088324992,0.3111587982832618,,Low
77858,37,2,17.0,19.0,366.0,2.0,247.0,,,116.0,78.0,94.7,155.9,39.0,110.9,0.3942691164059654,0.11612021857923496,,Low
77861,68,2,16.0,13.0,225.0,2.0,191.0,116.0,74.6,146.0,74.0,61.9,158.2,24.7,98.9,1.3411418077623318,0.17777777777777778,0.02680965147453083,Moderate
77862,18,1,23.0,16.0,268.0,2.0,127.0,,,122.0,56.0,63.0,178.5,19.8,75.6,0.38619402985074625,0.21455223880597016,,Low
77864,40,1,18.0,23.0,123.0,2.0,153.0,103.0,49.6,110.0,74.0,101.5,179.8,31.4,94.6,1.2205721798462914,0.3658536585365854,0.04032258064516129,Low
77865,38,1,22.0,20.0,247.0,2.0,198.0,,,122.0,82.0,70.1,183.6,20.8,80.6,0.7568230077691596,0.22267206477732795,,Low
77866,60,1,21.0,31.0,209.0,2.0,181.0,,,134.0,86.0,81.9,168.9,28.7,102.7,1.0827879452331886,0.2511961722488038,,Low
77867,68,1,17.0,14.0,330.0,2.0,160.0,,,148.0,70.0,56.7,168.4,20.0,,0.9362242292447351,0.12878787878787878,,Low
77869,57,2,26.0,20.0,283.0,2.0,216.0,,,132.0,82.0,59.4,155.0,24.7,94.2,1.1709727005846955,0.22968197879858657,,Low
77870,76,1,26.0,19.0,202.0,2.0,157.0,,,164.0,102.0,72.8,164.1,27.0,106.7,2.244185594694208,0.3217821782178218,,Moderate
77872,42,2,19.0,17.0,306.0,2.0,179.0,,,112.0,74.0,78.0,146.6,36.3,111.2,0.6324948652908292,0.15522875816993464,,Low
77875,57,2,22.0,28.0,225.0,2.0,275.0,,,126.0,66.0,93.9,160.3,36.5,112.9,1.0532609981190464,0.2444444444444445,,Low
77876,80,2,27.0,16.0,196.0,2.0,120.0,,,,,75.4,149.3,33.8,,2.7551020408163267,0.34438775510204084,,High
77878,47,2,25.0,29.0,233.0,2.0,225.0,,,100.0,72.0,100.8,157.0,40.9,113.7,0.9364464478885663,0.26824034334763946,,Low
77880,63,1,23.0,15.0,246.0,2.0,240.0,,,146.0,88.0,73.7,162.0,28.1,127.0,1.5208544359497418,0.23373983739837395,,Moderate
77884,40,2,18.0,11.0,165.0,2.0,211.0,,,148.0,90.0,63.6,150.3,28.2,92.0,1.315685867248423,0.27272727272727276,,Moderate
77887,27,2,14.0,12.0,305.0,2.0,161.0,,,114.0,74.0,94.9,154.0,40.0,114.5,0.3577678717273419,0.11475409836065574,,Low
77888,75,1,50.0,24.0,163.0,2.0,163.0,83.0,79.6,142.0,52.0,54.6,161.9,20.8,80.3,4.696107635703946,0.7668711656441718,0.02512562814070352,High
77889,38,1,26.0,25.0,183.0,2.0,249.0,155.0,93.6,116.0,60.0,66.0,179.0,20.6,82.8,1.0797814207650274,0.3551912568306011,0.021367521367521368,Low
77891,55,2,43.0,60.0,285.0,2.0,202.0,,,134.0,78.0,88.6,159.8,34.7,122.0,1.0712989021965544,0.37719298245614036,,Low
77892,80,1,22.0,11.0,198.0,2.0,154.0,,,122.0,58.0,72.1,168.0,25.5,103.9,2.6801008406912326,0.2777777777777778,,High
77893,24,1,33.0,60.0,271.0,2.0,216.0,,,124.0,74.0,76.0,166.6,27.4,90.5,0.3772943185973277,0.3044280442804428,,Low
77894,74,2,14.0,15.0,216.0,2.0,174.0,96.0,77.6,130.0,0.0,61.9,143.6,30.0,101.0,1.2383983786021246,0.16203703703703703,0.025773195876288662,Low
77896,41,2,21.0,15.0,210.0,2.0,146.0,57.0,88.6,148.0,76.0,48.7,161.6,18.6,66.9,1.0586154479633605,0.25,0.022573363431151242,Low
77897,63,2,31.0,37.0,276.0,2.0,219.0,,,122.0,64.0,78.3,146.9,36.3,109.2,1.1633015297368219,0.2807971014492754,,Low
77898,40,1,52.0,109.0,206.0,2.0,362.0,,,142.0,86.0,84.4,171.1,28.8,107.5,0.9671255695436869,0.6310679611650486,,Low
77900,56,1,24.0,29.0,211.0,2.0,204.0,108.0,95.6,116.0,78.0,96.2,183.0,28.7,107.7,1.1828176990993258,0.2843601895734597,0.020920502092050212,Low
77902,80,2,23.0,12.0,218.0,2.0,210.0,,,184.0,86.0,66.0,158.1,26.4,94.9,2.43652407180943,0.26376146788990823,,Moderate
77903,31,2,20.0,13.0,183.0,2.0,224.0,137.0,86.6,116.0,62.0,88.7,170.2,30.6,98.7,0.9396560701083116,0.273224043715847,0.023094688221709007,Low
77905,63,2,20.0,16.0,291.0,2.0,182.0,96.0,85.6,156.0,52.0,99.9,151.8,43.4,119.5,1.0824742268041236,0.1718213058419244,0.023364485981308414,Low
77906,61,1,36.0,39.0,181.0,2.0,210.0,,,124.0,72.0,82.8,172.4,27.9,103.2,1.9427703080440404,0.49723756906077354,,Moderate
77907,26,2,26.0,23.0,197.0,2.0,167.0,,,108.0,74.0,66.2,164.6,24.4,88.2,0.7155113903684394,0.3299492385786802,,Low
77909,78,2,22.0,13.0,168.0,,211.0,114.0,,158.0,82.0,86.6,159.9,33.9,,2.8329331450074204,0.3273809523809524,,High
77910,58,1,18.0,19.0,234.0,2.0,177.0,82.0,94.6,122.0,34.0,84.8,168.3,29.9,110.2,1.0235471203455833,0.19230769230769232,0.021141649048625793,Low
77912,34,2,15.0,12.0,295.0,2.0,186.0,,,106.0,72.0,107.8,163.1,40.5,103.0,0.49906548692662567,0.1271186440677966,,Low
77915,57,2,26.0,30.0,223.0,2.0,264.0,,,122.0,86.0,82.7,156.1,33.9,99.6,1.2133405533970942,0.2914798206278027,,Low
77917,68,2,53.0,34.0,133.0,2.0,150.0,,,112.0,76.0,81.9,154.4,34.4,116.0,4.647224818448135,0.9962406015037595,,High
77920,18,1,21.0,14.0,241.0,2.0,185.0,,,114.0,40.0,81.1,182.2,24.4,81.7,0.41918983171326313,0.21784232365145229,,Low
77922,68,1,17.0,18.0,213.0,2.0,132.0,,,118.0,58.0,122.3,179.2,38.1,139.4,1.2792103897521894,0.1995305164319249,,Low
77927,42,2,21.0,17.0,247.0,2.0,270.0,190.0,79.6,110.0,56.0,54.4,153.9,23.0,77.9,0.8660583857572699,0.2125506072874494,0.02512562814070352,Low
77930,43,1,23.0,26.0,286.0,2.0,287.0,,,124.0,78.0,118.1,184.5,34.7,123.1,0.6781778239568672,0.20104895104895104,,Low
77931,36,1,24.0,28.0,243.0,2.0,208.0,147.0,60.6,114.0,56.0,86.6,167.6,30.8,91.7,0.6719368409052928,0.24691358024691357,0.033003300330033,Low
77932,28,1,26.0,17.0,217.0,2.0,166.0,81.0,84.6,,,65.5,173.6,21.7,78.5,0.8136679033476977,0.2995391705069125,0.023640661938534282,Low
77933,18,2,13.0,14.0,224.0,2.0,162.0,94.0,67.6,116.0,42.0,52.7,149.8,23.5,75.9,0.2791925473549433,0.14508928571428573,0.02958579881656805,Low
77935,48,2,33.0,28.0,226.0,2.0,243.0,,,106.0,70.0,59.3,166.9,21.3,81.5,1.3245480647049024,0.36504424778761063,,Moderate
77936,43,2,21.0,16.0,265.0,2.0,193.0,118.0,74.6,102.0,68.0,84.2,153.8,35.6,107.2,0.8518867924528302,0.19811320754716982,0.02680965147453083,Low
77937,73,2,21.0,25.0,238.0,2.0,226.0,141.0,84.6,126.0,66.0,94.6,162.3,35.9,113.2,1.2882352941176471,0.22058823529411764,0.023640661938534282,Low
77938,72,1,37.0,38.0,146.0,2.0,122.0,73.0,48.6,168.0,98.0,110.7,176.2,35.7,116.0,2.9599853828243248,0.6335616438356164,0.0411522633744856,High
77939,55,2,18.0,19.0,214.0,2.0,167.0,,,,,86.2,156.2,35.3,104.2,1.0613157781862437,0.2102803738317757,,Low
77941,50,1,39.0,46.0,163.0,2.0,194.0,,,144.0,92.0,117.1,183.5,34.8,116.1,1.7638761625892603,0.598159509202454,,Moderate
77942,21,2,18.0,15.0,313.0,2.0,155.0,,,114.0,62.0,56.0,158.4,22.3,77.8,0.3118184674901818,0.14376996805111822,,Low
77943,38,1,26.0,23.0,238.0,2.0,210.0,138.0,71.6,124.0,96.0,90.1,172.4,30.3,104.4,0.8655976516318904,0.273109243697479,0.02793296089385475,Low
77948,33,2,32.0,21.0,242.0,2.0,158.0,75.0,82.6,122.0,84.0,64.2,166.3,23.2,,0.9522235210297849,0.3305785123966942,0.02421307506053269,Low
77949,41,2,33.0,31.0,260.0,2.0,193.0,92.0,100.6,,,57.0,162.3,21.6,72.8,0.9346383601624094,0.3173076923076923,0.019880715705765408,Low
77950,80,1,35.0,22.0,331.0,2.0,176.0,93.0,82.6,118.0,0.0,76.9,169.3,26.8,98.7,1.8035105915278222,0.26435045317220546,0.02421307506053269,Moderate
77952,27,1,34.0,35.0,265.0,2.0,160.0,,,120.0,56.0,78.3,167.3,28.0,91.8,0.585548381766625,0.32075471698113206,,Low
77953,33,2,16.0,9.0,149.0,2.0,164.0,103.0,60.6,104.0,42.0,48.6,148.3,22.1,77.9,1.1812080536912752,0.26845637583892623,0.033003300330033,Low
77954,44,2,20.0,15.0,179.0,2.0,233.0,96.0,136.6,,,48.9,162.6,18.5,69.7,1.2693576702653733,0.27932960893854747,0.014641288433382138,Low
77957,36,2,19.0,16.0,246.0,2.0,212.0,,,106.0,58.0,101.4,167.5,36.1,109.4,0.6951219512195121,0.19308943089430894,,Low
77959,44,1,45.0,76.0,273.0,2.0,123.0,,,,,129.9,182.3,39.1,134.8,0.8319471667833557,0.4120879120879121,,Low
77960,37,2,27.0,34.0,360.0,2.0,201.0,,,154.0,88.0,108.4,163.8,40.4,121.4,0.475908573770462,0.18750000000000003,,Low
77963,32,1,24.0,30.0,138.0,2.0,251.0,,,126.0,74.0,106.7,179.2,33.2,109.6,1.0160650342124822,0.43478260869565216,,Low
77965,47,1,26.0,33.0,265.0,2.0,135.0,75.0,59.6,104.0,66.0,118.0,171.9,39.9,119.0,0.8027279078409916,0.24528301886792453,0.03355704697986577,Low
77966,64,1,55.0,68.0,154.0,2.0,203.0,139.0,63.6,122.0,78.0,75.7,164.4,28.0,99.8,2.7718357147009485,0.8928571428571428,0.031446540880503145,High
77968,52,2,21.0,18.0,282.0,2.0,210.0,,,110.0,80.0,77.7,160.1,30.3,97.1,0.9127193913188061,0.18617021276595747,,Low
77972,35,1,38.0,80.0,289.0,2.0,290.0,197.0,92.6,150.0,102.0,86.7,180.7,26.6,96.3,0.514527752608083,0.328719723183391,0.021598272138228944,Low
77973,57,1,25.0,17.0,251.0,2.0,202.0,,,130.0,76.0,114.3,181.0,34.9,118.6,1.3769452815807748,0.24900398406374502,,Moderate
77976,73,1,20.0,17.0,214.0,2.0,215.0,,,112.0,64.0,102.8,183.3,30.6,111.7,1.6546823016497483,0.23364485981308408,,Moderate
77977,25,2,17.0,16.0,220.0,2.0,113.0,46.0,66.6,108.0,58.0,59.6,154.4,25.0,82.5,0.48295454545454547,0.19318181818181818,0.030030030030030033,Low
77979,69,2,22.0,24.0,265.0,2.0,174.0,,,120.0,62.0,70.9,160.7,27.5,92.4,1.1692847262719699,0.20754716981132076,,Low
77983,65,1,24.0,22.0,222.0,2.0,183.0,124.0,58.6,120.0,72.0,84.2,183.2,25.1,105.7,1.4981671960123975,0.27027027027027023,0.034129692832764506,Moderate
77985,24,2,14.0,9.0,374.0,,146.0,,,116.0,58.0,61.8,161.7,23.6,76.0,0.2994652406417112,0.09358288770053476,,Low
77989,53,1,27.0,31.0,157.0,2.0,162.0,,,104.0,76.0,102.2,174.3,33.6,110.2,1.6370394089192033,0.4299363057324841,,Moderate
77990,66,1,29.0,33.0,175.0,2.0,118.0,,,134.0,62.0,81.4,167.4,29.0,106.2,1.9039121914240325,0.41428571428571426,,Moderate
77991,30,2,20.0,15.0,219.0,2.0,179.0,95.0,83.6,114.0,76.0,45.5,143.4,22.1,80.8,0.707394218485373,0.228310502283105,0.023923444976076555,Low
77992,76,1,20.0,16.0,222.0,2.0,180.0,121.0,58.6,118.0,76.0,82.4,184.3,24.3,93.2,1.7117117117117118,0.22522522522522523,0.034129692832764506,Moderate
77993,21,1,18.0,16.0,260.0,2.0,174.0,119.0,54.6,128.0,72.0,162.1,179.6,50.3,156.6,0.36346153846153845,0.17307692307692307,0.03663003663003663,Low
77994,64,1,21.0,21.0,288.0,2.0,197.0,124.0,72.6,,,184.0,190.7,50.6,148.6,1.0183501544346312,0.18229166666666666,0.027548209366391185,Low
77995,20,1,24.0,37.0,244.0,2.0,156.0,106.0,49.6,138.0,68.0,123.1,175.0,40.2,119.0,0.3234078438793914,0.24590163934426226,0.04032258064516129,Low
77997,45,1,49.0,55.0,242.0,2.0,187.0,,,128.0,80.0,104.0,177.6,33.0,115.5,1.2286038815962388,0.506198347107438,,Low
77999,51,1,18.0,17.0,190.0,,206.0,129.0,,128.0,82.0,66.2,171.2,22.6,89.7,1.1718300199123879,0.2368421052631579,,Low
78000,33,2,24.0,26.0,245.0,2.0,223.0,139.0,83.6,104.0,66.0,58.9,159.7,23.1,80.5,0.6339754246099665,0.24489795918367346,0.023923444976076555,Low
78001,31,2,17.0,13.0,307.0,2.0,159.0,102.0,56.6,108.0,62.0,57.0,163.5,21.3,74.1,0.4761026114180713,0.13843648208469056,0.0353356890459364,Low
78002,31,2,23.0,14.0,254.0,2.0,185.0,97.0,87.6,114.0,76.0,49.1,160.7,19.0,69.1,0.7502254546596795,0.2263779527559055,0.022831050228310504,Low
78004,23,1,39.0,77.0,270.0,2.0,183.0,,,144.0,72.0,103.9,172.4,35.0,121.8,0.3786023595714639,0.3611111111111111,,Low
78008,33,2,18.0,18.0,307.0,2.0,151.0,51.0,99.6,108.0,72.0,88.3,163.8,32.9,104.0,0.45604932467406,0.1465798045602606,0.020080321285140562,Low
78009,80,1,15.0,11.0,205.0,2.0,195.0,,,150.0,58.0,68.8,169.9,23.8,,1.7649444560649576,0.1829268292682927,,Moderate
78010,73,1,19.0,20.0,282.0,2.0,189.0,,,166.0,92.0,64.2,178.8,20.1,95.1,1.099796554890854,0.16843971631205673,,Low
78012,33,1,44.0,50.0,175.0,2.0,177.0,,,142.0,66.0,100.0,181.4,30.4,107.4,1.173393195751848,0.6285714285714286,,Low
78013,45,2,23.0,16.0,374.0,2.0,182.0,,,118.0,70.0,79.6,170.9,27.3,91.5,0.6918449197860963,0.1537433155080214,,Low
78015,47,1,26.0,31.0,187.0,2.0,251.0,181.0,69.6,,,85.0,167.1,30.4,99.8,1.1736774282177485,0.34759358288770054,0.02873563218390805,Low
78018,47,2,17.0,14.0,262.0,2.0,181.0,111.0,69.6,106.0,74.0,74.4,165.2,27.3,99.6,0.8150447797252942,0.16221374045801526,0.02873563218390805,Low
78019,65,1,18.0,18.0,163.0,2.0,194.0,128.0,65.6,128.0,72.0,88.7,170.4,30.5,113.9,1.6918505807530895,0.27607361963190186,0.030487804878048783,Moderate
78020,42,2,27.0,17.0,338.0,2.0,197.0,,,116.0,76.0,50.3,150.4,22.2,74.6,0.8137141976071053,0.19970414201183434,,Low
78021,62,2,21.0,24.0,333.0,2.0,148.0,,,146.0,76.0,73.3,152.4,31.6,103.7,0.7981070182942187,0.15765765765765768,,Low
78027,44,2,63.0,94.0,268.0,2.0,189.0,72.0,116.6,136.0,94.0,45.6,154.2,19.2,68.7,1.0668282442646924,0.5876865671641791,0.017152658662092625,Low
78028,64,1,15.0,14.0,257.0,2.0,134.0,82.0,51.6,124.0,56.0,76.3,168.8,26.8,98.3,0.998329930879095,0.14591439688715954,0.03875968992248062,Low
78031,64,2,23.0,17.0,232.0,2.0,147.0,,,146.0,58.0,103.0,159.2,40.6,132.4,1.5388467243684574,0.24784482758620688,,Moderate
78033,61,2,19.0,18.0,250.0,2.0,187.0,114.0,72.6,126.0,68.0,112.6,163.9,41.9,135.7,1.0927156791936115,0.19,0.027548209366391185,Low
78034,31,1,27.0,30.0,227.0,2.0,191.0,139.0,51.6,122.0,48.0,99.0,178.0,31.2,104.9,0.6731920420437945,0.29735682819383263,0.03875968992248062,Low
78036,48,2,25.0,31.0,246.0,2.0,230.0,,,118.0,66.0,74.8,157.3,30.2,107.8,0.8761234245208533,0.25406504065040647,,Low
78037,67,2,37.0,41.0,150.0,2.0,146.0,,,150.0,46.0,92.7,157.5,37.4,113.6,2.581031704812363,0.6166666666666667,,Moderate
78040,59,2,36.0,36.0,253.0,2.0,237.0,,,,,57.5,160.3,22.4,83.8,1.3992094861660078,0.35573122529644274,,Moderate
78042,63,2,23.0,23.0,256.0,2.0,275.0,192.0,82.6,132.0,78.0,81.9,167.1,29.3,99.3,1.1802241639402398,0.22460937499999997,0.02421307506053269,Low
78043,61,1,37.0,24.0,170.0,2.0,156.0,,,156.0,72.0,140.2,176.5,45.0,145.0,2.7100482105204087,0.5441176470588236,,High
78044,26,2,26.0,26.0,228.0,2.0,120.0,44.0,75.6,,,46.3,151.9,20.1,73.7,0.5814671375149667,0.2850877192982456,0.026455026455026457,Low
78046,19,1,21.0,30.0,217.0,2.0,151.0,,,114.0,66.0,107.9,181.2,32.9,108.2,0.33570092234187604,0.24193548387096775,,Low
78047,72,2,15.0,9.0,301.0,2.0,246.0,170.0,75.6,172.0,84.0,62.5,154.2,26.3,90.5,1.196013289036545,0.12458471760797342,0.026455026455026457,Low
78048,43,1,28.0,30.0,195.0,2.0,176.0,,,138.0,76.0,64.3,159.5,25.3,76.8,1.1272785627969573,0.3589743589743589,,Low
78051,40,1,23.0,18.0,233.0,2.0,199.0,,,122.0,66.0,84.9,187.0,24.3,90.6,0.9306698693728523,0.2467811158798283,,Low
78052,49,2,23.0,26.0,294.0,2.0,242.0,161.0,80.6,86.0,56.0,65.8,166.7,23.7,85.0,0.7517785180297054,0.19557823129251697,0.02481389578163772,Low
78054,23,2,19.0,11.0,212.0,2.0,138.0,,,100.0,46.0,64.8,154.6,27.1,91.0,0.6215115923607675,0.2240566037735849,,Low
78061,47,1,31.0,38.0,242.0,2.0,239.0,152.0,86.6,134.0,76.0,83.6,174.17,27.6,93.6,0.9766802090393432,0.3202479338842975,0.023094688221709007,Low
78063,77,2,22.0,16.0,284.0,2.0,222.0,,,150.0,60.0,83.3,158.3,33.2,111.1,1.4911971830985915,0.19366197183098594,,Moderate
78068,19,1,17.0,11.0,238.0,2.0,175.0,109.0,65.6,122.0,82.0,63.0,172.0,21.3,74.0,0.40919396764125066,0.17857142857142858,0.030487804878048783,Low
78070,46,1,24.0,24.0,278.0,2.0,144.0,,,112.0,64.0,69.2,170.2,23.9,82.1,0.8106225048059439,0.2158273381294964,,Low
78072,77,1,16.0,16.0,150.0,2.0,101.0,47.0,53.6,142.0,78.0,61.8,164.4,22.9,96.0,2.0533333333333332,0.2666666666666667,0.03731343283582089,Moderate
78074,51,1,18.0,20.0,214.0,2.0,220.0,,,132.0,76.0,99.5,165.6,36.3,112.8,0.9592104688527134,0.2102803738317757,,Low
78075,73,1,25.0,24.0,234.0,2.0,230.0,159.0,70.6,144.0,74.0,67.5,165.2,24.7,87.0,1.591993867727671,0.2670940170940171,0.028328611898017,Moderate
78079,40,2,17.0,18.0,256.0,2.0,157.0,,,132.0,84.0,132.2,163.5,49.5,147.9,0.626084129175589,0.166015625,,Low
78080,58,1,23.0,23.0,298.0,2.0,165.0,104.0,60.6,128.0,84.0,73.3,160.8,28.3,93.4,0.9334168736648918,0.19295302013422816,0.033003300330033,Low
78081,63,2,22.0,23.0,330.0,2.0,142.0,71.0,70.6,138.0,76.0,73.1,163.3,27.4,97.7,0.8757605390397142,0.16666666666666669,0.028328611898017,Low
78082,40,1,23.0,30.0,203.0,2.0,217.0,121.0,95.6,106.0,66.0,66.4,172.6,22.3,83.1,0.8274298077253741,0.2832512315270936,0.020920502092050212,Low
78083,53,1,40.0,21.0,290.0,2.0,153.0,71.0,81.6,118.0,58.0,59.1,168.9,20.7,79.3,1.5952480251734615,0.3448275862068966,0.02450980392156863,Moderate
78084,61,2,13.0,8.0,284.0,2.0,188.0,123.0,64.6,,,107.2,157.6,43.2,,0.9872106997903736,0.11443661971830986,0.030959752321981428,Low
78085,32,1,16.0,14.0,221.0,2.0,212.0,143.0,68.6,118.0,62.0,110.6,191.1,30.3,107.2,0.6191753658785578,0.18099547511312217,0.02915451895043732,Low
78086,80,1,18.0,14.0,188.0,2.0,167.0,77.0,89.6,122.0,48.0,65.4,166.0,23.7,,2.047107384861123,0.23936170212765956,0.022321428571428572,Moderate
78088,66,1,37.0,36.0,300.0,2.0,214.0,,,152.0,66.0,72.5,183.7,21.5,92.7,1.3566666666666667,0.30833333333333335,,Moderate
78089,62,1,23.0,23.0,165.0,2.0,205.0,,,128.0,78.0,73.5,158.9,29.1,101.7,1.8020700269417493,0.34848484848484845,,Moderate
78091,18,2,14.0,8.0,208.0,2.0,127.0,,,110.0,56.0,58.4,166.3,21.1,75.0,0.4283435309110816,0.16826923076923075,,Low
78093,29,1,17.0,25.0,265.0,2.0,203.0,,,136.0,80.0,78.9,162.3,30.0,100.0,0.3720754716981132,0.16037735849056603,,Low
78094,39,2,17.0,18.0,259.0,2.0,173.0,,,116.0,76.0,75.6,170.0,26.2,91.0,0.6033613847190231,0.1640926640926641,,Low
78095,51,2,17.0,17.0,244.0,2.0,285.0,,,204.0,92.0,52.4,156.0,21.5,77.7,0.8617966676495931,0.17418032786885246,,Low
78096,28,1,25.0,28.0,231.0,2.0,193.0,129.0,63.6,,,135.8,171.4,46.2,135.7,0.5726734439533746,0.27056277056277056,0.031446540880503145,Low
78098,41,2,18.0,12.0,240.0,2.0,148.0,,,96.0,64.0,67.3,163.9,25.1,80.0,0.8876760388790497,0.18750000000000003,,Low
78099,72,1,16.0,16.0,239.0,2.0,156.0,96.0,59.6,124.0,78.0,92.8,168.9,32.5,121.2,1.205020920502092,0.1673640167364017,0.03355704697986577,Low
78100,80,1,29.0,24.0,164.0,2.0,184.0,,,100.0,46.0,73.8,170.1,25.5,95.2,2.8876098593785433,0.44207317073170727,,High
78101,80,2,24.0,17.0,169.0,2.0,230.0,,,128.0,42.0,74.7,151.0,32.8,109.2,2.7554343199394045,0.35502958579881655,,High
78103,63,1,25.0,19.0,206.0,2.0,207.0,145.0,61.6,,,62.5,160.6,24.2,90.0,1.7540280623598774,0.30339805825242716,0.032467532467532464,Moderate
78104,61,1,28.0,35.0,136.0,2.0,147.0,,,122.0,74.0,101.9,176.9,32.6,118.8,2.1228286280533917,0.5147058823529411,,Moderate
78105,36,2,17.0,14.0,233.0,2.0,154.0,70.0,83.6,108.0,60.0,61.4,163.0,23.1,,0.7019909015038787,0.18240343347639484,0.023923444976076555,Low
78107,54,2,34.0,38.0,258.0,2.0,171.0,98.0,72.6,110.0,62.0,93.9,161.8,35.9,111.7,1.1544129038607753,0.32945736434108525,0.027548209366391185,Low
78108,49,1,16.0,12.0,338.0,2.0,216.0,130.0,85.6,138.0,56.0,78.3,180.9,23.9,90.1,0.6695896613086785,0.1183431952662722,0.023364485981308414,Low
78111,32,1,21.0,16.0,316.0,2.0,173.0,,,,,58.5,172.3,19.7,77.8,0.5316455696202531,0.1661392405063291,,Low
78114,59,2,20.0,18.0,279.0,2.0,222.0,,,132.0,72.0,47.7,157.0,19.4,75.0,0.9968769436082751,0.17921146953405018,,Low
78119,73,2,24.0,21.0,176.0,2.0,165.0,,,146.0,92.0,68.5,166.9,24.6,97.0,2.172259907349197,0.3409090909090909,,Moderate
78121,22,1,21.0,24.0,243.0,2.0,188.0,,,108.0,44.0,115.4,159.8,45.2,131.0,0.38808788105824016,0.2160493827160494,,Low
78122,69,2,23.0,16.0,206.0,2.0,167.0,,,174.0,84.0,48.9,149.9,21.8,90.0,1.9259708737864079,0.279126213592233,,Moderate
78124,46,1,28.0,30.0,287.0,2.0,131.0,62.0,68.6,108.0,70.0,97.4,166.0,35.3,117.8,0.8193573217963461,0.24390243902439024,0.02915451895043732,Low
78127,67,1,48.0,66.0,189.0,2.0,117.0,64.0,52.6,112.0,50.0,69.6,167.3,24.9,94.0,2.0945091798388042,0.6349206349206349,0.03802281368821293,Moderate
78128,24,2,21.0,15.0,271.0,2.0,138.0,78.0,59.6,102.0,56.0,75.9,158.0,30.4,98.6,0.48019276912387165,0.1937269372693727,0.03355704697986577,Low
78129,39,2,20.0,16.0,182.0,2.0,196.0,,,108.0,68.0,91.3,165.9,33.2,115.2,1.0714285714285714,0.27472527472527475,,Low
78130,57,2,22.0,20.0,193.0,2.0,245.0,173.0,71.6,134.0,82.0,76.6,155.4,31.7,108.4,1.452864893152713,0.2849740932642487,0.02793296089385475,Moderate
78131,80,1,21.0,14.0,121.0,2.0,201.0,131.0,69.6,136.0,60.0,75.0,162.6,28.4,104.3,3.7107345984534956,0.43388429752066116,0.02873563218390805,High
78132,22,2,17.0,20.0,256.0,2.0,129.0,73.0,55.6,98.0,72.0,94.1,165.5,34.4,103.7,0.32667555608785986,0.166015625,0.03597122302158273,Low
78138,66,1,17.0,22.0,208.0,2.0,194.0,127.0,66.6,140.0,74.0,85.1,183.4,25.3,104.8,1.1500538641874756,0.2043269230769231,0.030030030030030033,Low
78139,60,1,30.0,22.0,233.0,2.0,228.0,,,124.0,62.0,66.8,171.2,22.8,82.4,1.6470441606871191,0.3218884120171674,,Moderate
78140,47,2,21.0,14.0,267.0,2.0,222.0,,,98.0,58.0,57.5,165.8,20.9,82.2,0.9879657144852542,0.19662921348314608,,Low
78144,73,2,22.0,15.0,191.0,2.0,196.0,,,92.0,56.0,63.4,155.5,26.2,90.7,2.1710335965127787,0.2879581151832461,,Moderate
78145,44,2,18.0,21.0,218.0,2.0,159.0,83.0,75.6,130.0,92.0,136.8,177.3,43.5,126.6,0.7927916012243392,0.20642201834862386,0.026455026455026457,Low
78146,33,1,25.0,37.0,177.0,2.0,195.0,133.0,61.6,130.0,80.0,137.8,169.1,48.2,138.8,0.766266466253784,0.3531073446327684,0.032467532467532464,Low
78149,38,2,12.0,10.0,335.0,2.0,200.0,124.0,75.6,118.0,72.0,80.3,160.3,31.2,104.0,0.4304473471751585,0.08955223880597014,0.026455026455026457,Low
78151,75,1,23.0,27.0,237.0,2.0,156.0,66.0,89.6,150.0,58.0,66.6,158.8,26.4,95.1,1.400744323983269,0.24261603375527424,0.022321428571428572,Moderate
78153,18,2,15.0,17.0,233.0,2.0,133.0,51.0,81.6,114.0,62.0,61.1,170.8,20.9,75.0,0.2810498659219309,0.1609442060085837,0.02450980392156863,Low
78158,41,2,16.0,15.0,378.0,2.0,130.0,,,86.0,58.0,83.2,172.8,27.9,98.6,0.44809119490512617,0.10582010582010583,,Low
78161,34,2,20.0,22.0,325.0,2.0,256.0,,,108.0,62.0,107.5,157.9,43.1,120.6,0.4460814988363541,0.15384615384615385,,Low
78164,18,2,19.0,11.0,199.0,2.0,157.0,89.0,67.6,114.0,66.0,44.7,155.4,18.5,72.4,0.5181752756060058,0.2386934673366834,0.02958579881656805,Low
78165,43,2,20.0,14.0,212.0,2.0,178.0,,,112.0,74.0,74.1,175.2,24.1,88.0,1.0841729624749292,0.2358490566037736,,Low
78167,76,1,16.0,19.0,182.0,2.0,179.0,,,148.0,46.0,84.2,174.3,27.7,100.4,1.5327996284978191,0.21978021978021978,,Moderate
78168,19,2,23.0,42.0,235.0,2.0,152.0,,,122.0,76.0,129.3,169.3,45.1,138.4,0.28693856992950706,0.24468085106382978,,Low
78174,67,1,28.0,29.0,189.0,2.0,212.0,136.0,75.6,,,75.1,166.4,27.1,96.0,1.8431981715351815,0.37037037037037035,0.026455026455026457,Moderate
78175,60,2,22.0,22.0,201.0,2.0,203.0,,,146.0,74.0,76.1,159.3,30.0,98.5,1.400124107409979,0.27363184079601993,,Moderate
78179,52,2,20.0,14.0,258.0,2.0,146.0,,,94.0,62.0,72.0,174.3,23.7,88.2,1.0773321379415557,0.1937984496124031,,Low
78180,80,2,22.0,13.0,172.0,2.0,236.0,138.0,97.6,152.0,74.0,55.7,155.2,23.1,80.5,2.838001003943033,0.31976744186046513,0.020491803278688527,High
78183,63,1,22.0,26.0,233.0,2.0,204.0,130.0,73.6,128.0,86.0,106.8,175.3,34.8,120.4,1.1665964090194123,0.23605150214592277,0.027173913043478264,Low
78185,51,2,29.0,29.0,294.0,2.0,196.0,136.0,59.6,126.0,70.0,138.1,167.3,49.3,142.5,0.9341612420539447,0.24659863945578228,0.03355704697986577,Low
78186,67,2,15.0,15.0,195.0,2.0,192.0,,,108.0,64.0,63.1,161.5,24.2,92.0,1.3307173548507534,0.19230769230769232,,Moderate
78187,41,2,21.0,18.0,203.0,2.0,135.0,,,116.0,68.0,60.7,149.7,27.1,89.8,0.9997026906430501,0.25862068965517243,,Low
78188,29,1,38.0,38.0,184.0,2.0,164.0,108.0,55.6,122.0,72.0,119.0,166.8,42.8,119.7,0.9715652504679365,0.5163043478260869,0.03597122302158273,Low
78189,22,2,18.0,8.0,171.0,2.0,166.0,68.0,97.6,116.0,54.0,64.3,167.2,23.0,82.5,0.8187552203212655,0.2631578947368421,0.020491803278688527,Low
78191,26,1,21.0,15.0,241.0,2.0,178.0,,,136.0,82.0,70.3,187.7,20.0,77.1,0.5849651195101658,0.21784232365145229,,Low
78192,66,1,26.0,19.0,225.0,2.0,146.0,,,112.0,62.0,89.8,174.7,29.4,103.4,1.7496773303194841,0.2888888888888889,,Moderate
78193,33,1,16.0,21.0,365.0,2.0,184.0,,,122.0,76.0,92.5,169.3,32.3,112.7,0.3156686193002849,0.10958904109589042,,Low
78195,79,2,15.0,10.0,232.0,2.0,229.0,,,170.0,42.0,56.9,155.6,23.5,87.7,1.615215097973935,0.16163793103448276,,Moderate
78197,31,2,18.0,17.0,188.0,2.0,172.0,81.0,90.6,104.0,58.0,59.1,174.8,19.3,74.0,0.7198663764376266,0.23936170212765956,0.02207505518763797,Low
78198,54,2,19.0,17.0,300.0,2.0,234.0,136.0,97.6,124.0,82.0,85.3,158.6,33.9,100.1,0.8294718376242588,0.15833333333333333,0.020491803278688527,Low
78199,35,2,24.0,24.0,282.0,2.0,252.0,172.0,79.6,130.0,82.0,85.9,162.7,32.5,104.7,0.6080293687759663,0.2127659574468085,0.02512562814070352,Low
78200,66,2,19.0,11.0,180.0,2.0,178.0,,,142.0,88.0,66.3,171.0,22.7,91.8,2.1005290338917533,0.2638888888888889,,Moderate
78201,80,2,18.0,17.0,195.0,2.0,177.0,,,168.0,54.0,56.5,154.4,23.7,83.6,1.7910323079606125,0.23076923076923078,,Moderate
78203,44,2,18.0,19.0,245.0,2.0,203.0,140.0,62.6,144.0,68.0,127.0,164.2,47.1,138.0,0.7416214743897344,0.1836734693877551,0.03194888178913738,Low
78207,41,2,21.0,16.0,295.0,2.0,171.0,96.0,74.6,116.0,78.0,57.0,159.5,22.4,79.0,0.7296610169491525,0.17796610169491528,0.02680965147453083,Low
78208,52,1,35.0,36.0,151.0,2.0,167.0,,,148.0,86.0,74.2,176.0,24.0,92.3,2.0088300220750552,0.5794701986754967,,Moderate
78211,34,1,55.0,72.0,167.0,2.0,156.0,64.0,91.6,138.0,60.0,109.4,182.1,33.0,117.8,1.3196503800587265,0.8233532934131738,0.02183406113537118,Moderate
78213,38,1,21.0,18.0,232.0,2.0,181.0,96.0,84.6,112.0,54.0,59.6,168.9,20.9,81.5,0.8107344991190589,0.22629310344827588,0.023640661938534282,Low
78215,32,2,22.0,49.0,389.0,2.0,280.0,,,100.0,62.0,64.1,165.5,23.4,91.6,0.25853837679030484,0.14138817480719795,,Low
78217,66,1,37.0,38.0,211.0,2.0,188.0,103.0,84.6,156.0,64.0,66.3,168.6,23.3,85.0,1.8774630824707212,0.4383886255924171,0.023640661938534282,Moderate
78218,80,2,91.0,68.0,162.0,2.0,138.0,79.0,58.6,106.0,56.0,58.0,145.4,27.4,,5.449565895878099,1.4043209876543208,0.034129692832764506,High
78220,30,1,21.0,12.0,209.0,2.0,228.0,131.0,96.6,104.0,66.0,65.7,174.7,21.5,74.3,0.870169066003503,0.2511961722488038,0.020703933747412008,Low
78221,30,1,36.0,44.0,247.0,2.0,239.0,,,128.0,80.0,92.3,190.2,25.5,99.3,0.6591745994817505,0.3643724696356275,,Low
78223,23,2,22.0,18.0,274.0,2.0,154.0,,,,,75.7,158.8,30.0,,0.43527497722675557,0.20072992700729927,,Low
78225,40,2,17.0,17.0,226.0,2.0,132.0,59.0,72.6,128.0,86.0,61.7,151.9,26.7,83.2,0.7297532080739223,0.18805309734513273,0.027548209366391185,Low
78227,76,2,20.0,19.0,228.0,2.0,235.0,121.0,113.6,158.0,50.0,55.4,155.5,22.9,89.5,1.5294382258037449,0.21929824561403508,0.017605633802816902,Moderate
78229,22,1,32.0,29.0,244.0,2.0,168.0,,,120.0,58.0,97.4,175.5,31.6,97.8,0.5357767134288709,0.32786885245901637,,Low
78231,36,2,200.0,192.0,154.0,2.0,292.0,,,118.0,70.0,74.3,171.1,25.4,92.6,3.3741249498095014,3.2467532467532463,,High
78233,18,1,21.0,13.0,273.0,2.0,140.0,,,108.0,74.0,68.7,185.4,20.0,80.4,0.3840232127713125,0.19230769230769232,,Low
78235,64,1,31.0,41.0,199.0,2.0,316.0,225.0,90.6,,,47.4,163.7,17.7,74.5,1.5570288622462032,0.38944723618090454,0.02207505518763797,Moderate
78236,47,1,32.0,54.0,201.0,2.0,172.0,,,116.0,72.0,90.2,192.4,24.4,97.4,1.0182511258004145,0.3980099502487563,,Low
78237,39,1,26.0,32.0,213.0,2.0,229.0,150.0,78.6,110.0,76.0,102.1,174.8,33.4,107.6,0.8415566621163839,0.3051643192488263,0.025445292620865142,Low
78238,80,2,15.0,10.0,283.0,2.0,249.0,152.0,96.6,152.0,58.0,43.5,143.0,21.3,83.0,1.340895120919454,0.13250883392226148,0.020703933747412008,Moderate
78239,47,2,17.0,15.0,275.0,2.0,188.0,104.0,83.6,150.0,98.0,173.6,162.8,65.5,,0.7501851378472063,0.15454545454545454,0.023923444976076555,Low
78242,78,1,18.0,13.0,137.0,2.0,211.0,146.0,64.6,166.0,76.0,97.3,171.6,33.0,114.3,2.8423323923365755,0.3284671532846715,0.030959752321981428,High
78244,28,1,102.0,204.0,192.0,2.0,237.0,,,138.0,74.0,106.8,163.3,40.0,116.7,1.0414583124958323,1.328125,,Low
78245,72,2,36.0,16.0,324.0,2.0,256.0,,,124.0,66.0,72.6,156.4,29.7,101.1,2.0,0.2777777777777778,,Moderate
78247,24,2,61.0,85.0,355.0,2.0,174.0,,,116.0,60.0,130.0,168.6,45.7,139.5,0.44730449330494737,0.42957746478873243,,Low
78251,40,1,22.0,34.0,290.0,2.0,103.0,,,140.0,76.0,99.8,175.5,32.4,107.8,0.5204094997427854,0.18965517241379312,,Low
78252,18,1,24.0,17.0,121.0,2.0,160.0,,,114.0,54.0,66.0,171.8,22.4,79.3,0.8659123141793045,0.4958677685950413,,Low
78253,23,2,24.0,19.0,298.0,2.0,171.0,101.0,69.6,128.0,84.0,106.8,163.9,39.8,104.9,0.42495800367969827,0.20134228187919462,0.02873563218390805,Low
78256,28,2,22.0,19.0,197.0,2.0,214.0,107.0,106.6,110.0,56.0,81.5,162.3,30.9,,0.7173608734226703,0.27918781725888325,0.01876172607879925,Low
78262,80,2,20.0,13.0,179.0,2.0,216.0,,,130.0,66.0,62.8,148.2,28.6,,2.479107022235661,0.27932960893854747,,Moderate
78263,41,2,19.0,13.0,224.0,2.0,166.0,,,130.0,78.0,79.4,151.1,34.8,104.6,0.9645344929898515,0.21205357142857142,,Low
78267,32,1,25.0,29.0,216.0,2.0,165.0,,,114.0,82.0,98.1,194.7,25.9,103.9,0.6877605117668588,0.28935185185185186,,Low
78268,57,2,20.0,27.0,174.0,2.0,226.0,,,156.0,92.0,82.7,161.7,31.6,101.1,1.2608798982302172,0.28735632183908044,,Low
78269,40,1,21.0,23.0,191.0,2.0,166.0,,,100.0,68.0,116.3,191.9,31.6,107.5,0.9170267424499624,0.27486910994764396,,Low
78270,55,1,30.0,38.0,267.0,2.0,176.0,86.0,89.6,142.0,88.0,80.2,170.8,27.5,,1.002491928336173,0.2808988764044944,0.022321428571428572,Low
78274,77,2,21.0,15.0,206.0,2.0,149.0,77.0,71.6,134.0,58.0,84.4,163.4,31.6,110.3,2.0267359452483475,0.25485436893203883,0.02793296089385475,Moderate
78275,24,2,26.0,30.0,182.0,2.0,218.0,,,114.0,64.0,96.6,153.0,41.3,117.2,0.6259686371487613,0.35714285714285715,,Low
78277,80,2,28.0,23.0,256.0,2.0,239.0,,,106.0,56.0,47.1,151.4,20.5,80.9,1.8245011229994044,0.2734375,,Moderate
78280,41,2,18.0,14.0,255.0,2.0,216.0,113.0,102.6,100.0,74.0,71.5,158.6,28.4,82.5,0.7734854765936047,0.17647058823529413,0.019493177387914232,Low
78282,32,1,29.0,44.0,358.0,2.0,200.0,,,120.0,66.0,90.4,188.6,25.4,103.7,0.39078565330749254,0.20251396648044692,,Low
78287,44,2,21.0,16.0,209.0,2.0,235.0,152.0,82.6,106.0,68.0,76.9,163.7,28.7,98.7,1.105263157894737,0.2511961722488038,0.02421307506053269,Low
78288,70,2,24.0,20.0,300.0,2.0,217.0,125.0,91.6,,,83.2,156.9,33.8,112.1,1.252198067399882,0.2,0.02183406113537118,Low
78289,77,1,22.0,17.0,173.0,2.0,162.0,,,116.0,74.0,68.1,162.0,25.9,96.4,2.374886409315307,0.3179190751445087,,Moderate
78291,38,2,21.0,18.0,247.0,2.0,180.0,,,126.0,78.0,72.4,148.1,33.0,98.2,0.7614996105085897,0.2125506072874494,,Low
78292,28,2,38.0,24.0,261.0,2.0,191.0,,,116.0,76.0,64.5,169.4,22.5,85.5,0.8321382778803645,0.3639846743295019,,Low
78294,30,1,33.0,49.0,237.0,2.0,194.0,,,126.0,82.0,95.6,172.5,32.1,104.3,0.596745027124774,0.3481012658227848,,Low
78296,59,1,64.0,36.0,131.0,2.0,206.0,121.0,84.6,152.0,92.0,88.6,174.0,29.3,110.2,4.804071246819339,1.2213740458015268,0.023640661938534282,High
78297,65,2,14.0,12.0,253.0,2.0,231.0,,,120.0,80.0,69.9,155.6,28.9,98.0,1.0383176777916194,0.13833992094861658,,Low
78299,38,1,14.0,15.0,262.0,2.0,200.0,,,,,193.6,173.5,64.3,,0.524281715059121,0.13358778625954199,,Low
78301,75,1,21.0,32.0,203.0,2.0,232.0,,,138.0,66.0,98.9,170.0,34.2,120.9,1.3715433255773548,0.25862068965517243,,Moderate
78304,60,1,81.0,39.0,194.0,2.0,100.0,55.0,44.6,94.0,56.0,60.5,164.2,22.4,,4.011457873673832,1.0438144329896906,0.04484304932735426,High
78305,43,2,21.0,20.0,313.0,2.0,183.0,117.0,65.6,,,88.7,165.2,32.5,108.8,0.645102039515115,0.16773162939297126,0.030487804878048783,Low
78307,23,2,19.0,13.0,261.0,2.0,188.0,,,104.0,66.0,81.1,168.9,28.4,91.2,0.46437545162916694,0.18199233716475094,,Low
78309,36,2,14.0,17.0,276.0,2.0,205.0,139.0,65.6,94.0,58.0,76.7,156.5,31.3,98.5,0.44289114137069496,0.12681159420289853,0.030487804878048783,Low
78312,47,2,26.0,23.0,213.0,2.0,209.0,,,126.0,80.0,118.1,163.6,44.1,129.6,1.1962657933227483,0.3051643192488263,,Low
78313,63,2,27.0,27.0,206.0,2.0,237.0,115.0,121.6,112.0,70.0,51.2,161.9,19.5,73.3,1.5891145758763,0.3276699029126214,0.01644736842105263,Moderate
78318,30,2,27.0,20.0,203.0,2.0,196.0,117.0,78.6,106.0,74.0,51.0,169.5,17.8,67.9,0.892224168361985,0.33251231527093594,0.025445292620865142,Low
78319,80,2,18.0,14.0,242.0,2.0,148.0,,,118.0,62.0,57.2,142.1,28.3,,1.590314827908641,0.1859504132231405,,Moderate
78320,41,2,19.0,22.0,220.0,2.0,188.0,99.0,88.6,,,96.5,169.1,33.7,108.3,0.7549243547319113,0.2159090909090909,0.022573363431151242,Low
78321,63,1,20.0,26.0,244.0,2.0,184.0,,,126.0,58.0,139.9,186.3,40.3,133.0,1.0127308617791473,0.20491803278688525,,Low
78322,29,1,75.0,128.0,213.0,2.0,248.0,,,118.0,70.0,76.1,164.5,28.1,101.3,0.9025570710567726,0.8802816901408451,,Low
78323,55,1,19.0,23.0,243.0,2.0,197.0,126.0,70.6,152.0,76.0,72.8,165.1,26.7,94.7,0.896697788846268,0.19547325102880658,0.028328611898017,Low
78327,39,1,25.0,19.0,231.0,2.0,149.0,82.0,66.6,108.0,54.0,74.9,173.1,25.0,83.8,0.9683131624406828,0.27056277056277056,0.030030030030030033,Low
78328,66,1,22.0,25.0,339.0,2.0,166.0,,,148.0,72.0,84.2,177.0,26.9,100.6,0.856637168141593,0.16224188790560473,,Low
78329,22,1,26.0,20.0,221.0,2.0,227.0,,,118.0,82.0,63.2,167.3,22.6,82.6,0.578747005941122,0.29411764705882354,,Low
78330,27,1,19.0,20.0,216.0,2.0,241.0,179.0,61.6,116.0,58.0,97.9,184.8,28.7,108.0,0.5310661446562,0.21990740740740738,0.032467532467532464,Low
78334,28,2,32.0,25.0,323.0,2.0,221.0,160.0,60.6,116.0,62.0,108.1,164.9,39.8,126.5,0.5547987616099072,0.24767801857585142,0.033003300330033,Low
78335,27,2,19.0,15.0,244.0,2.0,169.0,,,102.0,78.0,71.5,162.7,27.0,83.0,0.5428525837716953,0.19467213114754098,,Low
78336,19,2,21.0,19.0,204.0,2.0,153.0,90.0,62.6,110.0,58.0,63.5,172.1,21.4,82.5,0.44871018536448104,0.25735294117647056,0.03194888178913738,Low
78337,73,2,21.0,13.0,205.0,2.0,251.0,167.0,83.6,122.0,56.0,66.8,170.7,22.9,92.6,2.0740375629592105,0.25609756097560976,0.023923444976076555,Moderate
78338,35,2,17.0,16.0,220.0,2.0,199.0,120.0,78.6,104.0,58.0,77.9,165.0,28.6,94.9,0.6761363636363636,0.19318181818181818,0.025445292620865142,Low
78341,35,2,19.0,15.0,205.0,2.0,180.0,,,120.0,64.0,74.1,165.9,26.9,,0.8375720082042055,0.23170731707317072,,Low
78345,19,2,20.0,11.0,233.0,2.0,146.0,,,108.0,46.0,49.9,153.8,21.1,75.7,0.49173524008390634,0.2145922746781116,,Low
78346,32,1,31.0,43.0,148.0,2.0,239.0,,,124.0,74.0,108.5,180.4,33.3,109.6,1.0221525795266475,0.5236486486486487,,Low
78349,33,1,27.0,27.0,180.0,2.0,160.0,104.0,55.6,106.0,64.0,106.6,183.6,31.6,107.3,0.9526279441628824,0.37500000000000006,0.03597122302158273,Low
78350,43,2,19.0,9.0,325.0,2.0,162.0,,,112.0,70.0,52.1,152.2,22.5,81.3,0.837948717948718,0.14615384615384613,,Low
78351,23,1,29.0,37.0,297.0,2.0,153.0,,,104.0,76.0,92.0,173.7,30.5,106.4,0.3692058065073176,0.24410774410774408,,Low
78352,25,1,16.0,17.0,248.0,2.0,162.0,94.0,67.6,100.0,58.0,77.2,180.8,23.6,85.3,0.3911864919940854,0.16129032258064516,0.02958579881656805,Low
78354,44,1,28.0,27.0,266.0,2.0,149.0,73.0,75.6,114.0,68.0,54.7,169.8,19.0,73.8,0.8913477840120538,0.2631578947368421,0.026455026455026457,Low
78355,34,2,27.0,37.0,264.0,2.0,264.0,,,108.0,82.0,76.9,159.6,30.2,102.7,0.5716601149481743,0.2556818181818182,,Low
78356,45,2,23.0,21.0,188.0,2.0,199.0,,,114.0,66.0,48.3,155.9,19.9,77.2,1.2013591297566604,0.3058510638297872,,Low
78359,35,2,17.0,14.0,283.0,2.0,129.0,,,136.0,90.0,57.0,160.9,22.0,76.5,0.5619096782257685,0.1501766784452297,,Low
78360,38,2,26.0,19.0,227.0,2.0,111.0,,,134.0,0.0,65.4,154.8,27.3,85.6,0.99851429543663,0.28634361233480177,,Low
78362,52,1,34.0,45.0,241.0,2.0,197.0,,,118.0,78.0,132.9,174.3,43.7,137.9,1.093601157460478,0.35269709543568467,,Low
78364,18,1,21.0,20.0,211.0,2.0,103.0,46.0,56.6,100.0,58.0,61.5,174.4,20.2,74.8,0.4005846898080192,0.24881516587677727,0.0353356890459364,Low
78367,30,1,29.0,34.0,255.0,2.0,242.0,,,110.0,54.0,65.9,166.2,23.9,85.5,0.5851128198979714,0.28431372549019607,,Low
78368,52,1,17.0,16.0,225.0,2.0,185.0,,,126.0,78.0,82.5,179.9,25.5,96.0,0.9822222222222222,0.18888888888888888,,Low
78369,23,1,22.0,22.0,202.0,2.0,139.0,,,110.0,66.0,67.0,181.3,20.4,85.8,0.5340572399798954,0.2722772277227723,,Low
78371,30,2,18.0,14.0,257.0,2.0,188.0,,,106.0,74.0,49.1,161.2,18.9,75.5,0.561560586119491,0.17509727626459146,,Low
78374,49,2,27.0,24.0,326.0,2.0,247.0,,,144.0,92.0,78.8,166.7,28.4,95.0,0.8283933869381761,0.2070552147239264,,Low
78375,44,1,22.0,31.0,205.0,2.0,192.0,,,120.0,70.0,121.2,171.6,41.2,129.2,0.848087474936186,0.2682926829268293,,Low
78376,65,2,20.0,15.0,197.0,2.0,198.0,,,96.0,70.0,88.9,162.4,33.7,104.4,1.7038505414787282,0.25380710659898476,,Moderate
78377,62,2,28.0,25.0,238.0,2.0,149.0,66.0,82.6,122.0,74.0,80.1,163.2,30.1,106.3,1.4588235294117646,0.29411764705882354,0.02421307506053269,Moderate
78379,47,2,24.0,21.0,210.0,2.0,191.0,117.0,73.6,118.0,64.0,130.7,164.5,48.3,119.5,1.1721418104104735,0.2857142857142857,0.027173913043478264,Low
78381,21,1,18.0,13.0,145.0,2.0,167.0,,,106.0,56.0,69.9,196.7,18.1,83.8,0.7230230143901262,0.3103448275862069,,Low
78382,46,1,23.0,19.0,271.0,2.0,173.0,77.0,95.6,,,97.0,179.1,30.2,102.5,0.8956525698710491,0.2121771217712177,0.020920502092050212,Low
78386,44,1,55.0,63.0,229.0,2.0,191.0,85.0,105.6,108.0,58.0,68.1,172.4,22.9,84.0,1.3314032382566665,0.6004366812227074,0.01893939393939394,Moderate
78388,30,2,20.0,15.0,220.0,2.0,156.0,67.0,88.6,118.0,76.0,95.0,169.3,33.1,117.3,0.7041787902195303,0.22727272727272727,0.022573363431151242,Low
78391,55,1,18.0,20.0,288.0,2.0,282.0,,,166.0,104.0,73.8,169.4,25.7,95.7,0.7686483672655526,0.15625,,Low
78392,67,2,17.0,16.0,259.0,2.0,218.0,,,142.0,72.0,66.5,159.7,26.1,91.2,1.0994208494208495,0.1640926640926641,,Low
78393,26,1,29.0,31.0,244.0,2.0,230.0,,,130.0,70.0,98.4,172.3,33.1,110.1,0.55500982675487,0.2971311475409836,,Low
78394,58,2,51.0,24.0,268.0,2.0,262.0,,,,,119.6,166.2,43.3,139.4,2.252982170134528,0.4757462686567164,,Moderate
78395,22,2,24.0,13.0,253.0,2.0,200.0,108.0,91.6,116.0,74.0,88.4,157.7,35.5,112.6,0.5788175960611087,0.23715415019762842,0.02183406113537118,Low
78400,49,2,18.0,11.0,316.0,2.0,228.0,,,140.0,78.0,86.0,173.0,28.7,94.2,0.8415601453088213,0.14240506329113925,,Low
78402,69,1,33.0,34.0,184.0,2.0,145.0,,,108.0,48.0,84.7,177.3,26.9,109.6,2.122294991138547,0.4483695652173913,,Moderate
78403,80,2,22.0,15.0,200.0,2.0,155.0,83.0,71.6,148.0,64.0,81.9,162.5,31.0,89.6,2.272150229775018,0.275,0.02793296089385475,Moderate
78404,44,1,19.0,20.0,340.0,2.0,175.0,113.0,61.6,114.0,68.0,96.2,167.1,34.5,109.0,0.5498096556440659,0.13970588235294115,0.032467532467532464,Low
78410,45,2,30.0,32.0,220.0,2.0,181.0,82.0,98.6,118.0,72.0,82.1,151.1,36.0,112.1,1.0847660847748173,0.3409090909090909,0.02028397565922921,Low
78411,41,1,24.0,26.0,223.0,2.0,197.0,,,116.0,70.0,68.3,159.4,26.9,87.5,0.8653734393541395,0.2690582959641255,,Low
78417,22,2,25.0,11.0,227.0,2.0,149.0,,,104.0,66.0,94.2,168.1,33.3,106.5,0.7305340947919383,0.27533039647577096,,Low
78418,36,2,17.0,12.0,204.0,2.0,185.0,,,98.0,44.0,77.7,147.4,35.8,110.5,0.8660254037844387,0.20833333333333334,,Low
78419,32,2,15.0,22.0,384.0,2.0,198.0,124.0,73.6,124.0,84.0,110.9,161.3,42.6,,0.26650089544451305,0.09765625,0.027173913043478264,Low
78420,44,1,26.0,44.0,268.0,2.0,251.0,,,120.0,82.0,103.7,185.8,30.0,101.9,0.6435242130540328,0.2425373134328358,,Low
78422,52,1,22.0,16.0,124.0,2.0,210.0,,,124.0,82.0,85.1,178.5,26.7,86.5,2.306451612903226,0.4435483870967742,,Moderate
78423,56,2,17.0,32.0,342.0,2.0,231.0,,,124.0,68.0,67.6,157.4,27.3,94.2,0.49208015766783125,0.12426900584795321,,Low
78424,45,1,22.0,33.0,193.0,2.0,270.0,190.0,79.6,98.0,70.0,91.5,181.7,27.7,104.1,0.892937198943735,0.2849740932642487,0.02512562814070352,Low
78427,18,2,23.0,20.0,282.0,2.0,160.0,,,120.0,58.0,79.3,167.7,28.2,94.9,0.32827380946273504,0.20390070921985815,,Low
78428,68,2,16.0,10.0,284.0,2.0,241.0,150.0,90.6,92.0,54.0,80.7,164.5,29.8,109.2,1.2114641176983088,0.14084507042253522,0.02207505518763797,Low
78430,37,2,77.0,48.0,403.0,2.0,226.0,141.0,84.6,124.0,70.0,77.5,150.9,34.0,103.7,1.0203913876682653,0.47766749379652607,0.023640661938534282,Low
78431,80,2,25.0,18.0,179.0,2.0,235.0,,,154.0,74.0,58.5,158.7,23.2,84.8,2.6335448088884457,0.34916201117318435,,Moderate
78433,71,1,19.0,18.0,241.0,2.0,234.0,162.0,71.6,108.0,78.0,90.5,171.5,30.8,111.2,1.319345847608095,0.1970954356846473,0.02793296089385475,Moderate
78434,32,1,27.0,48.0,214.0,2.0,199.0,114.0,84.6,118.0,80.0,124.8,194.2,33.1,118.0,0.5827460660979401,0.31542056074766356,0.023640661938534282,Low
78435,67,1,21.0,18.0,188.0,2.0,232.0,138.0,93.6,136.0,76.0,96.2,175.6,31.2,109.2,1.7640057466834618,0.2792553191489362,0.021367521367521368,Moderate
78438,33,1,21.0,18.0,175.0,2.0,236.0,,,116.0,74.0,62.9,163.3,23.6,80.6,0.9333809511662428,0.3,,Low
78439,30,2,20.0,14.0,175.0,2.0,245.0,,,,,91.2,172.9,30.5,107.9,0.916324257985455,0.2857142857142857,,Low
78440,57,1,23.0,21.0,164.0,2.0,180.0,98.0,81.6,104.0,76.0,102.4,187.9,29.0,117.5,1.7444125249962563,0.35060975609756095,0.02450980392156863,Moderate
78441,27,1,14.0,8.0,161.0,2.0,153.0,93.0,59.6,110.0,70.0,89.7,178.5,28.2,96.0,0.8300818735668166,0.21739130434782608,0.03355704697986577,Low
78442,59,2,20.0,18.0,220.0,2.0,200.0,113.0,86.6,138.0,64.0,65.3,148.9,29.5,99.3,1.264221214848676,0.22727272727272727,0.023094688221709007,Low
78443,62,2,68.0,50.0,133.0,2.0,161.0,99.0,61.6,156.0,106.0,88.4,160.5,34.3,113.0,4.4829506608759155,1.2781954887218046,0.032467532467532464,High
78444,52,2,21.0,15.0,292.0,2.0,354.0,,,136.0,76.0,74.2,156.7,30.2,101.0,0.9655931082325341,0.1797945205479452,,Low
78445,63,1,21.0,32.0,269.0,2.0,214.0,142.0,71.6,136.0,62.0,79.3,175.9,25.6,105.0,0.8694259028901509,0.19516728624535318,0.02793296089385475,Low
78446,28,2,21.0,19.0,268.0,2.0,155.0,,,112.0,66.0,88.5,170.5,30.4,104.9,0.5033449683428742,0.19589552238805974,,Low
78447,23,2,14.0,13.0,225.0,2.0,128.0,72.0,55.6,104.0,66.0,54.1,168.4,19.1,73.2,0.3969188070767195,0.15555555555555556,0.03597122302158273,Low
78457,33,2,21.0,14.0,282.0,2.0,211.0,,,106.0,74.0,70.9,165.4,25.9,88.2,0.656780285976277,0.18617021276595747,,Low
78460,32,1,22.0,24.0,288.0,2.0,214.0,144.0,69.6,106.0,78.0,85.8,183.3,25.5,95.8,0.4989701327891659,0.19097222222222224,0.02873563218390805,Low
78462,58,1,21.0,20.0,181.0,2.0,139.0,78.0,60.6,132.0,68.0,98.5,178.2,31.0,106.9,1.5047131472899136,0.29005524861878457,0.033003300330033,Moderate
78464,26,2,20.0,14.0,307.0,2.0,212.0,,,110.0,60.0,59.8,167.4,21.3,81.5,0.4526900514477547,0.16286644951140067,,Low
78465,68,2,18.0,13.0,187.0,2.0,168.0,,,126.0,78.0,107.6,161.2,41.4,124.0,1.8153824603734772,0.24064171122994654,,Moderate
78467,69,2,21.0,21.0,231.0,2.0,225.0,121.0,103.6,132.0,46.0,58.8,160.6,22.8,93.8,1.3688213114803158,0.22727272727272727,0.019305019305019305,Moderate
78468,30,2,24.0,27.0,262.0,2.0,187.0,,,108.0,66.0,85.4,159.8,33.4,101.0,0.5288704755935503,0.22900763358778628,,Low
78474,45,1,21.0,20.0,192.0,2.0,217.0,143.0,73.6,108.0,62.0,70.8,158.7,28.1,92.5,1.1005647076756777,0.2734375,0.027173913043478264,Low
78475,77,2,24.0,20.0,237.0,2.0,243.0,153.0,89.6,136.0,82.0,71.7,157.8,28.8,110.0,1.743566929290975,0.25316455696202533,0.022321428571428572,Moderate
78478,47,1,19.0,30.0,227.0,2.0,230.0,137.0,92.6,126.0,78.0,91.9,173.4,30.6,107.4,0.7182323698268918,0.2092511013215859,0.021598272138228944,Low
78479,28,1,21.0,19.0,282.0,2.0,241.0,,,90.0,54.0,72.8,175.4,23.7,86.2,0.4783562110492564,0.18617021276595747,,Low
78480,47,2,19.0,21.0,239.0,2.0,164.0,100.0,63.6,100.0,60.0,60.3,161.2,23.2,82.5,0.8153496902959884,0.19874476987447698,0.031446540880503145,Low
78481,71,2,25.0,14.0,213.0,2.0,271.0,110.0,160.6,152.0,88.0,43.4,153.1,18.5,72.3,2.22717701593687,0.2934272300469483,0.012453300124533002,Moderate
78484,79,2,17.0,13.0,341.0,2.0,255.0,,,,,71.1,164.2,26.4,100.9,1.0923201811297403,0.12463343108504397,,Low
78486,60,2,20.0,12.0,284.0,2.0,162.0,74.0,87.6,106.0,74.0,47.1,161.3,18.1,73.3,1.2197540898372377,0.17605633802816903,0.022831050228310504,Low
78487,80,2,31.0,34.0,211.0,2.0,177.0,68.0,108.6,150.0,72.0,57.9,161.5,22.2,85.1,2.0157179675517622,0.36729857819905215,0.01841620626151013,Moderate
78489,31,2,22.0,18.0,307.0,2.0,151.0,,,104.0,68.0,68.9,162.8,26.0,102.2,0.5236121875887356,0.17915309446254074,,Low
78490,23,1,18.0,10.0,271.0,2.0,164.0,,,136.0,84.0,47.4,175.7,15.4,66.8,0.48309333996668224,0.16605166051660517,,Low
78495,24,2,15.0,13.0,283.0,2.0,193.0,,,118.0,72.0,52.6,167.1,18.8,75.9,0.35281284565562276,0.13250883392226148,,Low
78496,19,2,22.0,19.0,346.0,2.0,219.0,,,126.0,84.0,79.3,151.0,34.8,102.0,0.27715542415576533,0.15895953757225434,,Low
78497,64,1,26.0,37.0,128.0,2.0,155.0,90.0,64.6,152.0,96.0,69.2,169.7,24.0,85.0,2.137186834969645,0.5078125,0.030959752321981428,Moderate
78498,78,2,28.0,23.0,227.0,2.0,134.0,,,116.0,58.0,73.3,149.1,33.0,100.6,2.006147490311239,0.3083700440528634,,Moderate
78499,23,1,36.0,19.0,170.0,2.0,103.0,,,114.0,36.0,55.0,168.6,19.3,72.2,1.1173895743813242,0.5294117647058824,,Low
78500,36,1,21.0,15.0,209.0,2.0,146.0,84.0,61.6,130.0,60.0,96.0,176.8,30.7,100.2,0.9339634480806402,0.2511961722488038,0.032467532467532464,Low
78501,19,2,21.0,16.0,203.0,2.0,130.0,,,116.0,58.0,70.2,149.9,31.2,,0.49137931034482757,0.25862068965517243,,Low
78504,60,2,43.0,37.0,180.0,2.0,171.0,,,158.0,74.0,76.0,163.8,28.3,107.0,2.3563854847101213,0.5972222222222222,,Moderate
78506,57,1,30.0,26.0,235.0,2.0,207.0,,,138.0,76.0,74.5,177.5,23.6,92.3,1.4270578344097646,0.3191489361702127,,Moderate
78508,51,1,21.0,24.0,177.0,2.0,184.0,,,158.0,94.0,93.7,176.3,30.1,118.4,1.2351240652169415,0.2966101694915254,,Low
78510,40,1,35.0,23.0,294.0,2.0,208.0,,,114.0,72.0,167.8,191.1,45.9,147.5,0.9929257812241656,0.2976190476190476,,Low
78512,31,1,22.0,8.0,157.0,2.0,137.0,77.0,59.6,134.0,56.0,72.7,181.7,22.0,84.7,1.5358179132777878,0.35031847133757965,0.03355704697986577,Moderate
78514,45,1,19.0,7.0,309.0,2.0,226.0,154.0,71.6,142.0,66.0,69.8,173.2,23.3,81.1,1.0458240272585413,0.15372168284789645,0.02793296089385475,Low
78518,38,1,24.0,22.0,168.0,2.0,169.0,104.0,64.6,138.0,72.0,119.7,183.5,35.5,124.0,1.157375317359028,0.35714285714285715,0.030959752321981428,Low
78521,70,1,29.0,32.0,281.0,2.0,208.0,,,118.0,60.0,78.8,159.8,30.9,107.1,1.2770700763422522,0.2580071174377224,,Low
78522,51,2,19.0,13.0,253.0,2.0,229.0,132.0,96.6,124.0,74.0,72.9,157.6,29.4,94.9,1.0622618382257847,0.18774703557312253,0.020703933747412008,Low
78523,60,2,22.0,17.0,226.0,2.0,311.0,230.0,80.6,146.0,80.0,51.1,156.7,20.8,84.2,1.4165797568493785,0.24336283185840712,0.02481389578163772,Moderate
78526,30,1,22.0,28.0,264.0,2.0,237.0,,,134.0,88.0,97.8,173.7,32.4,101.5,0.472455591261534,0.20833333333333334,,Low
78527,72,2,20.0,18.0,254.0,2.0,168.0,,,170.0,74.0,90.8,169.4,31.6,107.4,1.336264783344657,0.19685039370078738,,Moderate
78528,38,1,29.0,29.0,215.0,2.0,248.0,,,110.0,76.0,78.3,174.1,25.8,90.1,0.9517965705633078,0.3372093023255814,,Low
78529,19,2,21.0,13.0,239.0,2.0,178.0,108.0,69.6,98.0,58.0,58.9,165.9,21.4,79.1,0.46302380396206366,0.21966527196652721,0.02873563218390805,Low
78531,60,1,20.0,20.0,205.0,2.0,219.0,,,118.0,72.0,90.6,183.3,27.0,101.7,1.3089178404876818,0.24390243902439024,,Moderate
78533,48,2,21.0,15.0,233.0,2.0,210.0,,,138.0,82.0,71.6,165.8,26.0,90.5,1.1170149393353581,0.22532188841201717,,Low
78534,67,2,28.0,25.0,191.0,2.0,219.0,133.0,85.6,120.0,82.0,63.5,147.8,29.1,88.9,1.9643979057591623,0.3664921465968586,0.023364485981308414,Moderate
78535,80,2,26.0,15.0,209.0,2.0,200.0,126.0,73.6,128.0,72.0,80.8,152.6,34.7,95.0,2.5696348836081104,0.31100478468899523,0.027173913043478264,Moderate
78542,41,2,26.0,48.0,243.0,2.0,228.0,,,114.0,70.0,87.8,158.6,34.9,111.2,0.6331845544816267,0.2674897119341564,,Low
78548,36,2,14.0,12.0,292.0,2.0,97.0,28.0,68.6,116.0,82.0,110.2,161.1,42.5,115.9,0.4982611912184442,0.11986301369863012,0.02915451895043732,Low
78549,20,1,16.0,14.0,190.0,2.0,95.0,,,122.0,84.0,59.4,167.6,21.1,80.1,0.45012419690513583,0.21052631578947367,,Low
78551,59,2,26.0,25.0,190.0,2.0,213.0,129.0,83.6,108.0,60.0,59.8,160.9,23.1,82.4,1.6147368421052632,0.34210526315789475,0.023923444976076555,Moderate
78552,68,2,19.0,10.0,206.0,2.0,187.0,,,146.0,48.0,48.3,158.4,19.3,82.0,1.9833314256978378,0.23058252427184464,,Moderate
78556,60,2,16.0,11.0,132.0,2.0,205.0,,,130.0,88.0,73.9,160.0,28.9,103.9,2.192809778747372,0.30303030303030304,,Moderate
78557,70,2,32.0,24.0,152.0,2.0,141.0,60.0,80.6,90.0,52.0,102.7,161.8,39.2,119.1,3.0081452981547803,0.5263157894736842,0.02481389578163772,High
78560,22,1,22.0,19.0,121.0,2.0,116.0,53.0,62.6,100.0,52.0,72.5,188.6,20.4,75.7,0.9176629354822471,0.4545454545454546,0.03194888178913738,Low
78561,80,1,45.0,20.0,147.0,2.0,135.0,,,132.0,72.0,77.0,167.5,27.4,100.5,5.476084842856627,0.7653061224489796,,High
78562,48,1,28.0,40.0,210.0,2.0,203.0,137.0,65.6,116.0,86.0,108.8,175.5,35.3,119.4,1.0119288512538813,0.3333333333333333,0.030487804878048783,Low
78566,43,1,18.0,27.0,200.0,2.0,175.0,,,128.0,82.0,72.4,174.3,23.8,91.7,0.7447818472546173,0.22500000000000003,,Low
78568,29,2,17.0,18.0,234.0,2.0,176.0,120.0,55.6,98.0,56.0,83.7,158.3,33.4,107.2,0.4965863862179031,0.18162393162393162,0.03597122302158273,Low
78572,51,1,21.0,13.0,229.0,2.0,215.0,138.0,76.6,122.0,86.0,97.2,185.2,28.3,113.0,1.297126441391311,0.22925764192139741,0.026109660574412535,Low
78575,22,1,35.0,44.0,270.0,2.0,194.0,129.0,64.6,116.0,78.0,83.6,171.3,28.5,96.0,0.4299328431942185,0.32407407407407407,0.030959752321981428,Low
78577,22,1,24.0,20.0,199.0,2.0,182.0,,,120.0,58.0,76.2,178.9,23.8,85.5,0.5932883879999442,0.3015075376884422,,Low
78579,71,1,21.0,22.0,212.0,2.0,258.0,,,146.0,76.0,114.1,170.7,39.2,127.2,1.4994446607840337,0.2476415094339623,,Moderate
78580,78,2,22.0,14.0,253.0,2.0,132.0,,,138.0,72.0,69.9,160.7,27.1,101.0,1.812728423406009,0.21739130434782608,,Moderate
78581,44,2,19.0,19.0,185.0,2.0,251.0,,,104.0,72.0,70.7,170.4,24.3,86.9,1.0367111000853493,0.25675675675675674,,Low
78583,54,1,23.0,21.0,166.0,2.0,148.0,,,126.0,72.0,90.6,171.6,30.8,107.6,1.6326904799584492,0.3463855421686747,,Moderate
78586,41,2,20.0,15.0,212.0,2.0,240.0,,,108.0,66.0,72.5,155.8,29.9,92.0,0.998693818833359,0.2358490566037736,,Low
78587,57,2,35.0,42.0,263.0,2.0,180.0,77.0,102.6,126.0,70.0,51.7,149.1,23.3,82.3,1.1704759816516097,0.3326996197718631,0.019493177387914232,Low
78588,49,1,54.0,55.0,225.0,2.0,283.0,196.0,86.6,134.0,84.0,80.6,174.3,26.5,95.5,1.5857180765135452,0.6,0.023094688221709007,Moderate
78589,20,2,162.0,53.0,139.0,2.0,129.0,,,106.0,46.0,59.2,166.2,21.4,79.5,3.201785807149298,2.913669064748201,,High
78591,70,2,23.0,23.0,193.0,2.0,198.0,121.0,76.6,122.0,64.0,103.3,169.5,36.0,123.0,1.7394207597507274,0.2979274611398964,0.026109660574412535,Moderate
78595,31,1,36.0,48.0,266.0,2.0,212.0,142.0,69.6,130.0,92.0,115.8,173.1,38.6,114.4,0.6055666357289684,0.3383458646616541,0.02873563218390805,Low
78597,61,1,24.0,19.0,285.0,2.0,163.0,99.0,63.6,128.0,70.0,65.4,159.5,25.7,98.2,1.1784724013561487,0.21052631578947367,0.031446540880503145,Low
78598,63,1,20.0,21.0,207.0,2.0,153.0,,,150.0,76.0,103.3,180.7,31.6,121.2,1.3282828101321276,0.24154589371980675,,Moderate
78599,36,1,21.0,28.0,306.0,2.0,158.0,102.0,55.6,122.0,78.0,125.8,187.6,35.7,131.4,0.4668972901878689,0.1715686274509804,0.03597122302158273,Low
78601,46,1,27.0,23.0,241.0,2.0,188.0,,,98.0,68.0,71.4,172.8,23.9,95.6,1.0745846566758792,0.2800829875518672,,Low
78603,33,1,21.0,17.0,288.0,2.0,214.0,142.0,71.6,116.0,86.0,92.0,174.7,30.1,101.3,0.5836013477436762,0.18229166666666666,0.02793296089385475,Low
78606,42,1,25.0,26.0,248.0,2.0,165.0,,,100.0,60.0,83.2,176.7,26.6,95.8,0.8303304108673115,0.25201612903225806,,Low
78608,59,1,21.0,18.0,245.0,2.0,202.0,,,96.0,60.0,70.6,173.1,23.6,94.9,1.1919800025716087,0.2142857142857143,,Low
78611,21,1,22.0,21.0,182.0,2.0,121.0,,,104.0,64.0,72.7,177.3,23.1,76.5,0.5539377213682883,0.30219780219780223,,Low
78612,60,2,21.0,19.0,157.0,2.0,149.0,76.0,72.6,126.0,72.0,55.1,153.4,23.4,84.0,1.8411708578146995,0.33439490445859876,0.027548209366391185,Moderate
78613,22,2,18.0,16.0,284.0,2.0,167.0,,,100.0,72.0,85.3,176.7,27.3,91.1,0.3485915492957746,0.15845070422535212,,Low
78615,57,2,24.0,18.0,229.0,2.0,202.0,128.0,73.6,112.0,68.0,52.9,156.9,21.5,72.3,1.4080379572972301,0.26200873362445415,0.027173913043478264,Moderate
78616,21,2,21.0,22.0,386.0,2.0,254.0,163.0,90.6,120.0,48.0,94.7,167.6,33.7,101.5,0.2435790567689746,0.13601036269430053,0.02207505518763797,Low
78619,61,2,22.0,25.0,280.0,2.0,205.0,,,136.0,70.0,83.0,166.8,29.8,103.9,0.9585714285714285,0.19642857142857145,,Low
78620,64,1,30.0,25.0,211.0,2.0,181.0,110.0,70.6,134.0,72.0,67.2,153.7,28.4,91.6,1.819905213270142,0.35545023696682465,0.028328611898017,Moderate
78621,50,1,19.0,14.0,227.0,2.0,209.0,135.0,73.6,106.0,78.0,72.4,165.7,26.4,96.4,1.1184941842149918,0.2092511013215859,0.027173913043478264,Low
78626,51,1,21.0,25.0,254.0,2.0,268.0,188.0,79.6,118.0,72.0,76.9,168.4,27.1,108.8,0.8433070866141732,0.20669291338582677,0.02512562814070352,Low
78627,69,1,28.0,28.0,227.0,2.0,152.0,76.0,75.6,150.0,82.0,101.3,176.8,32.4,112.1,1.6084303124533634,0.3083700440528634,0.026455026455026457,Moderate
78631,28,2,19.0,22.0,267.0,2.0,179.0,,,124.0,70.0,91.6,165.9,33.3,111.6,0.42480442359994286,0.17790262172284643,,Low
78633,24,1,21.0,22.0,229.0,2.0,126.0,67.0,58.6,106.0,72.0,62.2,183.8,18.4,76.1,0.46922777748134353,0.22925764192139741,0.034129692832764506,Low
78634,55,2,18.0,18.0,240.0,2.0,194.0,134.0,59.6,126.0,74.0,128.2,162.7,48.4,136.0,0.9722718241315029,0.18750000000000003,0.03355704697986577,Low
78636,25,2,16.0,14.0,257.0,2.0,175.0,,,104.0,70.0,74.9,160.5,29.1,85.4,0.41597080453295626,0.1556420233463035,,Low
78638,40,1,21.0,18.0,159.0,2.0,192.0,,,110.0,78.0,93.9,171.3,32.0,109.9,1.2452194888819705,0.33018867924528306,,Low
78640,66,1,38.0,40.0,217.0,2.0,186.0,86.0,99.6,90.0,60.0,75.6,169.9,26.2,94.5,1.8274175971664275,0.4377880184331797,0.020080321285140562,Moderate
78642,19,2,20.0,15.0,236.0,2.0,141.0,84.0,56.6,104.0,78.0,54.1,171.7,18.4,73.3,0.41574397501661536,0.211864406779661,0.0353356890459364,Low
78645,37,1,24.0,29.0,207.0,2.0,238.0,154.0,83.6,120.0,74.0,81.6,162.9,30.8,97.0,0.7966060884117009,0.2898550724637681,0.023923444976076555,Low
78649,50,1,16.0,12.0,210.0,2.0,160.0,88.0,71.6,138.0,78.0,90.1,172.1,30.4,107.2,1.0997147984564302,0.19047619047619047,0.02793296089385475,Low
78650,21,1,23.0,12.0,278.0,2.0,169.0,98.0,70.6,118.0,66.0,68.8,180.0,21.2,76.6,0.5015470863643692,0.2068345323741007,0.028328611898017,Low
78651,24,2,13.0,14.0,289.0,2.0,139.0,55.0,83.6,106.0,54.0,57.6,157.1,23.3,85.2,0.2885311677393647,0.1124567474048443,0.023923444976076555,Low
78652,42,2,24.0,21.0,317.0,2.0,225.0,,,,,80.9,161.7,30.9,97.2,0.6938915878797486,0.1892744479495268,,Low
78655,28,1,25.0,29.0,278.0,2.0,178.0,104.0,73.6,124.0,68.0,92.2,177.8,29.2,101.0,0.46757818965444714,0.22482014388489208,0.027173913043478264,Low
78658,50,2,22.0,21.0,263.0,2.0,238.0,,,136.0,78.0,55.2,150.0,24.5,86.0,0.9126984002265841,0.20912547528517114,,Low
78660,35,1,36.0,47.0,365.0,2.0,212.0,138.0,73.6,,,131.7,150.8,57.9,135.6,0.5035339432530059,0.2465753424657534,0.027173913043478264,Low
78661,64,1,20.0,8.0,272.0,2.0,219.0,169.0,49.6,156.0,70.0,54.8,160.2,21.4,79.2,1.6637806616154058,0.1838235294117647,0.04032258064516129,Moderate
78662,56,1,31.0,26.0,269.0,2.0,202.0,,,122.0,68.0,87.8,176.6,28.2,99.3,1.2656416750925188,0.28810408921933084,,Low
78664,37,1,18.0,27.0,231.0,2.0,196.0,130.0,65.6,118.0,76.0,70.9,166.2,25.7,88.5,0.5548561028575625,0.19480519480519481,0.030487804878048783,Low
78665,48,1,29.0,17.0,132.0,2.0,271.0,196.0,74.6,120.0,80.0,79.3,174.2,26.1,92.0,2.557648409474057,0.5492424242424242,0.02680965147453083,Moderate
78667,63,1,26.0,26.0,171.0,2.0,153.0,51.0,101.6,148.0,54.0,138.3,171.9,46.8,140.3,1.8785861365868155,0.38011695906432746,0.01968503937007874,Moderate
78669,27,2,17.0,15.0,274.0,2.0,186.0,96.0,89.6,110.0,74.0,97.8,171.0,33.4,102.6,0.43253025691221514,0.1551094890510949,0.022321428571428572,Low
78671,67,2,23.0,31.0,223.0,2.0,214.0,,,,,86.1,154.6,36.0,116.4,1.2411290153509422,0.257847533632287,,Low
78672,31,1,21.0,19.0,233.0,2.0,159.0,,,108.0,70.0,120.1,175.4,39.0,128.1,0.6409855912005824,0.22532188841201717,,Low
78673,32,2,23.0,26.0,268.0,2.0,179.0,,,112.0,72.0,79.1,155.2,32.8,95.2,0.5385875950063561,0.21455223880597016,,Low
78674,61,2,23.0,20.0,161.0,2.0,195.0,,,102.0,68.0,60.5,167.1,21.7,78.2,1.9485735232498167,0.35714285714285715,,Moderate
78675,19,1,21.0,12.0,229.0,2.0,172.0,,,110.0,52.0,61.7,184.6,18.1,73.0,0.502975452852971,0.22925764192139741,,Low
78676,39,2,26.0,27.0,250.0,2.0,219.0,,,118.0,78.0,104.7,165.7,38.1,113.5,0.780577563944374,0.26,,Low
78678,44,2,27.0,30.0,308.0,2.0,196.0,87.0,108.6,104.0,68.0,59.1,153.0,25.2,88.6,0.7042147167923565,0.2191558441558442,0.01841620626151013,Low
78682,53,2,25.0,19.0,160.0,2.0,160.0,91.0,68.6,116.0,78.0,56.6,170.7,19.4,77.3,1.8998490461155895,0.390625,0.02915451895043732,Moderate
78683,56,2,23.0,19.0,218.0,2.0,173.0,,,116.0,70.0,47.2,156.1,19.4,74.6,1.355447088189374,0.26376146788990823,,Moderate
78685,80,2,18.0,11.0,281.0,2.0,236.0,138.0,97.6,,,61.0,147.5,28.0,,1.5451115166974363,0.1601423487544484,0.020491803278688527,Moderate
78688,39,1,18.0,12.0,158.0,2.0,136.0,70.0,65.6,116.0,48.0,77.9,146.6,36.2,104.5,1.282594585351637,0.2848101265822785,0.030487804878048783,Low
78689,21,2,16.0,13.0,133.0,2.0,260.0,,,,,77.3,156.6,31.5,103.4,0.7006739320739737,0.30075187969924816,,Low
78691,42,2,107.0,46.0,169.0,2.0,156.0,81.0,74.6,74.0,44.0,73.7,166.1,26.7,97.2,3.9207346210657263,1.5828402366863905,0.02680965147453083,High
78692,39,2,23.0,16.0,310.0,,178.0,108.0,,122.0,80.0,60.8,156.2,24.9,89.1,0.7233870967741935,0.1854838709677419,,Low
78694,22,2,19.0,13.0,284.0,2.0,174.0,,,110.0,68.0,57.1,162.0,21.8,78.7,0.40821246834884817,0.16725352112676056,,Low
78695,23,1,23.0,15.0,203.0,2.0,162.0,80.0,81.6,138.0,80.0,83.8,171.7,28.4,89.5,0.6728434121982672,0.2832512315270936,0.02450980392156863,Low
78700,80,1,25.0,15.0,136.0,2.0,174.0,76.0,97.6,128.0,54.0,58.9,163.5,22.0,88.2,3.797042496281781,0.4595588235294118,0.020491803278688527,High
78702,80,1,19.0,14.0,161.0,2.0,188.0,88.0,99.6,106.0,64.0,73.9,166.7,26.6,104.0,2.523211724887485,0.2950310559006211,0.020080321285140562,Moderate
78703,59,1,26.0,32.0,269.0,2.0,232.0,151.0,80.6,156.0,112.0,72.5,175.6,23.5,88.0,1.008087176896063,0.241635687732342,0.02481389578163772,Low
78704,55,1,13.0,13.0,188.0,2.0,163.0,,,152.0,0.0,99.0,175.8,32.0,109.5,1.0548155327155289,0.17287234042553193,,Low
78705,37,2,21.0,20.0,367.0,2.0,184.0,,,130.0,84.0,92.3,172.4,31.1,110.6,0.4734127570891925,0.14305177111716622,,Low
78707,56,1,38.0,61.0,167.0,2.0,215.0,118.0,96.6,132.0,76.0,59.5,174.4,19.6,73.7,1.6315118592646864,0.5688622754491017,0.020703933747412008,Moderate
78708,40,1,39.0,27.0,219.0,2.0,189.0,,,116.0,52.0,59.0,161.6,22.6,78.5,1.3708773515004813,0.4452054794520548,,Moderate
78710,36,2,27.0,26.0,276.0,2.0,279.0,,,106.0,74.0,73.2,155.9,30.1,97.2,0.6906698672257786,0.24456521739130438,,Low
78712,53,2,23.0,27.0,230.0,2.0,196.0,,,110.0,66.0,85.9,171.0,29.4,98.0,1.0199854755683389,0.24999999999999997,,Low
78714,64,2,24.0,19.0,195.0,2.0,197.0,,,118.0,70.0,137.6,165.5,50.2,139.3,1.807090088334271,0.3076923076923077,,Moderate
78716,46,2,22.0,27.0,189.0,2.0,204.0,132.0,71.6,106.0,70.0,60.1,162.2,22.8,87.0,1.0304734963313955,0.29100529100529104,0.02793296089385475,Low
78718,45,2,14.0,13.0,251.0,2.0,147.0,84.0,62.6,114.0,58.0,73.6,167.4,26.3,85.4,0.6961376964579569,0.1394422310756972,0.03194888178913738,Low
78719,37,2,15.0,9.0,269.0,2.0,184.0,96.0,87.6,122.0,74.0,59.6,158.6,23.7,83.5,0.6877323420074349,0.13940520446096655,0.022831050228310504,Low
78720,27,2,17.0,13.0,231.0,2.0,170.0,76.0,93.6,122.0,70.0,103.1,166.6,37.1,108.4,0.5510982468990914,0.18398268398268397,0.021367521367521368,Low
78723,66,2,21.0,17.0,285.0,2.0,266.0,112.0,153.6,150.0,76.0,72.2,165.0,26.5,99.2,1.1794890396503772,0.1842105263157895,0.013020833333333334,Low
78724,23,1,24.0,20.0,141.0,2.0,135.0,81.0,53.6,108.0,70.0,80.0,178.7,25.1,89.5,0.8753968252339602,0.425531914893617,0.03731343283582089,Low
78725,35,1,19.0,22.0,188.0,2.0,207.0,,,114.0,78.0,87.3,173.4,29.0,98.6,0.7541408317897922,0.25265957446808507,,Low
78727,70,2,26.0,27.0,201.0,2.0,150.0,,,180.0,78.0,78.4,164.7,28.9,102.2,1.742582902031706,0.32338308457711445,,Moderate
78729,18,2,19.0,12.0,288.0,2.0,151.0,,,106.0,52.0,57.1,165.0,21.0,77.1,0.3428017223313403,0.16493055555555555,,Low
78733,27,1,22.0,27.0,193.0,2.0,167.0,,,114.0,76.0,82.7,171.1,28.2,98.1,0.5923075300494606,0.2849740932642487,,Low
78735,44,1,27.0,39.0,236.0,2.0,160.0,72.0,87.6,114.0,66.0,95.1,177.6,30.2,101.0,0.8060688420357777,0.2860169491525424,0.022831050228310504,Low
78736,41,1,49.0,69.0,189.0,2.0,252.0,183.0,68.6,110.0,74.0,151.8,172.7,50.9,152.4,1.2796570309487318,0.6481481481481483,0.02915451895043732,Low
78737,71,2,18.0,15.0,236.0,2.0,177.0,113.0,63.6,,,121.2,156.5,49.5,134.4,1.3982126317664063,0.19067796610169493,0.031446540880503145,Moderate
78739,53,1,18.0,19.0,181.0,2.0,218.0,148.0,69.6,126.0,88.0,79.2,173.7,26.2,89.9,1.2091856912293697,0.24861878453038677,0.02873563218390805,Low
78741,37,1,43.0,49.0,242.0,2.0,173.0,,,96.0,62.0,82.1,169.8,28.5,97.5,0.9391971664698937,0.4442148760330578,,Low
78742,53,1,27.0,29.0,262.0,2.0,130.0,75.0,54.6,120.0,70.0,73.7,170.0,25.5,95.5,1.0142367516464168,0.25763358778625955,0.03663003663003663,Low
78744,55,2,22.0,19.0,293.0,2.0,251.0,,,96.0,64.0,72.6,178.0,22.9,86.0,0.9474165118886679,0.1877133105802048,,Low
78746,27,2,21.0,15.0,310.0,2.0,228.0,,,100.0,50.0,53.2,156.3,21.8,74.2,0.4722540983440011,0.16935483870967744,,Low
78747,70,2,18.0,18.0,229.0,2.0,145.0,74.0,70.6,130.0,0.0,60.1,151.3,26.3,90.4,1.2968770659316593,0.19650655021834063,0.028328611898017,Low
78748,77,1,20.0,16.0,161.0,2.0,206.0,134.0,71.6,128.0,70.0,76.5,167.7,27.2,105.5,2.391304347826087,0.3105590062111801,0.02793296089385475,Moderate
78750,20,2,19.0,14.0,289.0,2.0,215.0,118.0,96.6,98.0,66.0,55.0,157.0,22.3,75.9,0.3514161658364057,0.1643598615916955,0.020703933747412008,Low
78754,79,2,27.0,13.0,138.0,2.0,190.0,87.0,102.6,158.0,82.0,45.0,148.4,20.4,80.0,4.286867820827586,0.48913043478260876,0.019493177387914232,High
78755,40,2,16.0,17.0,300.0,2.0,180.0,,,108.0,58.0,68.0,163.1,25.6,93.0,0.5174093334108437,0.13333333333333336,,Low
78757,65,1,20.0,23.0,244.0,2.0,220.0,,,174.0,82.0,96.6,170.6,33.2,114.3,1.1109374519434312,0.20491803278688525,,Low
78760,31,2,25.0,14.0,288.0,2.0,159.0,,,106.0,68.0,71.4,158.2,28.5,88.6,0.7191925780629476,0.2170138888888889,,Low
78762,24,1,27.0,62.0,245.0,2.0,163.0,87.0,75.6,124.0,80.0,89.5,163.8,33.4,108.4,0.3359023767188712,0.2755102040816327,0.026455026455026457,Low
78764,51,2,17.0,17.0,171.0,2.0,235.0,139.0,95.6,134.0,70.0,90.9,159.0,36.0,113.2,1.2296981690438638,0.24853801169590642,0.020920502092050212,Low
78765,33,1,28.0,32.0,240.0,2.0,226.0,,,116.0,68.0,73.4,173.2,24.5,90.0,0.680590276892052,0.29166666666666663,,Low
78766,46,1,22.0,30.0,208.0,2.0,146.0,100.0,45.6,114.0,80.0,86.6,179.7,26.8,97.7,0.8882936349282502,0.2644230769230769,0.043859649122807015,Low
78767,29,1,22.0,27.0,247.0,2.0,189.0,127.0,61.6,120.0,76.0,68.8,169.1,24.1,86.7,0.49709780262210695,0.22267206477732795,0.032467532467532464,Low
78768,34,2,23.0,24.0,273.0,2.0,195.0,,,116.0,64.0,79.2,162.0,30.2,94.8,0.5847072585031885,0.21062271062271062,,Low
78769,19,1,23.0,21.0,227.0,2.0,161.0,71.0,89.6,122.0,84.0,69.7,176.5,22.4,80.5,0.42009347151158005,0.2533039647577092,0.022321428571428572,Low
78771,80,1,27.0,16.0,182.0,2.0,157.0,80.0,76.6,108.0,48.0,89.9,167.7,32.0,,2.967032967032967,0.3708791208791209,0.026109660574412535,High
78772,30,2,19.0,20.0,270.0,2.0,158.0,,,108.0,76.0,64.3,146.0,30.2,91.3,0.4720587952499556,0.17592592592592593,,Low
78776,24,1,31.0,28.0,192.0,2.0,176.0,,,122.0,60.0,76.1,174.5,25.0,86.4,0.7323061664553777,0.40364583333333337,,Low
78777,56,2,33.0,15.0,268.0,2.0,175.0,,,190.0,116.0,63.5,161.0,24.5,88.0,1.780416224823708,0.30783582089552236,,Moderate
78778,64,2,26.0,16.0,141.0,2.0,180.0,,,114.0,40.0,86.5,164.1,32.1,109.5,2.950354609929078,0.4609929078014185,,High
78780,80,2,25.0,20.0,230.0,2.0,164.0,,,162.0,74.0,57.3,152.7,24.6,89.5,1.9444069369563388,0.2717391304347826,,Moderate
78781,29,1,37.0,51.0,196.0,2.0,218.0,144.0,73.6,118.0,74.0,98.2,182.9,29.4,102.7,0.7665819031439053,0.4719387755102041,0.027173913043478264,Low
78782,19,2,15.0,10.0,239.0,2.0,158.0,91.0,66.6,102.0,68.0,63.1,166.3,22.8,75.5,0.37709168750961847,0.15690376569037656,0.030030030030030033,Low
78783,19,2,22.0,35.0,307.0,2.0,294.0,,,110.0,70.0,129.1,173.4,42.9,122.0,0.23014624004985013,0.17915309446254074,,Low
78789,75,1,25.0,18.0,137.0,2.0,187.0,98.0,88.6,168.0,76.0,95.8,185.2,27.9,109.7,3.2258521039532284,0.45620437956204374,0.022573363431151242,High
78790,58,1,17.0,21.0,323.0,2.0,269.0,175.0,93.6,,,72.3,163.6,27.0,96.2,0.666138822825661,0.13157894736842105,0.021367521367521368,Low
78791,43,1,18.0,15.0,140.0,2.0,181.0,117.0,63.6,114.0,74.0,104.0,171.0,35.6,103.8,1.4274710047450194,0.3214285714285714,0.031446540880503145,Moderate
78794,60,1,31.0,33.0,195.0,2.0,179.0,,,142.0,74.0,55.5,163.7,20.7,80.1,1.660433026038964,0.39743589743589747,,Moderate
78797,37,1,29.0,41.0,317.0,2.0,213.0,,,118.0,82.0,78.1,170.4,26.9,93.2,0.5286260142160073,0.2287066246056782,,Low
78798,19,1,22.0,22.0,174.0,2.0,157.0,109.0,47.6,108.0,62.0,74.3,169.5,25.9,78.3,0.5121718358427882,0.31609195402298856,0.04201680672268907,Low
78799,45,2,27.0,17.0,298.0,2.0,215.0,,,90.0,52.0,61.2,158.8,24.3,78.9,0.9888616926816932,0.22651006711409397,,Low
78801,37,1,21.0,26.0,348.0,2.0,219.0,,,116.0,80.0,82.2,187.3,23.4,91.7,0.43787999138611783,0.15086206896551724,,Low
78804,64,2,18.0,14.0,204.0,2.0,226.0,,,144.0,70.0,86.4,164.8,31.8,109.4,1.5092399543289847,0.22058823529411764,,Moderate
78806,46,2,19.0,21.0,357.0,2.0,173.0,103.0,69.6,126.0,74.0,75.5,156.6,30.8,99.2,0.5342365155917573,0.1330532212885154,0.02873563218390805,Low
78809,47,2,20.0,19.0,272.0,2.0,203.0,,,112.0,64.0,119.9,171.7,40.7,129.5,0.7928337861703236,0.1838235294117647,,Low
78810,58,2,20.0,21.0,306.0,2.0,150.0,,,124.0,82.0,119.6,173.2,39.9,131.6,0.8272312178880757,0.16339869281045752,,Low
78812,41,1,23.0,21.0,284.0,2.0,209.0,,,122.0,84.0,113.1,180.9,34.6,129.7,0.7245756003258479,0.20246478873239435,,Low
78814,42,2,27.0,20.0,232.0,2.0,191.0,133.0,57.6,106.0,70.0,62.6,153.7,26.5,90.0,1.0929746062434318,0.290948275862069,0.034722222222222224,Low
78818,43,2,16.0,8.0,303.0,2.0,154.0,76.0,77.6,100.0,64.0,51.3,157.6,20.7,80.0,0.802787896792648,0.132013201320132,0.025773195876288662,Low
78819,37,2,17.0,14.0,237.0,2.0,216.0,,,104.0,70.0,52.4,159.1,20.7,72.7,0.7093135914047044,0.1793248945147679,,Low
78820,76,1,26.0,20.0,171.0,2.0,206.0,133.0,72.6,108.0,58.0,83.7,169.1,29.3,104.8,2.583900773999757,0.38011695906432746,0.027548209366391185,Moderate
78821,38,2,23.0,33.0,237.0,2.0,195.0,,,112.0,68.0,85.4,155.5,35.3,104.2,0.6419572628914765,0.24261603375527424,,Low
78822,68,1,19.0,19.0,146.0,2.0,210.0,104.0,105.6,116.0,78.0,74.0,168.1,26.2,97.5,2.0301721106901764,0.3253424657534246,0.01893939393939394,Moderate
78823,38,2,16.0,13.0,260.0,2.0,172.0,91.0,80.6,116.0,74.0,77.2,162.7,29.2,95.0,0.6485725371248833,0.15384615384615385,0.02481389578163772,Low
78825,67,2,12.0,12.0,379.0,2.0,197.0,,,144.0,62.0,62.3,147.3,28.7,94.6,0.6123873567657773,0.07915567282321899,,Low
78827,42,2,21.0,18.0,175.0,2.0,175.0,,,126.0,88.0,129.3,153.3,55.0,156.0,1.1879393923933999,0.3,,Low
78828,29,1,30.0,40.0,304.0,2.0,174.0,,,130.0,76.0,91.1,175.7,29.5,101.4,0.4524969678201463,0.24671052631578946,,Low
78829,38,1,22.0,44.0,227.0,2.0,241.0,,,116.0,60.0,107.5,177.8,34.0,113.5,0.5552059120418731,0.24229074889867844,,Low
78832,32,1,26.0,25.0,239.0,2.0,131.0,67.0,63.6,116.0,62.0,85.9,177.2,27.4,85.7,0.6962343096234309,0.27196652719665276,0.031446540880503145,Low
78833,27,1,37.0,62.0,247.0,2.0,178.0,,,122.0,78.0,109.2,178.9,34.1,106.1,0.5136563841019851,0.3744939271255061,,Low
78834,56,2,21.0,17.0,191.0,2.0,142.0,,,114.0,68.0,57.1,169.4,19.9,79.2,1.493308351009045,0.27486910994764396,,Moderate
78836,47,1,21.0,21.0,274.0,2.0,244.0,183.0,60.6,124.0,72.0,77.3,170.5,26.6,90.8,0.78606225424425,0.19160583941605838,0.033003300330033,Low
78838,78,1,27.0,21.0,152.0,2.0,143.0,,,118.0,66.0,82.1,178.1,25.9,104.5,3.023466294980263,0.444078947368421,,High
78840,18,2,16.0,14.0,343.0,2.0,145.0,78.0,66.6,102.0,48.0,45.8,150.0,20.4,70.6,0.22440594073113188,0.11661807580174927,0.030030030030030033,Low
78844,67,2,23.0,19.0,276.0,2.0,206.0,123.0,82.6,152.0,72.0,74.0,153.0,31.6,100.4,1.2809045141106365,0.20833333333333334,0.02421307506053269,Low
78847,63,2,27.0,29.0,157.0,2.0,250.0,,,154.0,84.0,68.2,159.5,26.8,99.1,2.011896625727167,0.4299363057324841,,Moderate
78852,40,1,30.0,42.0,270.0,2.0,180.0,114.0,65.6,114.0,78.0,89.7,170.0,31.0,106.9,0.6857926664981863,0.2777777777777778,0.030487804878048783,Low
78853,65,2,18.0,15.0,264.0,2.0,179.0,,,126.0,84.0,70.2,163.1,26.4,101.1,1.1442905341067366,0.17045454545454547,,Low
78854,67,1,31.0,42.0,214.0,2.0,226.0,,,134.0,64.0,93.1,173.5,30.9,115.7,1.4976077470619853,0.3621495327102804,,Moderate
78858,77,1,26.0,26.0,214.0,2.0,130.0,,,150.0,36.0,63.7,156.2,26.1,97.4,1.8346939371338524,0.3037383177570093,,Moderate
78862,36,2,14.0,12.0,235.0,2.0,194.0,,,126.0,70.0,104.7,159.5,41.2,120.2,0.619116033343769,0.14893617021276595,,Low
78863,18,1,24.0,17.0,212.0,2.0,150.0,87.0,62.6,116.0,62.0,82.7,193.8,22.0,75.4,0.49422353780988604,0.2830188679245283,0.03194888178913738,Low
78865,61,2,23.0,22.0,189.0,2.0,230.0,,,118.0,60.0,67.2,159.6,26.4,89.4,1.5826487039519652,0.3042328042328042,,Moderate
78870,52,2,25.0,20.0,333.0,,173.0,,,166.0,88.0,94.4,166.3,34.1,110.3,0.8729394506755934,0.18768768768768768,,Low
78872,28,2,24.0,20.0,202.0,2.0,165.0,87.0,77.6,,,73.9,150.9,32.5,108.0,0.743880040039534,0.297029702970297,0.025773195876288662,Low
78874,55,2,25.0,23.0,190.0,2.0,206.0,,,124.0,74.0,129.8,182.8,38.8,131.7,1.5089858912025147,0.3289473684210526,,Moderate
78875,50,2,17.0,16.0,216.0,2.0,196.0,120.0,75.6,118.0,78.0,73.9,170.6,25.4,80.5,0.9837962962962963,0.19675925925925924,0.026455026455026457,Low
78876,66,2,18.0,17.0,202.0,2.0,179.0,73.0,105.6,120.0,60.0,46.8,154.9,19.5,82.3,1.426397636352295,0.2227722772277228,0.01893939393939394,Moderate
78880,33,1,24.0,25.0,253.0,2.0,171.0,123.0,47.6,108.0,76.0,94.0,179.7,29.1,97.8,0.6260869565217392,0.23715415019762842,0.04201680672268907,Low
78882,70,2,29.0,19.0,204.0,2.0,206.0,,,,,75.0,163.6,28.0,90.4,2.282911469398237,0.3553921568627451,,Moderate
78883,51,1,34.0,32.0,229.0,2.0,145.0,95.0,49.6,100.0,58.0,57.1,167.0,20.5,78.2,1.3385624001937482,0.37117903930131,0.04032258064516129,Moderate
78884,26,2,19.0,22.0,321.0,2.0,184.0,108.0,75.6,102.0,64.0,79.7,157.0,32.3,100.7,0.3281032831142416,0.14797507788161995,0.026455026455026457,Low
78885,61,2,18.0,13.0,218.0,2.0,225.0,,,146.0,62.0,111.6,150.3,49.4,122.5,1.3969284758149119,0.20642201834862386,,Moderate
78890,23,1,52.0,80.0,251.0,2.0,191.0,,,128.0,68.0,154.2,186.2,44.5,126.4,0.5327365141613044,0.5179282868525896,,Low
78892,62,1,27.0,26.0,164.0,2.0,203.0,,,124.0,76.0,90.9,171.1,31.1,110.2,2.0018195745202445,0.41158536585365857,,Moderate
78896,28,2,25.0,27.0,305.0,2.0,150.0,,,136.0,82.0,93.3,162.3,35.4,,0.4416887305275825,0.20491803278688525,,Low
78898,37,2,19.0,21.0,222.0,2.0,232.0,146.0,85.6,94.0,58.0,59.0,165.5,21.5,80.0,0.6910233190806425,0.21396396396396394,0.023364485981308414,Low
78899,80,1,46.0,45.0,205.0,2.0,219.0,148.0,70.6,148.0,74.0,77.1,179.3,24.0,94.0,2.6760098072192604,0.5609756097560975,0.028328611898017,High
78900,27,1,20.0,23.0,128.0,2.0,135.0,,,126.0,58.0,70.3,170.9,24.1,89.4,0.8796701843032843,0.390625,,Low
78901,44,2,16.0,11.0,112.0,2.0,136.0,,,108.0,62.0,72.3,167.9,25.6,86.4,1.8952141659173711,0.35714285714285715,,Moderate
78902,63,1,17.0,14.0,261.0,2.0,178.0,113.0,64.6,136.0,64.0,106.6,176.3,34.3,121.7,1.0966926823302932,0.16283524904214558,0.030959752321981428,Low
78903,66,1,21.0,19.0,212.0,2.0,252.0,,,144.0,76.0,80.8,158.4,32.2,111.6,1.4998594676632009,0.2476415094339623,,Moderate
78904,23,2,22.0,15.0,256.0,2.0,180.0,,,126.0,82.0,37.6,144.3,18.1,66.4,0.5103462430158732,0.21484375000000003,,Low
78905,61,1,35.0,26.0,245.0,2.0,243.0,,,120.0,70.0,74.3,172.9,24.9,97.5,1.709012034775604,0.35714285714285715,,Moderate
78907,30,1,32.0,30.0,219.0,2.0,157.0,103.0,53.6,126.0,78.0,148.6,187.8,42.1,129.0,0.8003251981810647,0.36529680365296807,0.03731343283582089,Low
78909,41,2,22.0,21.0,198.0,2.0,164.0,,,114.0,72.0,51.0,150.7,22.5,75.9,0.9941037221861875,0.2777777777777778,,Low
78910,46,1,34.0,65.0,129.0,2.0,238.0,149.0,88.6,140.0,88.0,87.9,177.6,27.9,109.3,1.503800968197845,0.6589147286821705,0.022573363431151242,Moderate
78911,56,2,40.0,43.0,271.0,2.0,237.0,,,112.0,72.0,60.5,158.9,24.0,85.7,1.260504787989057,0.36900369003690037,,Low
78912,76,2,22.0,19.0,216.0,2.0,207.0,124.0,82.6,110.0,58.0,68.9,165.6,25.1,97.2,1.7758477177387928,0.25462962962962965,0.02421307506053269,Moderate
78916,60,2,20.0,15.0,189.0,2.0,178.0,92.0,85.6,134.0,74.0,98.9,168.9,34.7,111.2,1.6393580301407056,0.26455026455026454,0.023364485981308414,Moderate
78918,67,1,31.0,28.0,182.0,2.0,188.0,111.0,76.6,126.0,76.0,74.7,170.5,25.7,90.9,2.1566818968136396,0.42582417582417587,0.026109660574412535,Moderate
78919,47,2,18.0,19.0,215.0,2.0,251.0,182.0,68.6,116.0,74.0,68.3,167.9,24.2,90.3,0.902724236532536,0.20930232558139536,0.02915451895043732,Low
78920,20,1,74.0,146.0,310.0,2.0,183.0,,,124.0,56.0,142.7,182.8,42.7,129.0,0.39511506939725954,0.5967741935483871,,Low
78921,47,1,42.0,64.0,273.0,,127.0,48.0,,112.0,68.0,56.5,170.9,19.3,66.8,0.9038461538461539,0.38461538461538464,,Low
78922,40,2,15.0,12.0,215.0,2.0,212.0,,,106.0,76.0,73.8,175.0,24.1,88.5,0.805605026776222,0.1744186046511628,,Low
78924,50,2,27.0,27.0,246.0,2.0,139.0,,,146.0,66.0,94.8,159.4,37.3,109.5,1.056128541200535,0.27439024390243905,,Low
78925,19,2,18.0,8.0,370.0,2.0,189.0,123.0,65.6,114.0,64.0,48.1,149.9,21.4,76.7,0.32679799887270167,0.12162162162162161,0.030487804878048783,Low
78926,44,1,24.0,26.0,274.0,2.0,261.0,,,,,72.9,176.2,23.5,88.2,0.7558344478318334,0.218978102189781,,Low
78928,80,2,61.0,58.0,188.0,2.0,132.0,,,228.0,66.0,45.4,149.0,20.4,81.4,3.4083797465715215,0.8111702127659574,,High
78929,71,2,18.0,20.0,272.0,2.0,178.0,87.0,90.6,166.0,72.0,68.6,157.6,27.6,98.5,1.0506231158987982,0.16544117647058823,0.02207505518763797,Low
78930,50,1,23.0,30.0,205.0,2.0,176.0,,,122.0,80.0,115.4,185.0,33.7,116.5,1.0241966522454324,0.28048780487804875,,Low
78931,28,1,22.0,21.0,200.0,2.0,202.0,145.0,56.6,114.0,62.0,106.7,177.5,33.9,119.0,0.6721111019268565,0.275,0.0353356890459364,Low
78934,20,1,20.0,20.0,185.0,2.0,196.0,132.0,63.6,120.0,80.0,71.4,178.8,22.3,79.6,0.4834741572972518,0.2702702702702703,0.031446540880503145,Low
78937,55,1,19.0,13.0,159.0,2.0,157.0,97.0,59.6,144.0,76.0,104.4,174.8,34.2,128.2,1.8228355504885674,0.29874213836477986,0.03355704697986577,Moderate
78938,65,2,23.0,22.0,237.0,2.0,209.0,146.0,62.6,,,52.0,150.4,23.0,86.4,1.3448737170955172,0.24261603375527424,0.03194888178913738,Moderate
78940,36,2,21.0,13.0,285.0,2.0,253.0,164.0,88.6,106.0,74.0,60.8,162.8,22.9,78.2,0.7357076286776723,0.1842105263157895,0.022573363431151242,Low
78942,58,2,24.0,21.0,221.0,2.0,227.0,,,,,67.7,163.7,25.3,88.1,1.3744764851063411,0.27149321266968324,,Moderate
78944,56,2,19.0,11.0,236.0,2.0,168.0,,,120.0,74.0,67.8,156.6,27.6,98.9,1.3593562314861884,0.20127118644067796,,Moderate
78946,20,1,26.0,47.0,171.0,2.0,128.0,,,114.0,52.0,110.8,188.9,31.1,105.6,0.4435660560169893,0.38011695906432746,,Low
78947,80,2,22.0,16.0,157.0,2.0,112.0,52.0,59.6,136.0,76.0,66.7,148.9,30.1,101.5,2.8025477707006368,0.35031847133757965,0.03355704697986577,High
78949,43,1,88.0,87.0,320.0,2.0,169.0,77.0,91.6,122.0,78.0,73.2,177.4,23.3,88.5,1.2677730724456922,0.6875000000000001,0.02183406113537118,Low
78950,73,2,19.0,17.0,217.0,2.0,161.0,,,120.0,56.0,84.6,165.5,30.9,117.7,1.55021618398799,0.21889400921658986,,Moderate
78951,80,2,22.0,16.0,235.0,2.0,156.0,,,112.0,48.0,79.2,164.8,29.2,110.7,1.872340425531915,0.23404255319148937,,Moderate
78952,44,2,22.0,21.0,286.0,2.0,198.0,101.0,96.6,116.0,68.0,79.2,164.8,29.2,102.0,0.7385836284910511,0.19230769230769232,0.020703933747412008,Low
78953,63,1,40.0,39.0,284.0,2.0,82.0,23.0,58.6,126.0,0.0,75.9,163.5,28.4,97.6,1.420855449256407,0.35211267605633806,0.034129692832764506,Moderate
78957,19,1,29.0,25.0,218.0,2.0,166.0,105.0,60.6,110.0,58.0,103.4,182.1,31.2,102.7,0.5055045871559632,0.3325688073394495,0.033003300330033,Low
78959,39,2,22.0,17.0,156.0,2.0,129.0,58.0,70.6,106.0,76.0,61.8,164.2,22.9,79.0,1.3339459376998313,0.3525641025641026,0.028328611898017,Moderate
78962,52,2,17.0,14.0,243.0,2.0,166.0,,,126.0,76.0,81.6,160.7,31.6,97.5,0.9722590035003422,0.1748971193415638,,Low
78963,52,1,22.0,15.0,194.0,2.0,150.0,,,126.0,80.0,82.6,171.5,28.1,98.8,1.5225748962409913,0.2835051546391753,,Moderate
78964,35,1,35.0,52.0,244.0,2.0,253.0,174.0,78.6,138.0,72.0,106.2,187.0,30.4,109.3,0.6962169471064608,0.35860655737704916,0.025445292620865142,Low
78966,18,2,21.0,15.0,175.0,2.0,167.0,90.0,76.6,100.0,52.0,56.6,165.0,20.8,73.2,0.557709601853868,0.3,0.026109660574412535,Low
78967,41,2,14.0,15.0,249.0,2.0,177.0,108.0,68.6,106.0,64.0,85.9,162.6,32.5,94.8,0.5952054727504839,0.14056224899598393,0.02915451895043732,Low
78968,63,2,22.0,38.0,245.0,2.0,252.0,172.0,79.6,132.0,76.0,68.6,165.7,25.0,102.5,0.9177097538254567,0.22448979591836735,0.02512562814070352,Low
78969,20,2,24.0,28.0,182.0,2.0,194.0,,,104.0,68.0,88.1,153.8,37.2,105.7,0.4984146896824974,0.32967032967032966,,Low
78970,45,2,24.0,17.0,308.0,2.0,238.0,,,112.0,68.0,60.2,162.8,22.7,75.0,0.8504495942832455,0.19480519480519481,,Low
78973,27,2,22.0,20.0,201.0,2.0,186.0,115.0,70.6,102.0,60.0,51.6,154.2,21.7,76.5,0.6608081485745647,0.27363184079601993,0.028328611898017,Low
78974,54,1,29.0,30.0,120.0,2.0,177.0,105.0,71.6,106.0,72.0,88.6,174.4,29.1,109.3,2.382593125147473,0.6041666666666666,0.02793296089385475,Moderate
78975,48,1,39.0,33.0,208.0,2.0,203.0,128.0,74.6,,,84.9,184.7,24.9,,1.5666989036012806,0.46875,0.02680965147453083,Moderate
78976,22,2,28.0,34.0,229.0,2.0,254.0,,,116.0,78.0,72.3,162.9,27.2,89.9,0.46132370501216347,0.3056768558951965,,Low
78977,24,2,17.0,13.0,217.0,2.0,164.0,83.0,80.6,100.0,58.0,51.3,165.4,18.8,71.3,0.5214693088937639,0.195852534562212,0.02481389578163772,Low
78978,71,2,36.0,29.0,227.0,2.0,173.0,94.0,78.6,130.0,66.0,80.3,164.1,29.8,109.0,2.0909131470508573,0.39647577092511016,0.025445292620865142,Moderate
78979,48,2,26.0,17.0,370.0,2.0,179.0,,,116.0,84.0,57.4,169.7,19.9,75.0,0.8180661082306583,0.17567567567567569,,Low
78980,68,2,17.0,12.0,403.0,2.0,324.0,,,136.0,64.0,48.3,147.5,22.2,91.5,0.8280606838501332,0.1054590570719603,,Low
78981,71,2,27.0,11.0,239.0,2.0,170.0,97.0,72.6,138.0,94.0,78.7,155.0,32.8,116.6,2.4183985253371247,0.28242677824267787,0.027548209366391185,Moderate
78983,52,1,17.0,16.0,237.0,2.0,195.0,,,106.0,72.0,77.1,172.0,26.1,93.1,0.9324894514767933,0.1793248945147679,,Low
78987,30,1,31.0,37.0,154.0,2.0,132.0,,,110.0,52.0,74.3,173.2,24.8,85.0,0.9927990791817031,0.5032467532467533,,Low
78989,68,1,24.0,21.0,158.0,2.0,195.0,,,138.0,82.0,152.9,172.8,51.2,141.9,2.253997448513542,0.37974683544303794,,Moderate
78990,75,1,20.0,17.0,253.0,2.0,160.0,,,,,69.4,163.0,26.1,97.3,1.4379582512035551,0.1976284584980237,,Moderate
78991,61,1,39.0,37.0,223.0,2.0,152.0,,,114.0,64.0,87.4,167.0,31.3,100.8,1.7538349363203811,0.437219730941704,,Moderate
78992,19,2,26.0,16.0,172.0,2.0,114.0,57.0,56.6,108.0,70.0,49.9,159.1,19.7,74.6,0.7180232558139535,0.37790697674418605,0.0353356890459364,Low
78994,54,2,22.0,17.0,401.0,2.0,224.0,,,,,108.2,157.6,43.6,123.9,0.7185344701824528,0.1371571072319202,,Low
78997,74,2,28.0,28.0,66.0,2.0,184.0,,,146.0,52.0,69.2,162.3,26.3,,5.932896879356961,1.0606060606060606,,High
78999,23,1,26.0,23.0,163.0,2.0,152.0,,,106.0,74.0,72.6,178.4,22.8,78.3,0.764979261387305,0.39877300613496935,,Low
79000,36,1,36.0,44.0,178.0,2.0,150.0,64.0,85.6,120.0,62.0,71.6,163.5,26.8,94.7,1.0976368049797238,0.5056179775280899,0.023364485981308414,Low
79001,28,1,24.0,46.0,203.0,2.0,115.0,,,118.0,64.0,105.0,180.9,32.1,119.2,0.488083716926556,0.29556650246305416,,Low
79002,43,2,25.0,24.0,186.0,2.0,201.0,120.0,80.6,144.0,80.0,73.7,169.6,25.6,89.7,1.1797497641092816,0.33602150537634407,0.02481389578163772,Low
79005,44,1,23.0,22.0,213.0,2.0,150.0,89.0,60.6,104.0,66.0,92.9,182.3,28.0,93.4,1.0129536382717266,0.26995305164319244,0.033003300330033,Low
79006,52,2,17.0,19.0,246.0,2.0,203.0,115.0,87.6,138.0,74.0,89.6,156.1,36.8,99.6,0.8244045070795797,0.17276422764227642,0.022831050228310504,Low
79007,52,2,17.0,18.0,281.0,2.0,222.0,,,144.0,82.0,49.6,156.2,20.3,78.6,0.7414975024542207,0.15124555160142347,,Low
79011,80,2,15.0,13.0,186.0,2.0,167.0,,,130.0,64.0,70.9,158.7,28.2,107.8,1.7893554716942874,0.20161290322580644,,Moderate
79014,54,2,22.0,19.0,253.0,2.0,179.0,,,106.0,68.0,80.4,158.7,31.9,105.0,1.0772564894791594,0.21739130434782608,,Low
79015,64,1,15.0,17.0,193.0,2.0,155.0,,,126.0,64.0,102.9,172.6,34.5,127.5,1.2063948188335734,0.19430051813471502,,Low
79016,80,1,17.0,20.0,424.0,2.0,160.0,104.0,55.6,110.0,50.0,80.8,170.1,27.9,111.1,0.7172293512735174,0.10023584905660378,0.03597122302158273,Low
79017,61,1,23.0,25.0,229.0,2.0,208.0,,,118.0,70.0,81.6,158.6,32.4,108.3,1.2253275109170305,0.25109170305676853,,Low
79018,18,2,22.0,12.0,277.0,2.0,158.0,73.0,84.6,104.0,60.0,66.4,169.5,23.1,77.5,0.4126908061355448,0.19855595667870035,0.023640661938534282,Low
79019,45,2,15.0,18.0,293.0,2.0,198.0,126.0,71.6,124.0,72.0,99.3,165.1,36.4,115.4,0.5430000879418881,0.12798634812286688,0.02793296089385475,Low
79022,44,1,28.0,35.0,237.0,2.0,214.0,137.0,76.6,146.0,48.0,90.1,170.0,31.2,98.4,0.8786751407810399,0.29535864978902954,0.026109660574412535,Low
79023,42,2,24.0,28.0,219.0,2.0,195.0,,,112.0,80.0,89.9,163.0,33.8,107.2,0.86983604747329,0.273972602739726,,Low
79024,32,1,30.0,34.0,257.0,2.0,248.0,,,124.0,80.0,79.9,179.5,24.8,86.3,0.640617283022601,0.2918287937743191,,Low
79025,54,2,19.0,21.0,318.0,2.0,156.0,,,128.0,86.0,91.7,162.9,34.6,108.2,0.7040614949123528,0.14937106918238993,,Low
79026,23,1,23.0,20.0,281.0,2.0,164.0,107.0,56.6,116.0,66.0,68.3,179.0,21.3,78.5,0.42095372245458673,0.2046263345195729,0.0353356890459364,Low
79027,48,2,13.0,18.0,237.0,2.0,180.0,98.0,81.6,140.0,84.0,130.2,168.5,45.9,133.6,0.6205831666109785,0.13713080168776373,0.02450980392156863,Low
79029,52,1,23.0,21.0,268.0,2.0,225.0,,,140.0,96.0,79.6,175.5,25.8,99.2,0.9738380474710706,0.21455223880597016,,Low
79031,68,1,25.0,24.0,164.0,2.0,249.0,,,128.0,90.0,82.4,180.6,25.3,95.8,2.1159210176480707,0.38109756097560976,,Moderate
79032,33,1,27.0,23.0,128.0,2.0,169.0,98.0,70.6,,,86.6,162.3,32.9,106.2,1.451455804100419,0.52734375,0.028328611898017,Moderate
79033,41,1,16.0,13.0,306.0,2.0,159.0,87.0,71.6,122.0,74.0,71.0,168.6,25.0,87.1,0.5945806024897882,0.13071895424836602,0.02793296089385475,Low
79037,22,2,22.0,17.0,221.0,2.0,195.0,,,104.0,68.0,64.1,153.2,27.3,90.4,0.5311639932922405,0.24886877828054302,,Low
79039,34,2,18.0,18.0,303.0,2.0,195.0,,,114.0,76.0,103.3,157.9,41.4,133.5,0.4760718922840122,0.1485148514851485,,Low
79040,58,2,23.0,17.0,355.0,2.0,245.0,140.0,104.6,,,82.3,150.5,36.3,108.7,0.9113873909816005,0.1619718309859155,0.019120458891013385,Low
79041,52,2,22.0,19.0,215.0,2.0,226.0,,,104.0,68.0,61.0,166.5,22.0,84.3,1.2207051141763843,0.2558139534883721,,Low
79042,65,1,29.0,37.0,172.0,2.0,182.0,,,128.0,80.0,106.3,173.3,35.4,118.0,1.8016982038988287,0.4215116279069767,,Moderate
79044,31,1,25.0,36.0,228.0,2.0,182.0,99.0,82.6,110.0,64.0,81.1,173.0,27.1,93.4,0.5665204678362573,0.2741228070175438,0.02421307506053269,Low
79048,80,1,33.0,39.0,213.0,2.0,111.0,53.0,57.6,,,119.0,185.0,34.8,132.1,1.984686976739108,0.3873239436619718,0.034722222222222224,Moderate
79049,21,2,20.0,12.0,265.0,2.0,115.0,,,,,54.2,161.9,20.7,75.1,0.45752285482951477,0.18867924528301888,,Low
79050,74,2,23.0,17.0,173.0,2.0,166.0,,,162.0,76.0,88.4,154.7,36.9,104.9,2.3861019295482007,0.33236994219653176,,Moderate
79057,35,2,26.0,18.0,291.0,2.0,194.0,,,108.0,56.0,68.4,153.0,29.2,93.3,0.7370757971131252,0.2233676975945017,,Low
79059,18,1,24.0,22.0,279.0,2.0,149.0,,,120.0,62.0,67.9,171.0,23.2,76.0,0.33011723822804195,0.21505376344086022,,Low
79060,31,2,17.0,17.0,219.0,2.0,133.0,75.0,57.6,108.0,62.0,77.4,170.2,26.7,90.0,0.5836359561376597,0.19406392694063926,0.034722222222222224,Low
79063,51,2,27.0,38.0,230.0,2.0,182.0,101.0,80.6,106.0,72.0,114.8,165.9,41.7,126.7,0.9712125952046088,0.29347826086956524,0.02481389578163772,Low
79064,48,1,40.0,44.0,249.0,2.0,149.0,,,124.0,82.0,81.1,170.1,28.0,102.0,1.1624533766853538,0.4016064257028112,,Low
79067,26,1,18.0,31.0,221.0,2.0,172.0,,,118.0,66.0,92.0,171.4,31.3,109.2,0.3803406395861116,0.20361990950226247,,Low
79068,36,2,33.0,31.0,254.0,2.0,193.0,,,124.0,76.0,89.3,154.7,37.3,106.5,0.8400436960937347,0.3248031496062992,,Low
79069,30,1,20.0,16.0,260.0,2.0,204.0,,,122.0,68.0,89.1,169.1,31.2,102.2,0.5769230769230769,0.19230769230769232,,Low
79072,53,2,26.0,26.0,256.0,2.0,232.0,133.0,98.6,96.0,62.0,60.2,163.4,22.5,82.2,1.0556563836735062,0.25390625,0.02028397565922921,Low
79075,27,1,55.0,87.0,291.0,2.0,197.0,,,102.0,66.0,106.0,178.0,33.5,115.8,0.5471089739636169,0.4725085910652921,,Low
79076,19,2,16.0,13.0,270.0,2.0,110.0,59.0,50.6,112.0,60.0,57.3,156.3,23.5,70.3,0.312275666023092,0.14814814814814817,0.039525691699604744,Low
79077,80,1,25.0,21.0,148.0,2.0,152.0,82.0,69.6,110.0,74.0,86.1,183.1,25.7,104.9,2.9488904085944916,0.4222972972972973,0.02873563218390805,High
79078,60,2,18.0,14.0,282.0,2.0,156.0,85.0,70.6,,,111.6,155.8,46.0,129.8,1.0235536924305615,0.1595744680851064,0.028328611898017,Low
79080,76,2,17.0,21.0,281.0,2.0,218.0,142.0,75.6,168.0,76.0,50.7,150.8,22.3,80.6,1.0033363494124632,0.15124555160142347,0.026455026455026457,Low
79081,27,2,28.0,21.0,210.0,2.0,158.0,98.0,59.6,108.0,76.0,50.8,161.0,19.6,72.3,0.7855844048495726,0.3333333333333333,0.03355704697986577,Low
79084,42,2,23.0,25.0,235.0,2.0,187.0,122.0,64.6,136.0,88.0,92.6,167.3,33.1,114.9,0.8221276595744681,0.24468085106382978,0.030959752321981428,Low
79086,39,2,15.0,15.0,293.0,2.0,188.0,,,114.0,72.0,86.5,166.8,31.1,100.4,0.5155165546146391,0.12798634812286688,,Low
79088,46,2,29.0,44.0,344.0,2.0,194.0,122.0,71.6,82.0,58.0,66.8,167.1,23.9,89.4,0.584616473352815,0.21075581395348836,0.02793296089385475,Low
79089,55,2,40.0,45.0,187.0,2.0,237.0,118.0,118.6,146.0,62.0,51.1,166.8,18.4,77.5,1.753778805882188,0.53475935828877,0.016863406408094434,Moderate
79091,38,2,17.0,16.0,337.0,2.0,172.0,109.0,62.6,100.0,64.0,68.7,155.9,28.3,97.0,0.4792284866468843,0.1261127596439169,0.03194888178913738,Low
79092,36,2,21.0,23.0,210.0,2.0,159.0,,,106.0,72.0,55.5,162.5,21.0,80.3,0.7506518906054692,0.25,,Low
79095,80,2,26.0,20.0,203.0,2.0,240.0,156.0,83.6,,,62.2,145.2,29.5,102.1,2.2911435434480603,0.32019704433497537,0.023923444976076555,Moderate
79096,44,1,19.0,10.0,182.0,2.0,198.0,112.0,85.6,,,57.1,166.0,20.7,70.4,1.4525627054399808,0.26098901098901095,0.023364485981308414,Moderate
79099,34,1,23.0,19.0,314.0,2.0,172.0,,,126.0,68.0,70.4,171.3,24.0,91.5,0.5713474646075773,0.18312101910828024,,Low
79100,28,2,21.0,55.0,308.0,2.0,129.0,,,106.0,78.0,59.7,157.4,24.1,84.0,0.25742176566778335,0.17045454545454547,,Low
79106,78,1,20.0,10.0,274.0,2.0,193.0,108.0,84.6,156.0,42.0,72.3,166.4,26.1,93.7,1.8004208576141136,0.18248175182481752,0.023640661938534282,Moderate
79110,35,2,21.0,19.0,184.0,2.0,180.0,84.0,95.6,98.0,48.0,69.6,175.5,22.6,88.2,0.9164161108416461,0.28532608695652173,0.020920502092050212,Low
79112,22,2,24.0,22.0,289.0,2.0,196.0,129.0,66.6,106.0,52.0,95.9,162.4,36.4,105.8,0.38951549562547505,0.2076124567474048,0.030030030030030033,Low
79113,66,1,18.0,20.0,160.0,2.0,177.0,97.0,79.6,134.0,56.0,138.5,177.9,43.8,135.0,1.6602804732935939,0.28125,0.02512562814070352,Moderate
79114,28,1,19.0,23.0,196.0,2.0,181.0,,,132.0,68.0,136.2,188.9,38.2,131.9,0.5659676952977744,0.2423469387755102,,Low
79119,56,2,16.0,10.0,515.0,2.0,300.0,,,,,99.6,167.5,35.5,,0.5501749094195859,0.07766990291262137,,Low
79121,62,2,20.0,18.0,190.0,2.0,289.0,201.0,87.6,144.0,72.0,60.0,158.0,24.0,90.0,1.538267383633893,0.2631578947368421,0.022831050228310504,Moderate
79125,48,2,23.0,27.0,229.0,2.0,191.0,,,118.0,72.0,96.9,174.1,32.0,102.1,0.9277943190470841,0.25109170305676853,,Low
79127,27,2,17.0,20.0,308.0,2.0,165.0,,,,,74.7,167.0,26.8,103.1,0.3332322083351959,0.137987012987013,,Low
79128,64,2,30.0,38.0,239.0,2.0,199.0,,,138.0,56.0,99.7,160.7,38.6,119.1,1.3032013747743267,0.3138075313807531,,Moderate
79130,47,2,19.0,21.0,213.0,2.0,264.0,170.0,93.6,96.0,56.0,84.3,161.1,32.5,,0.914875943571555,0.22300469483568075,0.021367521367521368,Low
79132,28,2,20.0,16.0,196.0,,156.0,,,108.0,64.0,48.3,157.8,19.4,73.2,0.7142857142857143,0.25510204081632654,,Low
79135,60,1,26.0,30.0,276.0,2.0,333.0,,,190.0,68.0,72.3,161.9,27.6,99.2,1.031941050372052,0.2355072463768116,,Low
79136,67,2,17.0,12.0,218.0,2.0,145.0,76.0,68.6,96.0,56.0,94.8,156.9,38.5,120.8,1.5082613683646418,0.19495412844036697,0.02915451895043732,Moderate
79137,25,1,20.0,26.0,266.0,2.0,186.0,,,130.0,70.0,106.2,171.0,36.3,118.6,0.3686393517635038,0.18796992481203006,,Low
79138,60,2,18.0,20.0,355.0,2.0,187.0,112.0,74.6,156.0,76.0,113.9,170.4,39.2,120.0,0.6802685678027529,0.1267605633802817,0.02680965147453083,Low
79142,49,2,19.0,12.0,238.0,2.0,228.0,,,110.0,60.0,63.3,161.1,24.4,80.2,1.129229202973827,0.1995798319327731,,Low
79146,26,2,21.0,26.0,256.0,2.0,178.0,104.0,73.6,108.0,70.0,53.6,155.3,22.2,75.0,0.41827894447440817,0.205078125,0.027173913043478264,Low
79147,38,2,22.0,20.0,247.0,2.0,346.0,,,134.0,88.0,107.0,161.2,41.2,115.9,0.7568230077691596,0.22267206477732795,,Low
79148,33,1,24.0,25.0,188.0,2.0,291.0,207.0,83.6,116.0,74.0,98.4,170.6,33.8,106.4,0.8425531914893617,0.3191489361702127,0.023923444976076555,Low
79152,53,1,16.0,20.0,207.0,2.0,160.0,99.0,60.6,,,88.1,175.9,28.5,103.9,0.9160317125216529,0.19323671497584544,0.033003300330033,Low
79153,29,2,29.0,32.0,180.0,2.0,169.0,88.0,80.6,118.0,66.0,87.5,162.8,33.0,104.8,0.8259400041359534,0.4027777777777778,0.02481389578163772,Low
79154,71,1,30.0,22.0,205.0,2.0,204.0,,,136.0,0.0,72.8,175.2,23.7,89.3,2.2152074431095135,0.3658536585365854,,Moderate
79155,30,2,23.0,25.0,257.0,2.0,172.0,113.0,58.6,,,100.0,162.3,38.0,123.3,0.5369649805447471,0.22373540856031127,0.034129692832764506,Low
79161,55,2,23.0,24.0,206.0,2.0,177.0,68.0,108.6,152.0,72.0,72.0,161.8,27.5,97.1,1.2534807947494824,0.279126213592233,0.01841620626151013,Low
79162,80,1,30.0,25.0,238.0,2.0,150.0,,,138.0,54.0,83.6,173.9,27.6,103.5,2.0168067226890756,0.31512605042016806,,Moderate
79163,19,1,18.0,23.0,210.0,2.0,171.0,98.0,72.6,,,88.7,176.4,28.5,,0.33958061717866467,0.2142857142857143,0.027548209366391185,Low
79164,33,1,31.0,39.0,270.0,2.0,201.0,119.0,81.6,,,155.8,176.1,50.2,153.5,0.6067077827503856,0.28703703703703703,0.02450980392156863,Low
79165,65,2,18.0,13.0,147.0,2.0,205.0,,,118.0,74.0,54.3,157.9,21.8,66.5,2.2074803727330545,0.30612244897959184,,Moderate
79166,19,1,22.0,17.0,242.0,2.0,138.0,53.0,84.6,110.0,36.0,76.7,170.9,26.3,91.4,0.41892517051730244,0.2272727272727273,0.023640661938534282,Low
79169,32,2,19.0,31.0,324.0,2.0,188.0,110.0,77.6,116.0,78.0,91.9,170.6,31.6,118.2,0.3370371099761702,0.14660493827160492,0.025773195876288662,Low
79171,74,2,27.0,27.0,245.0,2.0,311.0,208.0,102.6,152.0,86.0,73.1,165.8,26.6,93.5,1.5694501195113906,0.2755102040816327,0.019493177387914232,Moderate
79173,51,1,24.0,24.0,303.0,2.0,278.0,,,116.0,72.0,86.0,173.7,28.5,99.3,0.824580705491367,0.19801980198019803,,Low
79175,21,1,41.0,58.0,191.0,2.0,166.0,84.0,81.6,118.0,54.0,82.9,188.2,23.4,91.8,0.5919101502210529,0.5366492146596858,0.02450980392156863,Low
79176,55,1,18.0,21.0,218.0,2.0,174.0,106.0,67.6,134.0,66.0,99.8,182.2,30.1,105.7,0.9909895015304241,0.20642201834862386,0.02958579881656805,Low
79177,43,1,21.0,26.0,250.0,2.0,259.0,175.0,83.6,132.0,90.0,77.8,170.55,26.7,94.2,0.7083714801191208,0.21000000000000002,0.023923444976076555,Low
79178,80,1,23.0,20.0,119.0,2.0,220.0,,,146.0,74.0,67.6,159.0,26.7,96.1,3.457449645882028,0.4831932773109243,,High
79179,80,2,19.0,15.0,198.0,2.0,176.0,92.0,83.6,152.0,48.0,60.8,158.6,24.2,97.2,1.9821328909883074,0.2398989898989899,0.023923444976076555,Moderate
79180,69,2,28.0,18.0,190.0,2.0,131.0,,,,,57.3,148.8,25.9,88.0,2.396719826758614,0.3684210526315789,,Moderate
79181,34,2,13.0,11.0,193.0,2.0,206.0,134.0,71.6,100.0,58.0,78.4,155.9,32.3,104.4,0.6905078461314587,0.1683937823834197,0.02793296089385475,Low
79184,80,1,62.0,34.0,219.0,2.0,163.0,110.0,52.6,128.0,74.0,107.3,181.6,32.5,119.8,3.8841688689810216,0.7077625570776256,0.03802281368821293,High
79185,79,1,22.0,13.0,297.0,2.0,180.0,,,,,63.3,182.0,19.1,81.0,1.6230116852515966,0.1851851851851852,,Moderate
79186,80,2,14.0,20.0,335.0,2.0,111.0,56.0,54.6,144.0,36.0,56.4,161.6,21.6,87.8,0.7475809357611236,0.1044776119402985,0.03663003663003663,Low
79187,52,2,15.0,10.0,155.0,2.0,240.0,146.0,93.6,110.0,68.0,81.5,157.6,32.8,109.1,1.591339725762152,0.24193548387096775,0.021367521367521368,Moderate
79188,55,2,20.0,15.0,235.0,2.0,159.0,,,116.0,84.0,100.4,173.7,33.3,110.0,1.208590547752669,0.2127659574468085,,Low
79189,74,1,30.0,30.0,134.0,2.0,164.0,97.0,66.6,126.0,72.0,78.5,187.2,22.4,85.7,3.0247365115956932,0.5597014925373134,0.030030030030030033,High
79190,41,1,53.0,54.0,201.0,2.0,330.0,244.0,85.6,108.0,68.0,125.6,165.5,45.9,126.4,1.4711833087528596,0.6592039800995024,0.023364485981308414,Moderate
79191,60,2,18.0,20.0,244.0,2.0,248.0,,,122.0,76.0,64.9,167.5,23.1,87.5,0.9897350064343331,0.18442622950819673,,Low
79193,20,1,26.0,24.0,204.0,2.0,179.0,,,118.0,74.0,93.1,181.5,28.3,89.4,0.5203164486304137,0.31862745098039214,,Low
79195,66,2,28.0,26.0,228.0,2.0,163.0,,,144.0,92.0,79.6,172.1,26.9,94.2,1.5895728848042285,0.30701754385964913,,Moderate
79198,46,1,25.0,24.0,279.0,2.0,164.0,,,104.0,72.0,94.0,184.3,27.7,103.9,0.8413719247911157,0.2240143369175627,,Low
79199,80,2,15.0,16.0,197.0,2.0,160.0,81.0,78.6,196.0,64.0,77.1,153.7,32.6,117.1,1.5228426395939085,0.1903553299492386,0.025445292620865142,Moderate
79200,80,2,19.0,14.0,199.0,2.0,229.0,132.0,96.6,144.0,0.0,68.1,158.3,27.2,96.5,2.0413924005371107,0.2386934673366834,0.020703933747412008,Moderate
79201,75,1,17.0,17.0,633.0,2.0,161.0,101.0,59.6,134.0,56.0,79.7,170.3,27.5,99.8,0.4885196238883484,0.06714060031595576,0.03355704697986577,Low
79202,23,2,17.0,14.0,346.0,2.0,248.0,162.0,85.6,124.0,82.0,81.7,160.2,31.8,92.4,0.3020206519877397,0.12283236994219654,0.023364485981308414,Low
79204,80,2,29.0,21.0,245.0,2.0,190.0,,,134.0,68.0,75.5,158.3,30.1,100.0,2.066389817744908,0.29591836734693877,,Moderate
79205,20,1,22.0,15.0,172.0,2.0,165.0,,,114.0,48.0,69.4,177.7,22.0,73.3,0.660508787725296,0.31976744186046513,,Low
79206,72,1,18.0,11.0,131.0,2.0,168.0,89.0,78.6,136.0,72.0,90.5,178.6,28.4,,2.982890859334211,0.3435114503816794,0.025445292620865142,High
79207,25,2,58.0,87.0,284.0,2.0,232.0,,,116.0,58.0,93.6,160.4,36.4,107.9,0.5473813998291558,0.5105633802816901,,Low
79208,52,2,18.0,16.0,167.0,2.0,217.0,,,,,62.6,168.2,22.1,80.9,1.401197604790419,0.2694610778443114,,Moderate
79210,25,1,27.0,16.0,186.0,2.0,155.0,92.0,62.6,120.0,58.0,59.1,168.8,20.7,72.1,0.907258064516129,0.3629032258064516,0.03194888178913738,Low
79211,39,2,18.0,16.0,229.0,2.0,230.0,,,98.0,58.0,49.3,157.3,19.9,78.3,0.7663755458515283,0.19650655021834063,,Low
79213,31,2,17.0,10.0,269.0,2.0,126.0,63.0,62.6,136.0,88.0,96.0,168.1,34.0,95.3,0.6195242850961843,0.1579925650557621,0.03194888178913738,Low
79214,80,2,19.0,13.0,220.0,2.0,256.0,,,156.0,56.0,77.3,152.7,33.2,116.8,1.916237041505337,0.2159090909090909,,Moderate
79215,28,2,15.0,9.0,201.0,2.0,258.0,,,,,140.6,171.7,47.7,145.2,0.6965174129353234,0.18656716417910446,,Low
79216,80,2,26.0,14.0,241.0,2.0,209.0,,,158.0,66.0,53.8,152.3,23.2,82.3,2.3066530422317126,0.2697095435684647,,Moderate
79217,33,1,27.0,22.0,166.0,2.0,187.0,130.0,56.6,126.0,64.0,91.7,182.2,27.6,96.7,1.1443484233304149,0.40662650602409645,0.0353356890459364,Low
79219,23,1,24.0,23.0,242.0,2.0,171.0,,,134.0,78.0,93.0,169.6,32.3,104.1,0.4756196552045672,0.24793388429752064,,Low
79220,55,1,19.0,18.0,284.0,2.0,223.0,,,126.0,80.0,105.7,182.0,31.9,115.6,0.8672847257511058,0.16725352112676056,,Low
79223,21,2,16.0,14.0,465.0,2.0,200.0,96.0,103.6,126.0,68.0,97.1,161.7,37.1,115.2,0.1931178006076873,0.08602150537634409,0.019305019305019305,Low
79224,19,2,17.0,12.0,222.0,2.0,146.0,60.0,85.6,96.0,62.0,45.3,157.6,18.2,70.8,0.4200093174510116,0.19144144144144143,0.023364485981308414,Low
79225,71,2,31.0,24.0,188.0,2.0,175.0,,,130.0,56.0,93.9,157.3,37.9,110.2,2.3897725726355388,0.41223404255319146,,Moderate
79226,24,1,23.0,15.0,242.0,2.0,139.0,68.0,70.6,122.0,82.0,65.0,171.4,22.1,77.4,0.5889495336381526,0.23760330578512395,0.028328611898017,Low
79228,42,1,40.0,42.0,193.0,2.0,181.0,102.0,78.6,132.0,80.0,62.3,181.2,19.0,79.0,1.343158693970541,0.5181347150259068,0.025445292620865142,Moderate
79231,52,1,29.0,19.0,217.0,2.0,204.0,139.0,64.6,118.0,72.0,103.1,190.3,28.5,106.3,1.5942807680958853,0.33410138248847926,0.030959752321981428,Moderate
79234,30,2,23.0,21.0,239.0,2.0,190.0,81.0,108.6,126.0,72.0,49.9,169.5,17.4,73.8,0.630001440430271,0.24058577405857737,0.01841620626151013,Low
79241,47,1,19.0,33.0,233.0,2.0,235.0,,,118.0,74.0,108.4,173.5,36.0,118.2,0.6671731620963012,0.20386266094420602,,Low
79245,75,2,31.0,9.0,246.0,2.0,116.0,,,166.0,50.0,73.0,152.9,31.2,104.7,3.1504065040650406,0.3150406504065041,,High
79246,30,2,22.0,19.0,235.0,2.0,168.0,98.0,69.6,92.0,58.0,64.0,164.7,23.6,86.4,0.6443165291683861,0.23404255319148937,0.02873563218390805,Low
79247,51,1,19.0,13.0,189.0,2.0,223.0,,,120.0,74.0,102.1,178.5,32.0,107.0,1.4219695506408654,0.25132275132275134,,Moderate
79253,26,2,19.0,13.0,226.0,2.0,138.0,,,100.0,66.0,61.4,171.9,20.8,81.2,0.6062431348125291,0.21017699115044247,,Low
79254,29,2,13.0,12.0,267.0,2.0,176.0,94.0,81.6,100.0,48.0,79.0,155.1,32.8,98.5,0.40760496532675833,0.12172284644194756,0.02450980392156863,Low
79256,23,2,14.0,12.0,196.0,2.0,136.0,,,,,47.4,155.3,19.7,,0.4742520068343355,0.17857142857142858,,Low
79257,46,2,22.0,19.0,209.0,2.0,179.0,109.0,69.6,114.0,72.0,53.2,154.0,22.4,83.0,1.110855132425878,0.26315789473684215,0.02873563218390805,Low
79258,59,2,38.0,41.0,263.0,2.0,204.0,,,126.0,56.0,80.8,151.7,35.1,114.1,1.3313367838564822,0.3612167300380228,,Moderate
79259,59,1,23.0,27.0,191.0,2.0,238.0,,,,,72.4,167.2,25.9,89.5,1.3673024699656582,0.3010471204188481,,Moderate
79263,46,1,91.0,144.0,199.0,2.0,235.0,123.0,111.6,132.0,98.0,126.8,178.1,40.0,126.2,1.752931323283082,1.1432160804020102,0.01792114695340502,Moderate
79266,58,2,13.0,12.0,218.0,2.0,286.0,,,166.0,76.0,65.5,167.3,23.4,97.5,0.9984451902958207,0.14908256880733944,,Low
79267,65,1,30.0,27.0,275.0,2.0,173.0,,,132.0,70.0,109.8,179.5,34.1,123.6,1.3646460908118427,0.27272727272727276,,Moderate
79268,55,2,17.0,16.0,223.0,2.0,203.0,117.0,85.6,128.0,64.0,76.4,170.5,26.3,96.6,1.048206278026906,0.1905829596412556,0.023364485981308414,Low
79269,40,2,19.0,18.0,356.0,2.0,128.0,77.0,50.6,108.0,74.0,83.6,157.5,33.7,109.2,0.5031846008443597,0.13342696629213482,0.039525691699604744,Low
79270,66,2,26.0,19.0,165.0,2.0,133.0,57.0,75.6,138.0,70.0,98.1,153.9,41.4,115.5,2.385923632253842,0.393939393939394,0.026455026455026457,Moderate
79271,49,2,19.0,16.0,248.0,2.0,182.0,,,106.0,60.0,62.5,169.1,21.9,81.5,0.938508064516129,0.19153225806451613,,Low
79272,28,2,19.0,14.0,214.0,2.0,184.0,103.0,80.6,104.0,68.0,55.3,164.0,20.6,79.1,0.664406451857055,0.22196261682242988,0.02481389578163772,Low
79273,48,2,15.0,13.0,215.0,2.0,203.0,117.0,85.6,96.0,62.0,56.2,156.6,22.9,,0.9288003285631744,0.1744186046511628,0.023364485981308414,Low
79274,44,2,19.0,21.0,261.0,2.0,193.0,,,138.0,76.0,158.8,167.7,56.5,,0.6989661158516843,0.18199233716475094,,Low
79276,26,2,23.0,13.0,203.0,2.0,150.0,81.0,68.6,108.0,64.0,43.6,160.4,16.9,68.7,0.8170214712874064,0.2832512315270936,0.02915451895043732,Low
79279,49,2,17.0,15.0,273.0,2.0,231.0,,,138.0,82.0,78.9,157.1,32.0,94.6,0.787837637946466,0.15567765567765568,,Low
79281,23,2,20.0,19.0,220.0,2.0,278.0,200.0,77.6,102.0,62.0,62.3,166.3,22.5,83.9,0.4796874435475382,0.22727272727272727,0.025773195876288662,Low
79282,18,2,20.0,21.0,258.0,2.0,215.0,,,112.0,68.0,87.8,175.0,28.7,102.5,0.30449007939905914,0.1937984496124031,,Low
79283,18,1,30.0,62.0,183.0,2.0,156.0,85.0,70.6,110.0,60.0,64.8,166.7,23.3,78.2,0.37475447311531623,0.4098360655737705,0.028328611898017,Low
79284,34,2,32.0,32.0,226.0,2.0,204.0,130.0,73.6,120.0,64.0,138.3,166.1,50.1,128.5,0.8510311702776147,0.3539823008849558,0.027173913043478264,Low
79286,72,1,22.0,20.0,193.0,2.0,155.0,61.0,93.6,112.0,50.0,85.3,174.7,27.9,108.9,1.835197759771848,0.2849740932642487,0.021367521367521368,Moderate
79287,19,1,26.0,21.0,228.0,2.0,168.0,103.0,64.6,114.0,52.0,47.9,165.2,17.6,69.9,0.4728054288446502,0.2850877192982456,0.030959752321981428,Low
79288,79,2,24.0,23.0,286.0,2.0,224.0,,,,,87.8,155.0,36.5,114.0,1.3823193323503977,0.2097902097902098,,Moderate
79290,18,1,21.0,15.0,276.0,2.0,168.0,96.0,71.6,112.0,58.0,78.9,164.4,29.2,101.4,0.3536202185667641,0.19021739130434784,0.02793296089385475,Low
79291,35,2,55.0,79.0,235.0,2.0,239.0,,,98.0,62.0,88.9,172.9,29.7,102.8,0.9216145571415302,0.5851063829787234,,Low
79292,58,1,25.0,26.0,229.0,2.0,266.0,184.0,81.6,162.0,92.0,77.0,170.1,26.6,101.3,1.2417833884295497,0.2729257641921397,0.02450980392156863,Low
79293,30,2,20.0,18.0,347.0,2.0,289.0,,,108.0,72.0,70.0,160.8,27.1,98.0,0.407554340741526,0.1440922190201729,,Low
79294,39,1,25.0,21.0,258.0,2.0,174.0,,,108.0,62.0,53.3,159.2,21.0,82.0,0.8246606317057852,0.24224806201550386,,Low
79295,21,1,21.0,16.0,222.0,2.0,176.0,,,108.0,72.0,54.8,170.1,18.9,69.5,0.4966216216216216,0.2364864864864865,,Low
79296,58,2,25.0,21.0,298.0,2.0,205.0,127.0,77.6,128.0,76.0,71.0,154.1,29.9,100.1,1.0617984592019765,0.20973154362416108,0.025773195876288662,Low
79297,62,2,18.0,18.0,201.0,2.0,210.0,130.0,79.6,132.0,76.0,53.9,154.8,22.5,80.2,1.3086752368228642,0.22388059701492538,0.02512562814070352,Moderate
79298,60,2,23.0,23.0,247.0,2.0,267.0,,,104.0,68.0,65.1,159.7,25.5,92.5,1.1649793174038996,0.23279352226720645,,Low
79300,39,1,36.0,77.0,316.0,2.0,244.0,162.0,81.6,122.0,64.0,127.6,182.7,38.2,132.2,0.506331168826999,0.2848101265822785,0.02450980392156863,Low
79302,46,2,18.0,11.0,339.0,2.0,163.0,,,126.0,86.0,85.3,163.0,32.1,97.0,0.7364347885262191,0.1327433628318584,,Low
79304,38,1,26.0,35.0,220.0,2.0,191.0,121.0,69.6,122.0,70.0,85.4,179.6,26.5,97.3,0.7591021851561585,0.29545454545454547,0.02873563218390805,Low
79305,46,1,31.0,53.0,230.0,2.0,195.0,137.0,57.6,126.0,80.0,91.2,177.3,29.0,103.4,0.851635496481872,0.33695652173913043,0.034722222222222224,Low
79306,39,2,49.0,45.0,329.0,2.0,272.0,,,114.0,58.0,80.9,162.9,30.5,96.2,0.8658816423509823,0.37234042553191493,,Low
79309,40,2,18.0,13.0,284.0,2.0,252.0,149.0,102.6,112.0,70.0,83.3,160.9,32.2,,0.7031410938066285,0.15845070422535212,0.019493177387914232,Low
79310,70,1,22.0,27.0,153.0,2.0,128.0,,,134.0,54.0,77.8,171.1,26.6,,1.9370793345359993,0.35947712418300654,,Moderate
79311,47,2,16.0,14.0,262.0,2.0,171.0,102.0,68.6,,,66.9,169.6,23.3,88.4,0.767100969153218,0.15267175572519084,0.02915451895043732,Low
79314,55,1,20.0,17.0,281.0,2.0,144.0,,,110.0,66.0,105.2,181.2,32.0,112.5,0.9494277136653603,0.1779359430604982,,Low
79315,32,1,25.0,39.0,287.0,2.0,233.0,160.0,72.6,100.0,76.0,78.4,176.2,25.3,91.1,0.44635025450895366,0.21777003484320556,0.027548209366391185,Low
79318,45,2,18.0,22.0,210.0,2.0,209.0,111.0,97.6,122.0,80.0,55.7,168.9,19.5,78.6,0.8223456202287831,0.2142857142857143,0.020491803278688527,Low
79319,67,2,26.0,21.0,212.0,2.0,229.0,148.0,80.6,128.0,84.0,78.2,158.8,31.0,100.6,1.7930922867504657,0.3066037735849057,0.02481389578163772,Moderate
79320,26,2,15.0,10.0,237.0,2.0,169.0,,,112.0,68.0,74.3,162.9,28.0,99.6,0.5203748048378345,0.15822784810126583,,Low
79322,70,1,33.0,21.0,177.0,2.0,101.0,44.0,56.6,84.0,56.0,76.0,162.1,28.9,107.5,2.847928397995155,0.46610169491525416,0.0353356890459364,High
79323,80,2,25.0,15.0,183.0,2.0,261.0,,,152.0,66.0,64.0,145.6,30.2,,2.8218457895864604,0.34153005464480873,,High
79324,44,2,15.0,13.0,187.0,2.0,241.0,,,,,66.9,158.8,26.5,,0.9788826992209926,0.2005347593582888,,Low
79325,72,2,31.0,32.0,349.0,2.0,231.0,,,144.0,56.0,74.1,160.0,28.9,94.7,1.1305604123269155,0.2220630372492837,,Low
79328,80,2,20.0,13.0,285.0,2.0,115.0,54.0,60.6,124.0,62.0,51.9,145.6,24.5,88.4,1.557053182386608,0.17543859649122806,0.033003300330033,Moderate
79329,18,1,29.0,36.0,261.0,2.0,236.0,176.0,59.6,126.0,66.0,122.5,183.3,36.5,107.9,0.3333333333333333,0.2777777777777778,0.03355704697986577,Low
79330,35,1,19.0,22.0,272.0,2.0,207.0,155.0,51.6,,,71.9,178.3,22.6,88.7,0.5212443984429447,0.17463235294117646,0.03875968992248062,Low
79331,58,1,37.0,57.0,163.0,2.0,186.0,,,146.0,86.0,117.4,188.1,33.2,123.4,1.743832170712628,0.5674846625766872,,Moderate
79333,51,2,17.0,16.0,290.0,2.0,141.0,81.0,59.6,122.0,52.0,127.9,164.4,47.3,128.9,0.7474137931034482,0.14655172413793105,0.03355704697986577,Low
79334,45,1,25.0,27.0,232.0,2.0,183.0,127.0,55.6,118.0,76.0,72.4,158.4,28.9,93.0,0.9332170299401278,0.26939655172413796,0.03597122302158273,Low
79335,39,2,17.0,17.0,242.0,2.0,211.0,127.0,83.6,124.0,72.0,72.9,160.6,28.3,100.8,0.6644674355334247,0.1756198347107438,0.023923444976076555,Low
79337,61,2,22.0,17.0,223.0,2.0,261.0,,,138.0,56.0,45.9,158.7,18.2,70.9,1.4595641650168558,0.24663677130044845,,Moderate
79338,44,1,26.0,24.0,203.0,2.0,193.0,,,130.0,90.0,70.0,165.9,25.4,84.5,1.150335084459752,0.32019704433497537,,Low
79340,31,2,16.0,12.0,261.0,2.0,160.0,62.0,97.6,116.0,82.0,87.0,173.4,28.9,113.6,0.5485933592299893,0.15325670498084293,0.020491803278688527,Low
79341,32,2,17.0,11.0,150.0,2.0,223.0,128.0,94.6,94.0,58.0,48.5,156.8,19.7,70.6,1.0934811430020228,0.2833333333333333,0.021141649048625793,Low
79351,62,1,29.0,20.0,207.0,2.0,183.0,,,138.0,72.0,89.8,175.9,29.0,110.9,1.942246484804165,0.35024154589371975,,Moderate
79352,69,1,27.0,37.0,254.0,2.0,211.0,142.0,68.6,100.0,66.0,72.0,160.5,28.0,97.8,1.2058083202751206,0.26574803149606296,0.02915451895043732,Low
79354,19,2,18.0,14.0,256.0,2.0,158.0,88.0,69.6,110.0,66.0,69.4,165.3,25.4,84.5,0.35704431536737946,0.17578125,0.02873563218390805,Low
79358,67,1,34.0,29.0,204.0,2.0,218.0,,,122.0,74.0,93.8,174.4,30.8,103.2,2.073597942977079,0.4166666666666667,,Moderate
79359,25,1,29.0,47.0,298.0,2.0,194.0,,,,,110.0,181.0,33.6,113.5,0.35487288199991124,0.24328859060402686,,Low
79360,55,2,20.0,18.0,282.0,2.0,182.0,,,118.0,72.0,58.0,163.5,21.7,79.6,0.9194059802661967,0.1773049645390071,,Low
79362,59,1,21.0,19.0,159.0,2.0,202.0,152.0,49.6,120.0,64.0,88.7,179.9,27.4,101.3,1.7877112846894718,0.33018867924528306,0.04032258064516129,Moderate
79364,44,2,16.0,17.0,299.0,2.0,160.0,89.0,70.6,132.0,96.0,108.0,163.5,40.4,126.5,0.5710537793497606,0.13377926421404684,0.028328611898017,Low
79365,29,1,29.0,25.0,269.0,2.0,140.0,,,134.0,88.0,109.4,181.4,33.2,105.7,0.625278810408922,0.2695167286245353,,Low
79366,42,1,27.0,34.0,205.0,2.0,228.0,,,110.0,82.0,112.9,176.8,36.1,111.9,0.9486799783005122,0.32926829268292684,,Low
79369,30,1,45.0,82.0,231.0,2.0,220.0,133.0,86.6,110.0,70.0,67.9,169.0,23.8,91.4,0.6453790484893629,0.487012987012987,0.023094688221709007,Low
79371,63,1,17.0,9.0,248.0,2.0,202.0,130.0,71.6,136.0,70.0,85.7,175.5,27.8,103.5,1.439516129032258,0.1713709677419355,0.02793296089385475,Moderate
79373,49,2,22.0,21.0,291.0,2.0,294.0,225.0,68.6,120.0,66.0,72.7,166.4,26.3,100.0,0.8083810504274908,0.18900343642611686,0.02915451895043732,Low
79374,58,2,18.0,13.0,159.0,2.0,217.0,,,96.0,62.0,70.5,174.5,23.2,82.4,1.8210912102488654,0.28301886792452835,,Moderate
79375,35,2,29.0,23.0,205.0,2.0,214.0,134.0,79.6,126.0,86.0,80.0,170.4,27.6,89.5,1.0324006354533215,0.3536585365853659,0.02512562814070352,Low
79376,50,1,24.0,31.0,169.0,2.0,216.0,,,112.0,68.0,97.6,175.6,31.7,118.7,1.275303919716745,0.35502958579881655,,Low
79377,72,1,30.0,30.0,169.0,2.0,201.0,,,140.0,58.0,84.7,171.5,28.8,105.3,2.3334925526847314,0.4437869822485207,,Moderate
79379,43,2,19.0,16.0,331.0,2.0,155.0,,,118.0,64.0,72.1,156.2,29.6,98.0,0.6170694864048338,0.14350453172205438,,Low
79380,24,2,15.0,15.0,220.0,2.0,200.0,,,112.0,68.0,77.2,161.0,29.8,97.8,0.42250727413171824,0.17045454545454544,,Low
79385,44,1,20.0,21.0,280.0,2.0,246.0,,,174.0,102.0,62.6,160.1,24.4,81.7,0.6858276550274047,0.17857142857142858,,Low
79387,38,1,25.0,31.0,333.0,2.0,246.0,180.0,65.6,104.0,44.0,75.7,166.6,27.3,89.6,0.5123874982745831,0.18768768768768768,0.030487804878048783,Low
79388,67,2,20.0,17.0,183.0,2.0,200.0,,,148.0,38.0,63.8,161.9,24.3,85.3,1.7759439210310721,0.273224043715847,,Moderate
79389,55,1,38.0,56.0,277.0,2.0,203.0,,,100.0,64.0,94.6,170.4,32.6,93.3,1.008259919850121,0.34296028880866425,,Low
79390,20,2,22.0,17.0,242.0,2.0,156.0,,,106.0,56.0,66.3,169.8,23.0,77.3,0.4409738637024236,0.2272727272727273,,Low
79395,52,2,29.0,18.0,261.0,1.0,141.0,,,102.0,64.0,58.5,173.5,19.4,83.0,1.361835282285203,0.2777777777777778,,Moderate
79396,32,2,19.0,18.0,224.0,2.0,122.0,55.0,66.6,104.0,58.0,81.5,176.5,26.2,88.0,0.6397632782164002,0.21205357142857142,0.030030030030030033,Low
79398,29,1,23.0,20.0,136.0,2.0,167.0,,,132.0,56.0,67.4,171.1,23.0,79.0,1.0966598095532056,0.4227941176470588,,Low
79399,26,1,23.0,25.0,210.0,2.0,161.0,,,106.0,58.0,73.4,178.4,23.1,84.4,0.5695238095238095,0.2738095238095238,,Low
79404,19,2,17.0,15.0,278.0,2.0,173.0,95.0,77.6,124.0,76.0,99.7,162.7,37.7,117.3,0.299993674058752,0.1528776978417266,0.025773195876288662,Low
79405,33,2,138.0,57.0,166.0,2.0,163.0,71.0,91.6,94.0,58.0,71.3,176.7,22.8,92.5,3.6336869602856683,2.0783132530120483,0.02183406113537118,High
79406,69,2,16.0,13.0,208.0,2.0,172.0,,,122.0,68.0,89.9,151.0,39.4,,1.4720889822900314,0.19230769230769232,,Moderate
79407,43,2,28.0,22.0,258.0,2.0,214.0,,,162.0,102.0,58.9,159.9,23.0,84.3,0.9949366763261821,0.2713178294573643,,Low
79408,70,2,30.0,26.0,188.0,2.0,139.0,,,138.0,86.0,82.2,170.9,28.1,99.9,2.1906589563307794,0.39893617021276595,,Moderate
79409,21,2,17.0,13.0,212.0,2.0,216.0,107.0,108.6,114.0,78.0,57.9,156.0,23.8,79.8,0.46704709918020476,0.20047169811320756,0.01841620626151013,Low
79415,57,2,27.0,27.0,182.0,2.0,176.0,,,,,69.7,150.0,31.0,89.5,1.6273664181004286,0.3708791208791209,,Moderate
79416,64,1,16.0,19.0,171.0,2.0,146.0,65.0,80.6,116.0,68.0,90.4,170.5,31.1,112.0,1.37381117826582,0.23391812865497078,0.02481389578163772,Moderate
79417,80,1,18.0,18.0,145.0,2.0,137.0,71.0,65.6,140.0,68.0,81.3,179.4,25.3,99.9,2.3407672756520195,0.3103448275862069,0.030487804878048783,Moderate
79419,70,2,69.0,52.0,182.0,2.0,182.0,,,130.0,64.0,102.9,162.5,39.0,130.0,3.680222455725078,0.9478021978021979,,High
79421,31,1,29.0,60.0,180.0,2.0,246.0,,,124.0,70.0,101.2,178.2,31.9,112.8,0.6447800052297162,0.4027777777777778,,Low
79422,46,2,25.0,21.0,149.0,2.0,202.0,117.0,84.6,116.0,60.0,64.8,164.6,23.9,83.6,1.6842320387341694,0.41946308724832215,0.023640661938534282,Moderate
79423,25,2,17.0,11.0,232.0,2.0,129.0,,,102.0,64.0,73.2,184.3,21.6,86.5,0.5523375924377135,0.18318965517241378,,Low
79425,53,1,26.0,39.0,173.0,2.0,266.0,147.0,118.6,140.0,84.0,66.9,170.6,23.0,88.2,1.2754716528520813,0.3757225433526012,0.016863406408094434,Low
79426,40,2,24.0,18.0,235.0,2.0,178.0,96.0,81.6,112.0,64.0,63.6,162.6,24.1,84.2,0.9628688084242351,0.2553191489361702,0.02450980392156863,Low
79429,18,2,24.0,22.0,199.0,2.0,131.0,,,96.0,60.0,56.3,168.2,19.9,67.1,0.46282768575690303,0.3015075376884422,,Low
79430,18,1,28.0,22.0,196.0,2.0,173.0,,,114.0,38.0,71.6,162.7,27.0,83.0,0.5482304134858553,0.35714285714285715,,Low
79431,56,1,23.0,24.0,293.0,2.0,245.0,163.0,81.6,128.0,62.0,83.8,169.5,29.2,100.3,0.8973102356953166,0.1962457337883959,0.02450980392156863,Low
79432,73,1,22.0,45.0,189.0,2.0,141.0,79.0,61.6,110.0,72.0,79.9,165.3,29.2,105.0,1.2667108189998808,0.29100529100529104,0.032467532467532464,Low
79433,48,2,25.0,19.0,233.0,2.0,171.0,,,108.0,78.0,58.0,156.0,23.8,79.4,1.1815402602775713,0.26824034334763946,,Low
79434,22,2,15.0,16.0,254.0,2.0,157.0,,,118.0,70.0,135.4,171.7,45.9,143.3,0.3248031496062992,0.14763779527559054,,Low
79437,60,1,16.0,15.0,63.0,2.0,152.0,103.0,48.6,106.0,64.0,148.0,169.1,51.8,153.8,3.934459272337693,0.6349206349206349,0.0411522633744856,High
79438,50,2,20.0,16.0,211.0,2.0,206.0,,,,,116.5,172.9,39.0,,1.1848341232227488,0.23696682464454977,,Low
79440,73,2,24.0,22.0,218.0,2.0,209.0,,,154.0,90.0,81.4,151.4,35.5,113.0,1.713429610344172,0.2752293577981651,,Moderate
79441,67,2,19.0,16.0,341.0,2.0,231.0,,,116.0,58.0,93.2,153.3,39.7,118.7,0.9332844574780058,0.13929618768328444,,Low
79442,45,1,20.0,22.0,230.0,2.0,206.0,125.0,80.6,104.0,64.0,82.3,176.2,26.5,96.5,0.8342636726958669,0.21739130434782608,0.02481389578163772,Low
79443,44,1,20.0,22.0,280.0,2.0,192.0,,,116.0,70.0,129.3,178.3,40.7,127.6,0.6700593942604899,0.17857142857142858,,Low
79444,29,2,19.0,22.0,291.0,2.0,190.0,106.0,83.6,,,84.6,161.7,32.4,,0.4036893289070149,0.16323024054982815,0.023923444976076555,Low
79445,80,1,19.0,18.0,175.0,2.0,176.0,,,116.0,62.0,96.3,182.4,28.9,112.1,2.0472424902924806,0.2714285714285714,,Moderate
79446,47,1,28.0,28.0,168.0,2.0,214.0,,,146.0,92.0,90.2,171.9,30.5,98.5,1.4803608526194734,0.4166666666666667,,Moderate
79449,37,2,15.0,13.0,235.0,2.0,156.0,,,114.0,52.0,52.6,166.3,19.0,77.0,0.6550183168191536,0.15957446808510636,,Low
79451,47,2,36.0,41.0,220.0,2.0,191.0,,,126.0,74.0,116.2,170.8,39.8,126.7,1.2011182050705522,0.4090909090909091,,Low
79452,74,2,18.0,17.0,198.0,2.0,194.0,,,,,101.1,156.8,41.1,120.3,1.6316032956989672,0.22727272727272727,,Moderate
79453,54,1,36.0,33.0,273.0,2.0,266.0,,,108.0,56.0,122.9,180.8,37.6,122.8,1.2395859457065077,0.32967032967032966,,Low
79454,59,2,21.0,16.0,260.0,2.0,227.0,125.0,101.6,96.0,72.0,60.0,173.1,20.0,71.6,1.1913461538461538,0.20192307692307693,0.01968503937007874,Low
79455,37,2,21.0,18.0,206.0,2.0,139.0,,,110.0,76.0,64.7,161.2,24.9,79.0,0.8890323122685234,0.25485436893203883,,Low
79456,18,1,16.0,19.0,164.0,2.0,132.0,58.0,73.6,110.0,66.0,99.5,181.7,30.1,98.8,0.40287641069952307,0.24390243902439024,0.027173913043478264,Low
79457,68,1,24.0,38.0,284.0,2.0,163.0,,,130.0,66.0,99.4,180.5,30.5,116.5,0.9322019693148045,0.21126760563380279,,Low
79459,30,1,33.0,76.0,278.0,2.0,146.0,,,124.0,90.0,100.8,178.3,31.7,110.5,0.40849204412204343,0.29676258992805754,,Low
79460,64,1,25.0,18.0,251.0,2.0,263.0,181.0,81.6,108.0,68.0,62.5,158.1,25.0,92.4,1.502484528417631,0.24900398406374502,0.02450980392156863,Moderate
79461,76,2,20.0,17.0,193.0,2.0,237.0,,,122.0,74.0,78.2,153.9,33.0,103.3,1.9101251298198243,0.2590673575129534,,Moderate
79462,25,1,18.0,28.0,290.0,2.0,176.0,,,134.0,76.0,159.4,183.6,47.3,151.0,0.29324829802440044,0.15517241379310345,,Low
79463,33,1,28.0,43.0,309.0,2.0,234.0,,,114.0,88.0,85.7,162.7,32.4,103.7,0.45601514235380813,0.22653721682847897,,Low
79464,28,2,17.0,16.0,278.0,2.0,149.0,83.0,65.6,96.0,42.0,54.5,159.5,21.4,75.6,0.42805755395683454,0.1528776978417266,0.030487804878048783,Low
79466,36,2,24.0,20.0,222.0,2.0,192.0,105.0,86.6,132.0,88.0,44.0,148.5,20.0,75.5,0.8702534831350532,0.27027027027027023,0.023094688221709007,Low
79467,26,1,22.0,34.0,234.0,2.0,178.0,95.0,82.6,118.0,64.0,81.1,174.9,26.5,98.0,0.41921876368168826,0.23504273504273507,0.02421307506053269,Low
79468,52,1,14.0,15.0,275.0,2.0,172.0,,,136.0,88.0,127.6,202.6,31.1,123.4,0.6835228790397574,0.12727272727272726,,Low
79469,80,1,25.0,15.0,202.0,2.0,175.0,84.0,90.6,118.0,64.0,57.3,170.4,19.7,81.0,2.5564246509619912,0.3094059405940594,0.02207505518763797,Moderate
79471,42,1,39.0,69.0,171.0,2.0,229.0,,,130.0,80.0,98.1,178.7,30.7,113.4,1.1531697506110523,0.5701754385964912,,Low
79473,27,2,19.0,12.0,199.0,2.0,177.0,109.0,67.6,104.0,62.0,83.4,164.6,30.8,95.9,0.7441725831514524,0.2386934673366834,0.02958579881656805,Low
79474,50,2,14.0,15.0,415.0,2.0,230.0,134.0,95.6,,,102.3,167.6,36.4,123.1,0.4355161995735248,0.08433734939759036,0.020920502092050212,Low
79476,66,2,20.0,19.0,383.0,2.0,195.0,123.0,71.6,140.0,48.0,72.0,158.2,28.8,89.4,0.7906756363162963,0.13054830287206268,0.02793296089385475,Low
79477,62,2,19.0,14.0,248.0,2.0,270.0,,,144.0,76.0,102.7,169.2,35.9,120.2,1.269490899084016,0.19153225806451613,,Low
79479,21,2,22.0,12.0,145.0,2.0,164.0,,,94.0,62.0,53.1,161.2,20.4,76.7,0.91977870470899,0.37931034482758624,,Low
79480,38,2,23.0,14.0,234.0,2.0,180.0,,,,,51.0,160.7,19.7,74.9,0.9982321599634996,0.24572649572649571,,Low
79481,72,1,30.0,16.0,207.0,2.0,179.0,,,140.0,78.0,92.5,186.7,26.5,102.9,2.608695652173913,0.36231884057971014,,Moderate
79482,55,2,17.0,15.0,178.0,2.0,221.0,,,128.0,82.0,109.8,173.9,36.3,119.3,1.3562694489527845,0.23876404494382023,,Moderate
79484,54,1,20.0,23.0,192.0,2.0,173.0,89.0,83.6,112.0,70.0,130.3,170.4,44.9,125.9,1.1728935790710457,0.26041666666666663,0.023923444976076555,Low
79486,72,2,13.0,9.0,316.0,2.0,233.0,163.0,69.6,180.0,104.0,63.7,153.6,27.0,97.0,0.9873417721518988,0.10284810126582279,0.02873563218390805,Low
79487,42,2,32.0,79.0,288.0,2.0,125.0,,,108.0,70.0,76.6,159.3,30.2,98.3,0.5250410204321445,0.2777777777777778,,Low
79490,34,1,23.0,25.0,237.0,2.0,132.0,73.0,58.6,124.0,78.0,81.3,165.2,29.8,105.6,0.659915611814346,0.24261603375527424,0.034129692832764506,Low
79491,34,2,24.0,18.0,218.0,2.0,139.0,,,96.0,66.0,58.3,154.4,24.5,92.2,0.8822616719391786,0.2752293577981651,,Low
79496,54,1,23.0,25.0,187.0,2.0,217.0,143.0,73.6,106.0,64.0,81.8,169.7,28.4,101.8,1.3283422459893048,0.3074866310160428,0.027173913043478264,Moderate
79499,57,2,20.0,20.0,239.0,2.0,185.0,,,,,77.9,166.6,28.1,106.5,1.0665763574685188,0.20920502092050208,,Low
79501,63,2,27.0,23.0,391.0,2.0,262.0,176.0,85.6,118.0,68.0,71.4,166.0,25.9,95.7,0.9071176938902409,0.17263427109974427,0.023364485981308414,Low
79503,68,2,32.0,35.0,199.0,2.0,168.0,,,160.0,82.0,57.1,161.5,21.9,96.2,1.8482971440092986,0.4020100502512563,,Moderate
79505,54,2,18.0,17.0,179.0,2.0,191.0,,,114.0,64.0,90.0,159.7,35.3,,1.3170090923760651,0.25139664804469275,,Moderate
79507,24,1,29.0,23.0,186.0,2.0,163.0,102.0,60.6,112.0,76.0,117.8,186.3,33.9,110.5,0.7802474848587314,0.3897849462365591,0.033003300330033,Low
79515,72,2,30.0,12.0,231.0,2.0,380.0,288.0,91.6,140.0,82.0,65.2,159.2,25.7,88.2,2.6992999598476013,0.3246753246753247,0.02183406113537118,High
79517,20,2,17.0,10.0,317.0,2.0,158.0,,,114.0,60.0,93.5,157.8,37.5,99.6,0.33917173642184506,0.13406940063091483,,Low
79519,23,1,30.0,42.0,167.0,2.0,212.0,136.0,75.6,136.0,88.0,132.9,178.3,41.8,125.3,0.6375407872685235,0.4491017964071856,0.026455026455026457,Low
79521,60,1,24.0,21.0,193.0,2.0,130.0,62.0,67.6,136.0,78.0,70.4,167.8,25.0,97.2,1.6281542069421193,0.31088082901554404,0.02958579881656805,Moderate
79522,24,2,55.0,79.0,225.0,2.0,198.0,,,110.0,60.0,71.4,152.7,30.6,95.0,0.6600515685432674,0.6111111111111112,,Low
79523,40,2,19.0,8.0,259.0,2.0,137.0,72.0,64.6,106.0,72.0,67.1,163.4,25.1,76.3,1.0374539646752434,0.1833976833976834,0.030959752321981428,Low
79525,64,1,31.0,32.0,261.0,2.0,137.0,53.0,83.6,146.0,66.0,69.7,167.8,24.8,96.2,1.343773806392826,0.29693486590038315,0.023923444976076555,Moderate
79526,27,1,98.0,49.0,210.0,2.0,179.0,,,130.0,76.0,178.2,190.4,49.2,155.9,1.8,1.1666666666666667,,Moderate
79533,60,1,19.0,15.0,249.0,2.0,166.0,,,132.0,82.0,84.1,179.4,26.1,92.2,1.1821153988424244,0.19076305220883533,,Low
79536,50,2,14.0,13.0,308.0,2.0,203.0,118.0,84.6,172.0,90.0,76.1,166.4,27.5,98.8,0.630341132074124,0.11363636363636363,0.023640661938534282,Low
79537,72,2,44.0,40.0,277.0,2.0,243.0,,,136.0,82.0,89.1,152.3,38.4,120.4,1.808320510363434,0.3971119133574007,,Moderate
79539,18,2,55.0,75.0,300.0,2.0,213.0,,,110.0,78.0,55.2,157.5,22.3,82.1,0.381051177665153,0.4583333333333333,,Low
79541,78,2,31.0,29.0,175.0,2.0,109.0,45.0,63.6,148.0,84.0,60.0,156.8,24.4,95.0,2.5657790154977795,0.44285714285714284,0.031446540880503145,Moderate
79544,52,2,28.0,38.0,171.0,2.0,171.0,104.0,66.6,124.0,56.0,71.5,168.2,25.3,92.5,1.381253737815148,0.40935672514619875,0.030030030030030033,Moderate
79545,33,2,21.0,16.0,204.0,2.0,129.0,,,108.0,70.0,66.2,155.4,27.4,86.5,0.8492647058823529,0.25735294117647056,,Low
79546,63,2,16.0,8.0,259.0,2.0,167.0,,,146.0,60.0,68.4,161.9,26.1,90.0,1.3759915742008493,0.15444015444015444,,Moderate
79549,37,2,30.0,36.0,193.0,2.0,190.0,,,120.0,74.0,69.1,159.7,27.1,93.8,0.9585492227979274,0.38860103626943004,,Low
79550,24,2,15.0,9.0,246.0,2.0,331.0,,,106.0,50.0,53.1,148.0,24.2,91.7,0.4878048780487805,0.1524390243902439,,Low
79553,70,2,15.0,15.0,171.0,2.0,174.0,,,126.0,66.0,80.5,159.8,31.5,103.3,1.5854317791492347,0.21929824561403508,,Moderate
79554,48,2,23.0,22.0,283.0,2.0,166.0,,,108.0,74.0,93.0,153.7,39.4,119.8,0.831708801613406,0.20318021201413428,,Low
79557,73,2,16.0,13.0,218.0,2.0,208.0,124.0,83.6,122.0,64.0,71.9,151.9,31.2,99.0,1.4859858467685036,0.1834862385321101,0.023923444976076555,Moderate
79560,37,2,19.0,18.0,281.0,2.0,220.0,,,108.0,72.0,62.7,159.3,24.7,84.0,0.5896750500286394,0.1690391459074733,,Low
79563,49,1,16.0,20.0,239.0,2.0,109.0,,,124.0,82.0,78.0,175.4,25.4,93.8,0.733505144083613,0.1673640167364017,,Low
79564,28,1,20.0,18.0,179.0,2.0,150.0,,,108.0,60.0,68.2,180.8,20.9,76.8,0.7373925464887647,0.27932960893854747,,Low
79565,18,2,19.0,14.0,236.0,2.0,153.0,,,108.0,48.0,54.1,152.1,23.4,86.5,0.3873023081951235,0.20127118644067796,,Low
79566,18,2,22.0,17.0,268.0,2.0,152.0,,,96.0,70.0,56.1,163.6,21.0,74.0,0.35837353550144724,0.20522388059701496,,Low
79567,62,2,18.0,18.0,353.0,2.0,182.0,,,144.0,74.0,66.5,144.2,32.0,,0.7451663529784581,0.1274787535410765,,Low
79568,19,2,16.0,13.0,270.0,2.0,113.0,54.0,58.6,114.0,52.0,87.4,164.0,32.5,87.3,0.312275666023092,0.14814814814814817,0.034129692832764506,Low
79569,44,1,46.0,59.0,131.0,2.0,252.0,187.0,64.6,118.0,82.0,83.9,175.0,27.4,96.4,2.0114683650777674,0.8778625954198472,0.030959752321981428,Moderate
79570,30,2,19.0,18.0,253.0,2.0,153.0,68.0,84.6,102.0,58.0,48.1,145.2,22.8,77.6,0.5310288080057077,0.18774703557312253,0.023640661938534282,Low
79571,39,2,26.0,21.0,281.0,2.0,243.0,,,104.0,66.0,59.7,165.9,21.7,76.2,0.7874481875419796,0.23131672597864772,,Low
79573,29,1,21.0,21.0,287.0,2.0,178.0,104.0,73.6,98.0,60.0,83.7,185.7,24.3,89.6,0.4630477183056424,0.1829268292682927,0.027173913043478264,Low
79574,48,2,17.0,16.0,328.0,2.0,309.0,,,138.0,88.0,96.8,160.2,37.7,109.9,0.6219512195121951,0.12957317073170732,,Low
79575,47,2,199.0,274.0,257.0,2.0,173.0,,,108.0,66.0,56.3,168.3,19.9,82.0,2.1985812991895504,1.9357976653696496,,Moderate
79576,53,1,25.0,23.0,133.0,2.0,184.0,129.0,54.6,112.0,72.0,84.7,178.5,26.6,93.1,2.077305252824241,0.4699248120300752,0.03663003663003663,Moderate
79577,80,2,21.0,16.0,199.0,2.0,175.0,99.0,75.6,144.0,62.0,75.1,173.0,25.1,96.7,2.1105527638190953,0.26381909547738697,0.026455026455026457,Moderate
79579,71,2,19.0,17.0,273.0,2.0,262.0,,,138.0,80.0,75.9,154.2,31.9,,1.1984635830549935,0.17399267399267399,,Low
79581,31,2,42.0,68.0,160.0,2.0,136.0,78.0,57.6,126.0,82.0,85.1,153.2,36.3,101.5,0.9868168243665797,0.6562500000000001,0.034722222222222224,Low
79585,32,1,24.0,17.0,260.0,2.0,187.0,,,116.0,54.0,76.2,171.2,26.0,83.6,0.7164129231842451,0.23076923076923075,,Low
79586,65,1,126.0,85.0,140.0,2.0,103.0,14.0,88.6,198.0,122.0,72.3,170.6,24.8,98.6,6.345215891195694,2.25,0.022573363431151242,High
79588,18,1,22.0,18.0,250.0,2.0,169.0,,,118.0,58.0,78.8,172.9,26.4,94.1,0.3733523804664971,0.22,,Low
79589,24,2,14.0,17.0,282.0,2.0,162.0,98.0,63.6,124.0,78.0,100.8,157.2,40.8,105.6,0.28897861706456696,0.12411347517730495,0.031446540880503145,Low
79590,20,2,19.0,12.0,339.0,2.0,155.0,,,104.0,72.0,44.4,166.2,16.1,65.1,0.3235886464484628,0.140117994100295,,Low
79591,23,2,17.0,11.0,211.0,2.0,223.0,,,110.0,64.0,54.5,151.3,23.8,77.6,0.5587248138858084,0.2014218009478673,,Low
79593,59,1,20.0,26.0,274.0,2.0,151.0,87.0,63.6,104.0,70.0,80.7,177.8,25.5,97.2,0.8445877352666321,0.18248175182481752,0.031446540880503145,Low
79596,56,2,18.0,12.0,195.0,2.0,217.0,,,142.0,84.0,68.4,169.3,23.9,94.2,1.4922283880593405,0.23076923076923078,,Moderate
79597,61,1,15.0,21.0,178.0,2.0,162.0,,,138.0,64.0,92.9,173.7,30.8,115.6,1.1217380312692866,0.21067415730337077,,Low
79599,80,2,19.0,19.0,225.0,2.0,183.0,121.0,61.6,126.0,44.0,64.1,160.4,24.9,89.9,1.5498307354811283,0.21111111111111108,0.032467532467532464,Moderate
79602,51,2,19.0,20.0,350.0,2.0,165.0,,,106.0,74.0,56.7,170.2,19.6,,0.6190713914849417,0.1357142857142857,,Low
79603,34,2,32.0,34.0,157.0,2.0,202.0,,,112.0,80.0,61.2,165.2,22.4,80.0,1.1884742715608254,0.5095541401273886,,Low
79605,22,2,19.0,14.0,189.0,2.0,212.0,,,116.0,62.0,79.7,159.9,31.2,107.2,0.59108570962642,0.25132275132275134,,Low
79606,44,1,22.0,26.0,307.0,2.0,220.0,,,,,89.1,167.5,31.8,102.7,0.6183726997190949,0.17915309446254074,,Low
79608,56,1,31.0,47.0,188.0,2.0,130.0,,,112.0,78.0,79.2,175.7,25.7,83.0,1.3469235385124732,0.41223404255319146,,Moderate
79610,66,2,23.0,15.0,271.0,2.0,220.0,123.0,96.6,110.0,60.0,74.3,153.2,31.7,107.3,1.4462948879564228,0.2121771217712177,0.020703933747412008,Moderate
79611,35,1,23.0,17.0,218.0,2.0,203.0,,,116.0,60.0,87.7,181.5,26.6,97.1,0.8956017346525139,0.26376146788990823,,Low
79612,33,2,17.0,21.0,317.0,2.0,158.0,101.0,56.6,120.0,80.0,159.0,167.1,56.9,155.2,0.38618371111164584,0.13406940063091483,0.0353356890459364,Low
79613,76,1,19.0,16.0,164.0,2.0,127.0,66.0,60.6,126.0,34.0,72.1,173.9,23.8,,2.201219512195122,0.2896341463414634,0.033003300330033,Moderate
79618,41,2,18.0,19.0,203.0,2.0,198.0,,,96.0,52.0,55.3,154.9,23.0,75.2,0.8340335546624362,0.22167487684729065,,Low
79620,22,2,24.0,25.0,239.0,2.0,212.0,,,114.0,72.0,67.3,152.2,29.1,,0.44184100418410044,0.2510460251046025,,Low
79621,76,2,18.0,17.0,245.0,2.0,206.0,,,176.0,112.0,101.3,162.2,38.5,116.0,1.354239734896749,0.1836734693877551,,Moderate
79627,41,2,18.0,14.0,200.0,2.0,213.0,,,96.0,62.0,51.0,160.1,19.9,72.0,0.986193982656846,0.22500000000000003,,Low
79629,70,1,24.0,18.0,165.0,2.0,187.0,,,134.0,52.0,111.5,162.0,42.5,138.0,2.3998775603907068,0.36363636363636365,,Moderate
79630,59,2,24.0,14.0,281.0,2.0,248.0,,,120.0,70.0,44.3,140.9,22.3,78.3,1.3467683934092274,0.21352313167259784,,Moderate
79632,74,2,23.0,13.0,380.0,2.0,147.0,67.0,79.6,152.0,68.0,100.0,149.5,44.7,,1.242236492072816,0.15131578947368418,0.02512562814070352,Low
79633,25,1,20.0,18.0,167.0,2.0,107.0,61.0,45.6,102.0,74.0,66.2,171.6,22.5,79.8,0.7056953904057361,0.29940119760479045,0.043859649122807015,Low
79634,43,1,20.0,31.0,184.0,2.0,201.0,,,134.0,82.0,86.8,164.1,32.2,110.8,0.8394595638207958,0.2717391304347826,,Low
79638,42,1,25.0,20.0,121.0,2.0,269.0,195.0,73.6,118.0,74.0,89.7,175.0,29.3,88.4,1.9403895672518834,0.5165289256198348,0.027173913043478264,Moderate
79639,61,2,56.0,45.0,306.0,2.0,233.0,71.0,161.6,112.0,66.0,51.5,156.2,21.1,76.4,1.6641412224704315,0.457516339869281,0.012376237623762377,Moderate
79640,30,2,24.0,33.0,293.0,2.0,172.0,,,114.0,74.0,65.5,161.6,25.1,90.8,0.42776761873072505,0.20477815699658702,,Low
79644,47,1,24.0,23.0,325.0,2.0,102.0,41.0,60.6,104.0,62.0,119.2,187.9,33.8,128.0,0.7237054124811703,0.1846153846153846,0.033003300330033,Low
79645,23,2,32.0,45.0,324.0,2.0,182.0,128.0,53.6,120.0,66.0,105.2,167.3,37.6,119.4,0.33863087066663483,0.24691358024691357,0.03731343283582089,Low
79646,25,1,27.0,24.0,188.0,2.0,184.0,99.0,84.6,116.0,44.0,85.6,178.3,26.9,85.3,0.7328925427210307,0.3590425531914894,0.023640661938534282,Low
79648,62,1,34.0,22.0,206.0,2.0,158.0,81.0,76.6,146.0,76.0,125.9,178.2,39.6,126.1,2.181685000376829,0.4126213592233009,0.026109660574412535,Moderate
79649,20,1,74.0,37.0,210.0,2.0,167.0,95.0,71.6,108.0,54.0,77.2,174.5,25.4,84.3,1.158621434342518,0.880952380952381,0.02793296089385475,Low
79650,58,1,21.0,23.0,164.0,2.0,135.0,,,104.0,52.0,77.3,180.7,23.7,94.0,1.5486009531799823,0.3201219512195122,,Moderate
79651,42,1,43.0,56.0,211.0,2.0,242.0,,,124.0,76.0,90.9,169.3,31.7,101.4,1.143776784108622,0.509478672985782,,Low
79656,76,1,28.0,18.0,257.0,2.0,190.0,,,150.0,76.0,67.2,170.0,23.3,94.2,1.9516514012515864,0.2723735408560311,,Moderate
79658,52,2,18.0,17.0,194.0,2.0,208.0,138.0,69.6,124.0,66.0,72.9,154.7,30.5,99.2,1.1701718816185962,0.23195876288659795,0.02873563218390805,Low
79660,36,1,51.0,61.0,154.0,2.0,176.0,107.0,68.6,158.0,104.0,160.9,181.7,48.7,149.7,1.5264656594597208,0.8279220779220778,0.02915451895043732,Moderate
79661,52,1,24.0,31.0,234.0,2.0,271.0,184.0,86.6,110.0,66.0,71.4,174.4,23.5,98.0,0.9578949441427996,0.2564102564102564,0.023094688221709007,Low
79662,33,1,45.0,99.0,219.0,2.0,183.0,,,110.0,76.0,80.9,178.6,25.4,94.2,0.6814982445935753,0.5136986301369862,,Low
79663,39,1,20.0,17.0,197.0,2.0,193.0,,,110.0,72.0,63.1,166.1,22.9,86.4,0.9602933377073082,0.25380710659898476,,Low
79664,40,1,20.0,30.0,252.0,2.0,208.0,134.0,73.6,118.0,72.0,84.1,179.8,26.0,95.2,0.5796005899525567,0.1984126984126984,0.027173913043478264,Low
79665,80,2,23.0,17.0,210.0,2.0,183.0,,,170.0,74.0,64.6,163.0,24.3,89.1,2.1250740479373937,0.2738095238095238,,Moderate
79667,51,1,31.0,44.0,286.0,2.0,212.0,,,132.0,80.0,91.9,173.9,30.4,105.2,0.8333731394710565,0.270979020979021,,Low
79668,48,2,18.0,17.0,205.0,2.0,180.0,108.0,71.6,104.0,56.0,89.6,178.6,28.1,94.2,1.0221989269823986,0.21951219512195125,0.02793296089385475,Low
79669,32,2,28.0,26.0,222.0,2.0,170.0,101.0,68.6,116.0,62.0,83.8,163.2,31.5,94.0,0.791531788665824,0.3153153153153153,0.02915451895043732,Low
79671,31,1,31.0,21.0,197.0,2.0,135.0,,,110.0,74.0,95.5,190.6,26.3,87.4,1.0645045305420746,0.3934010152284264,,Low
79672,69,2,23.0,18.0,198.0,2.0,201.0,,,108.0,56.0,66.1,165.8,24.0,85.6,1.8891893295337558,0.2904040404040404,,Moderate
79674,63,2,69.0,29.0,195.0,2.0,225.0,,,126.0,62.0,107.3,150.1,47.6,117.3,4.139577615669972,0.8846153846153847,,High
79675,47,2,26.0,25.0,222.0,2.0,194.0,118.0,75.6,124.0,60.0,64.3,162.2,24.4,91.8,1.100900900900901,0.2927927927927928,0.026455026455026457,Low
79677,68,2,24.0,14.0,299.0,2.0,218.0,123.0,94.6,128.0,66.0,75.6,167.2,27.0,108.5,1.4587637016758415,0.2006688963210702,0.021141649048625793,Moderate
79678,32,1,34.0,55.0,211.0,2.0,230.0,,,126.0,84.0,74.2,166.1,26.9,89.4,0.6952885785402914,0.4028436018957346,,Low
79682,49,1,36.0,42.0,139.0,2.0,146.0,,,140.0,84.0,131.4,177.3,41.8,129.5,1.9582094196628066,0.6474820143884892,,Moderate
79683,50,2,20.0,22.0,204.0,2.0,139.0,,,126.0,62.0,61.1,154.5,25.6,93.6,1.0451015507627963,0.24509803921568626,,Low
79685,41,2,16.0,11.0,203.0,2.0,158.0,96.0,61.6,,,123.1,168.6,43.3,112.6,0.9743420790296204,0.1970443349753695,0.032467532467532464,Low
79686,18,2,23.0,13.0,213.0,2.0,196.0,,,100.0,56.0,68.7,170.3,23.7,79.5,0.5390748385850819,0.26995305164319244,,Low
79688,63,2,17.0,13.0,237.0,2.0,213.0,127.0,85.6,150.0,74.0,77.9,159.7,30.5,96.1,1.2533415826101697,0.1793248945147679,0.023364485981308414,Low
79690,80,2,23.0,22.0,278.0,2.0,176.0,,,98.0,0.0,58.5,146.7,27.2,90.0,1.411112655015551,0.2068345323741007,,Moderate
79691,31,1,30.0,31.0,272.0,2.0,205.0,,,124.0,88.0,116.4,170.9,39.9,125.9,0.614091657665076,0.2757352941176471,,Low
79693,57,1,21.0,19.0,218.0,2.0,133.0,,,98.0,66.0,107.2,181.1,32.7,125.7,1.25968180478469,0.2408256880733945,,Low
79696,34,2,23.0,20.0,204.0,2.0,185.0,,,104.0,72.0,40.9,158.3,16.3,61.5,0.8571593913749194,0.2818627450980392,,Low
79697,33,2,25.0,18.0,203.0,2.0,137.0,,,102.0,64.0,73.0,162.5,27.6,97.1,0.9579032750064068,0.3078817733990148,,Low
79701,18,1,19.0,14.0,243.0,2.0,177.0,,,96.0,56.0,75.6,173.7,25.1,88.5,0.37614545158044915,0.19547325102880658,,Low
79705,67,1,21.0,24.0,183.0,2.0,155.0,,,154.0,94.0,93.6,173.9,31.0,109.2,1.5694135100618998,0.2868852459016394,,Moderate
79707,31,2,23.0,16.0,290.0,2.0,198.0,,,112.0,70.0,85.5,164.9,31.4,102.8,0.6146551724137931,0.1982758620689655,,Low
79709,72,1,27.0,19.0,177.0,2.0,234.0,,,180.0,80.0,117.6,192.2,31.8,115.9,2.519684670307187,0.38135593220338987,,Moderate
79712,55,1,17.0,15.0,205.0,2.0,210.0,,,120.0,86.0,93.7,188.9,26.3,106.8,1.1776388386029055,0.20731707317073172,,Low
79714,52,2,34.0,45.0,338.0,2.0,265.0,,,,,107.1,167.1,38.4,132.0,0.779757038307619,0.2514792899408284,,Low
79715,55,1,17.0,13.0,201.0,2.0,232.0,151.0,80.6,166.0,100.0,66.3,181.8,20.1,80.2,1.2901609041556945,0.21144278606965175,0.02481389578163772,Low
79717,41,2,19.0,15.0,152.0,2.0,211.0,,,146.0,74.0,54.8,166.4,19.8,75.7,1.3232693099542008,0.3125,,Moderate
79719,47,2,22.0,18.0,250.0,2.0,197.0,108.0,88.6,104.0,58.0,82.1,165.2,30.1,109.3,0.9748645489958536,0.22,0.022573363431151242,Low
79720,25,1,18.0,17.0,212.0,2.0,157.0,98.0,58.6,116.0,52.0,73.3,177.0,23.4,84.3,0.5148161852186313,0.21226415094339623,0.034129692832764506,Low
79721,40,2,27.0,12.0,241.0,2.0,172.0,,,112.0,84.0,54.0,158.6,21.5,80.6,1.2936479060680413,0.2800829875518672,,Low
79725,38,2,22.0,19.0,242.0,2.0,164.0,,,110.0,84.0,60.7,154.3,25.5,84.3,0.7925270806437588,0.2272727272727273,,Low
79729,74,2,23.0,11.0,308.0,2.0,263.0,,,140.0,64.0,78.2,161.1,30.1,103.2,1.6661438586732262,0.18668831168831165,,Moderate
79733,23,2,18.0,13.0,215.0,2.0,160.0,,,106.0,50.0,59.5,157.7,23.9,85.0,0.5340601889238252,0.20930232558139536,,Low
79734,50,2,285.0,96.0,186.0,2.0,135.0,66.0,68.6,98.0,68.0,88.8,174.9,29.0,106.2,7.819271692352215,3.8306451612903225,0.02915451895043732,High
79739,26,2,20.0,14.0,241.0,2.0,192.0,,,102.0,66.0,50.1,155.9,20.6,74.5,0.5766632605579282,0.2074688796680498,,Low
79740,62,2,23.0,14.0,164.0,2.0,195.0,,,,,70.7,158.0,28.3,,2.3238690912629094,0.35060975609756095,,Moderate
79741,22,1,93.0,176.0,268.0,2.0,142.0,,,114.0,66.0,107.6,179.6,33.4,112.3,0.5754591520579332,0.8675373134328359,,Low
79744,66,2,20.0,15.0,235.0,2.0,164.0,,,114.0,62.0,74.1,155.7,30.6,105.9,1.450308657303203,0.2127659574468085,,Moderate
79750,56,2,19.0,25.0,181.0,2.0,190.0,,,128.0,64.0,92.3,156.2,37.8,120.0,1.1756906077348066,0.26243093922651933,,Low
79752,18,1,30.0,31.0,184.0,2.0,145.0,49.0,95.6,104.0,62.0,99.0,173.4,32.9,95.1,0.527102516817709,0.4076086956521739,0.020920502092050212,Low
79756,46,1,27.0,29.0,152.0,2.0,221.0,,,140.0,92.0,71.2,172.2,24.0,,1.5173263816835423,0.444078947368421,,Moderate
79757,40,2,16.0,13.0,260.0,2.0,214.0,140.0,73.6,108.0,58.0,104.9,154.1,44.2,114.5,0.6827079338156666,0.15384615384615385,0.027173913043478264,Low
79758,38,1,30.0,44.0,188.0,2.0,293.0,211.0,81.6,146.0,90.0,107.8,178.1,34.0,107.6,0.9141567362198153,0.39893617021276595,0.02450980392156863,Low
79760,35,2,19.0,18.0,221.0,2.0,175.0,,,112.0,72.0,111.4,166.4,40.2,124.4,0.7092398333168237,0.21493212669683256,,Low
79761,49,2,29.0,22.0,270.0,2.0,188.0,,,,,62.4,147.6,28.6,89.0,1.1220674738567498,0.2685185185185185,,Low
79763,59,1,26.0,26.0,271.0,2.0,219.0,,,128.0,56.0,54.9,166.5,19.8,77.9,1.1101186394906803,0.23985239852398524,,Low
79764,69,2,24.0,24.0,338.0,2.0,221.0,,,138.0,42.0,80.9,158.6,32.2,102.2,1.0000875281185757,0.17751479289940827,,Low
79768,57,1,17.0,22.0,259.0,2.0,181.0,109.0,71.6,,,120.1,171.7,40.7,131.1,0.797650556558249,0.1640926640926641,0.02793296089385475,Low
79773,48,2,22.0,24.0,427.0,2.0,124.0,50.0,73.6,96.0,72.0,62.0,161.9,23.7,84.0,0.5048128743909126,0.1288056206088993,0.027173913043478264,Low
79774,38,2,32.0,39.0,269.0,2.0,201.0,111.0,89.6,110.0,70.0,120.5,173.8,39.9,129.0,0.7238506878326615,0.29739776951672864,0.022321428571428572,Low
79776,46,2,22.0,24.0,149.0,2.0,156.0,,,114.0,76.0,106.5,153.2,45.4,130.4,1.3864002347296287,0.3691275167785235,,Moderate
79778,62,2,18.0,14.0,343.0,2.0,234.0,156.0,77.6,134.0,78.0,78.9,150.2,35.0,108.1,0.869573020333136,0.13119533527696794,0.025773195876288662,Low
79782,30,1,15.0,17.0,231.0,2.0,201.0,125.0,75.6,112.0,74.0,54.0,159.5,21.2,84.0,0.47247199682402524,0.16233766233766234,0.026455026455026457,Low
79784,40,2,18.0,18.0,209.0,2.0,154.0,,,108.0,80.0,56.6,168.9,19.8,77.2,0.8119886482524948,0.21531100478468898,,Low
79788,45,1,18.0,18.0,200.0,2.0,143.0,,,126.0,86.0,79.6,167.9,28.2,92.1,0.9545941546018393,0.22500000000000003,,Low
79793,52,1,34.0,27.0,173.0,2.0,188.0,142.0,45.6,110.0,66.0,75.5,185.5,21.9,84.9,1.966773171343465,0.49132947976878616,0.043859649122807015,Moderate
79794,29,1,24.0,30.0,229.0,2.0,217.0,,,118.0,84.0,99.5,174.0,32.9,110.2,0.5548979621886398,0.26200873362445415,,Low
79795,66,2,18.0,15.0,239.0,2.0,170.0,,,110.0,82.0,71.8,161.2,27.6,97.2,1.2834321381574367,0.18828451882845187,,Low
79798,26,2,16.0,18.0,218.0,2.0,184.0,100.0,83.6,108.0,64.0,65.9,164.6,24.3,77.4,0.44978046020428714,0.1834862385321101,0.023923444976076555,Low
79799,33,1,22.0,26.0,308.0,2.0,176.0,95.0,80.6,108.0,62.0,63.9,179.3,19.9,78.9,0.4622737471114338,0.17857142857142858,0.02481389578163772,Low
79800,55,2,17.0,21.0,293.0,2.0,161.0,68.0,92.6,122.0,56.0,124.3,151.8,53.9,140.2,0.6963608442684399,0.14505119453924914,0.021598272138228944,Low
79802,22,1,20.0,27.0,249.0,2.0,125.0,61.0,63.6,128.0,70.0,91.9,174.0,30.4,102.5,0.3400724477154422,0.2008032128514056,0.031446540880503145,Low
79804,20,2,19.0,8.0,283.0,2.0,197.0,137.0,59.6,112.0,58.0,64.4,162.8,24.3,86.8,0.4747360015033357,0.16784452296819788,0.03355704697986577,Low
79805,51,2,21.0,20.0,251.0,2.0,257.0,179.0,77.6,144.0,92.0,70.9,152.4,30.5,95.2,0.9541150613156472,0.20916334661354583,0.025773195876288662,Low
79806,19,2,18.0,18.0,288.0,2.0,185.0,,,102.0,44.0,81.8,163.9,30.5,86.7,0.2798964342196751,0.15625,,Low
79808,33,2,19.0,13.0,262.0,2.0,169.0,,,110.0,76.0,87.8,165.2,32.2,94.9,0.6637347767809516,0.18129770992366412,,Low
79809,38,1,30.0,23.0,213.0,2.0,187.0,,,126.0,50.0,74.6,178.5,23.4,79.7,1.1159926386153298,0.35211267605633806,,Low
79810,75,1,24.0,23.0,256.0,2.0,243.0,,,156.0,72.0,70.7,163.4,26.5,95.0,1.4661169738388071,0.234375,,Moderate
79812,65,1,44.0,47.0,182.0,2.0,148.0,89.0,58.6,128.0,68.0,112.9,169.3,39.4,127.5,2.2921641521097715,0.6043956043956045,0.034129692832764506,Moderate
79814,75,1,19.0,20.0,245.0,2.0,140.0,,,,,83.3,174.8,27.3,104.7,1.300570150178449,0.19387755102040816,,Moderate
79815,49,1,24.0,33.0,203.0,2.0,223.0,,,124.0,82.0,106.2,175.2,34.6,111.4,1.0084498689847323,0.29556650246305416,,Low
79816,78,1,16.0,16.0,148.0,2.0,163.0,97.0,65.6,104.0,58.0,77.5,167.0,27.8,101.5,2.108108108108108,0.2702702702702703,0.030487804878048783,Moderate
79819,80,2,25.0,18.0,226.0,2.0,235.0,,,118.0,72.0,89.3,154.3,37.5,108.2,2.085860711464742,0.27654867256637167,,Moderate
79820,18,2,28.0,20.0,231.0,2.0,152.0,,,110.0,58.0,86.3,173.0,28.8,87.8,0.48786937690904497,0.30303030303030304,,Low
79821,55,1,33.0,31.0,219.0,2.0,244.0,148.0,95.6,104.0,78.0,78.3,171.1,26.7,92.1,1.4885096948794359,0.37671232876712324,0.020920502092050212,Moderate
79823,47,1,25.0,21.0,228.0,2.0,202.0,,,118.0,84.0,88.0,177.4,28.0,95.2,1.1245878115232064,0.2741228070175438,,Low
79824,41,1,23.0,25.0,213.0,2.0,217.0,,,116.0,54.0,90.8,174.9,29.7,105.4,0.8854460093896713,0.26995305164319244,,Low
79825,70,1,19.0,15.0,202.0,2.0,195.0,111.0,83.6,120.0,72.0,99.6,179.2,31.0,117.5,1.7000223928897242,0.23514851485148514,0.023923444976076555,Moderate
79829,47,1,24.0,29.0,313.0,2.0,188.0,,,,,75.2,174.1,24.8,101.8,0.6692151484463723,0.19169329073482427,,Low
79831,44,1,32.0,27.0,291.0,1.0,152.0,103.0,48.8,106.0,64.0,73.7,176.2,23.7,80.3,0.9311674444662006,0.27491408934707906,0.020491803278688527,Low
79832,57,1,26.0,24.0,191.0,2.0,150.0,,,112.0,78.0,64.6,179.1,20.1,76.7,1.5838323729514268,0.3403141361256545,,Moderate
79833,54,1,22.0,24.0,202.0,2.0,169.0,69.0,99.6,124.0,76.0,71.3,167.6,25.4,96.7,1.2004924977006666,0.2722772277227723,0.020080321285140562,Low
79834,40,2,17.0,11.0,294.0,2.0,230.0,,,124.0,82.0,95.2,171.6,32.3,106.5,0.6973731779349635,0.1445578231292517,,Low
79835,37,1,27.0,42.0,182.0,2.0,168.0,86.0,81.6,116.0,64.0,102.2,180.0,31.5,107.3,0.8469727835831309,0.3708791208791209,0.02450980392156863,Low
79837,39,2,22.0,16.0,263.0,2.0,210.0,116.0,93.6,94.0,68.0,56.2,166.3,20.3,74.6,0.8155893536121673,0.20912547528517114,0.021367521367521368,Low
79838,60,2,21.0,17.0,271.0,2.0,141.0,,,150.0,78.0,63.7,151.9,27.6,97.0,1.1276564116080428,0.1937269372693727,,Low
79840,80,2,22.0,16.0,249.0,2.0,194.0,90.0,103.6,102.0,58.0,93.0,160.2,36.2,127.5,1.7670682730923695,0.2208835341365462,0.019305019305019305,Moderate
79841,70,1,27.0,27.0,244.0,2.0,188.0,,,124.0,62.0,114.2,177.2,36.4,122.4,1.490699465530591,0.2766393442622951,,Moderate
79843,49,2,28.0,21.0,229.0,2.0,168.0,,,122.0,84.0,61.9,158.6,24.6,85.8,1.3074015083134565,0.3056768558951965,,Moderate
79845,45,2,17.0,13.0,307.0,2.0,215.0,,,112.0,82.0,72.3,173.6,24.0,88.1,0.6911166939939745,0.13843648208469056,,Low
79846,39,1,20.0,22.0,328.0,2.0,212.0,,,,,71.7,177.9,22.7,84.8,0.5070017035285858,0.1524390243902439,,Low
79847,43,2,20.0,14.0,346.0,2.0,233.0,119.0,113.6,124.0,72.0,79.3,162.1,30.2,105.3,0.664290948106026,0.1445086705202312,0.017605633802816902,Low
79848,26,1,17.0,12.0,180.0,2.0,140.0,,,102.0,68.0,76.0,171.3,25.9,87.2,0.7088578305050405,0.2361111111111111,,Low
79849,75,2,22.0,18.0,266.0,2.0,195.0,,,,,89.8,152.2,38.8,112.7,1.4620628934308315,0.2067669172932331,,Moderate
79853,65,1,24.0,31.0,181.0,2.0,215.0,,,,,79.6,183.1,23.7,99.3,1.5479793986838057,0.3314917127071823,,Moderate
79857,41,2,14.0,12.0,239.0,2.0,246.0,,,118.0,74.0,79.1,159.9,30.9,105.9,0.693303461328128,0.14644351464435146,,Low
79859,52,2,26.0,12.0,232.0,2.0,210.0,,,86.0,64.0,79.4,167.2,28.4,92.0,1.6822792326387372,0.2801724137931034,,Moderate
79863,45,1,25.0,25.0,147.0,2.0,252.0,174.0,77.6,132.0,86.0,76.2,167.7,27.1,93.8,1.530612244897959,0.4251700680272109,0.025773195876288662,Moderate
79864,59,2,22.0,23.0,243.0,2.0,201.0,120.0,80.6,124.0,80.0,104.1,167.2,37.2,117.0,1.113793042987996,0.2263374485596708,0.02481389578163772,Low
79868,30,1,42.0,67.0,184.0,2.0,241.0,,,,,117.8,173.3,39.2,125.3,0.83659510809209,0.5706521739130435,,Low
79870,39,2,18.0,10.0,213.0,2.0,156.0,83.0,72.6,90.0,64.0,52.9,159.1,20.9,73.5,1.042215454196339,0.21126760563380284,0.027548209366391185,Low
79871,45,1,18.0,20.0,285.0,2.0,195.0,,,,,122.1,166.4,44.1,130.2,0.6355140567630981,0.15789473684210525,,Low
79872,54,1,34.0,46.0,172.0,2.0,264.0,,,126.0,82.0,105.8,180.0,32.7,110.5,1.5738571598859947,0.4941860465116279,,Moderate
79873,42,2,20.0,15.0,179.0,2.0,196.0,,,110.0,62.0,66.3,155.1,27.6,87.4,1.2116595943442199,0.27932960893854747,,Low
79877,31,2,21.0,14.0,271.0,2.0,187.0,,,114.0,58.0,69.4,163.1,26.1,85.2,0.6420187028966358,0.1937269372693727,,Low
79878,77,2,23.0,17.0,307.0,2.0,219.0,139.0,79.6,146.0,74.0,78.5,153.9,33.1,108.5,1.3991224493138297,0.18729641693811075,0.02512562814070352,Moderate
79880,64,2,20.0,17.0,184.0,2.0,209.0,139.0,69.6,,,64.9,145.4,30.7,108.0,1.6872043480788381,0.2717391304347826,0.02873563218390805,Moderate
79881,62,2,28.0,11.0,213.0,2.0,182.0,105.0,76.6,114.0,50.0,75.3,158.5,30.0,93.2,2.457388235619707,0.32863849765258213,0.026109660574412535,Moderate
79883,35,2,18.0,13.0,202.0,2.0,165.0,,,114.0,68.0,74.2,168.3,26.2,94.0,0.8650027812423128,0.2227722772277228,,Low
79884,62,2,21.0,18.0,220.0,2.0,247.0,,,112.0,56.0,77.9,156.4,31.8,,1.3949288319770985,0.23863636363636365,,Moderate
79885,69,1,30.0,21.0,183.0,2.0,214.0,121.0,92.6,,,91.5,176.4,29.4,111.5,2.4683662993907336,0.4098360655737705,0.021598272138228944,Moderate
79886,43,2,20.0,24.0,201.0,2.0,168.0,93.0,74.6,108.0,74.0,66.6,159.3,26.2,88.3,0.8733669895495578,0.24875621890547264,0.02680965147453083,Low
79887,69,1,27.0,31.0,197.0,2.0,196.0,98.0,97.6,170.0,76.0,71.8,153.7,30.4,108.4,1.6985009019080288,0.34263959390862947,0.020491803278688527,Moderate
79888,30,1,21.0,25.0,216.0,,198.0,140.0,,96.0,70.0,116.4,186.3,33.5,107.5,0.5833333333333334,0.24305555555555555,,Low
79889,76,2,25.0,23.0,165.0,2.0,186.0,86.0,99.6,130.0,76.0,90.2,160.4,35.1,112.8,2.401075070960255,0.3787878787878788,0.020080321285140562,Moderate
79890,41,1,27.0,28.0,222.0,2.0,211.0,,,,,98.8,173.5,32.8,101.1,0.942357368516249,0.30405405405405406,,Low
79891,62,1,21.0,27.0,94.0,2.0,123.0,,,134.0,70.0,64.4,172.1,21.7,86.9,2.665638476896783,0.5585106382978724,,Moderate
79894,58,1,28.0,28.0,192.0,2.0,163.0,,,146.0,82.0,96.3,177.3,30.6,104.2,1.5984747504348567,0.3645833333333333,,Moderate
79895,19,1,20.0,19.0,269.0,2.0,94.0,60.0,33.6,124.0,66.0,126.3,175.1,41.2,122.4,0.3240817058394552,0.18587360594795538,0.05952380952380952,Low
79896,22,1,19.0,47.0,175.0,2.0,109.0,59.0,49.6,136.0,74.0,109.2,182.4,32.8,116.3,0.3484089511206853,0.2714285714285714,0.04032258064516129,Low
79898,29,1,26.0,31.0,241.0,2.0,240.0,,,114.0,80.0,91.4,174.5,30.0,104.8,0.5619186627725654,0.2697095435684647,,Low
79899,37,1,17.0,22.0,213.0,2.0,201.0,133.0,67.6,126.0,68.0,84.2,173.1,28.1,101.2,0.6295927257637509,0.1995305164319249,0.02958579881656805,Low
79901,23,1,20.0,23.0,234.0,2.0,177.0,,,118.0,62.0,107.4,185.1,31.3,107.2,0.40990013019766836,0.2136752136752137,,Low
79902,30,2,19.0,11.0,226.0,2.0,140.0,,,102.0,56.0,66.1,164.4,24.5,80.2,0.7604489664129437,0.21017699115044247,,Low
79904,77,2,17.0,16.0,192.0,2.0,149.0,,,154.0,70.0,59.8,158.9,23.7,89.4,1.7044270833333333,0.22135416666666666,,Moderate
79906,50,2,19.0,23.0,226.0,2.0,184.0,124.0,59.6,126.0,78.0,90.0,162.1,34.3,111.0,0.8764986431602702,0.21017699115044247,0.03355704697986577,Low
79908,19,1,29.0,31.0,178.0,2.0,190.0,132.0,57.6,108.0,52.0,63.8,168.4,22.5,82.6,0.5559692214424324,0.40730337078651685,0.034722222222222224,Low
79912,20,2,23.0,26.0,241.0,2.0,127.0,,,118.0,66.0,59.3,166.2,21.5,73.0,0.37432955254591144,0.23858921161825725,,Low
79913,63,1,21.0,15.0,181.0,2.0,202.0,102.0,99.6,106.0,60.0,72.1,174.8,23.6,84.6,1.8872769675994152,0.29005524861878457,0.020080321285140562,Moderate
79915,64,1,30.0,50.0,237.0,2.0,174.0,91.0,82.6,134.0,82.0,85.3,177.6,27.0,99.7,1.1456919998971908,0.31645569620253167,0.02421307506053269,Low
79916,55,2,22.0,17.0,275.0,2.0,222.0,,,128.0,72.0,92.1,163.3,34.5,109.1,1.0671567501598649,0.2,,Low
79917,66,2,41.0,54.0,124.0,2.0,199.0,,,160.0,72.0,56.5,151.2,24.7,87.5,2.9696770806322936,0.8266129032258063,,High
79918,70,1,43.0,29.0,140.0,2.0,184.0,,,142.0,68.0,114.1,165.9,41.5,134.8,3.992449770806615,0.7678571428571428,,High
79919,62,2,26.0,26.0,233.0,2.0,262.0,179.0,82.6,140.0,78.0,68.6,157.8,27.5,92.0,1.3568206431019427,0.27896995708154504,0.02421307506053269,Moderate
79920,59,1,43.0,59.0,226.0,2.0,193.0,,,,,79.1,167.1,28.3,102.1,1.4614569343289832,0.4756637168141593,,Moderate
79921,43,2,21.0,19.0,179.0,2.0,179.0,85.0,93.6,110.0,72.0,45.6,145.5,21.5,74.9,1.157331886509035,0.29329608938547486,0.021367521367521368,Low
79923,50,1,18.0,21.0,230.0,2.0,232.0,,,150.0,90.0,86.1,172.1,29.1,100.6,0.8538960922277964,0.1956521739130435,,Low
79924,59,1,38.0,63.0,238.0,2.0,201.0,,,132.0,78.0,103.9,180.0,32.1,118.9,1.186829619729254,0.3991596638655462,,Low
79925,49,1,19.0,21.0,273.0,2.0,242.0,,,112.0,80.0,76.1,164.8,28.0,91.2,0.7441789590099227,0.17399267399267399,,Low
79926,28,2,26.0,16.0,229.0,2.0,200.0,,,112.0,66.0,67.5,168.2,23.9,90.7,0.7947598253275109,0.2838427947598253,,Low
79927,37,2,19.0,20.0,214.0,2.0,133.0,82.0,50.6,122.0,68.0,88.0,177.4,28.0,98.4,0.7345587795244636,0.22196261682242988,0.039525691699604744,Low
79928,67,2,22.0,19.0,202.0,2.0,203.0,,,124.0,84.0,60.0,158.1,24.0,87.5,1.6740534243822178,0.2722772277227723,,Moderate
79929,60,2,30.0,28.0,290.0,2.0,169.0,102.0,66.6,118.0,70.0,54.7,143.2,26.7,94.0,1.1729931920976018,0.25862068965517243,0.030030030030030033,Low
79932,22,1,31.0,27.0,300.0,2.0,188.0,,,156.0,80.0,75.2,173.5,25.0,91.5,0.4375032039859164,0.2583333333333333,,Low
79934,44,2,26.0,25.0,255.0,2.0,246.0,148.0,97.6,122.0,74.0,77.9,160.1,30.4,109.0,0.8972549019607843,0.25490196078431376,0.020491803278688527,Low
79936,55,1,21.0,18.0,342.0,2.0,224.0,,,150.0,86.0,66.6,174.4,21.9,89.7,0.796012019756786,0.15350877192982457,,Low
79938,31,1,28.0,20.0,202.0,2.0,106.0,,,122.0,66.0,91.0,176.0,29.4,93.1,0.9608450517177314,0.3465346534653465,,Low
79939,47,2,23.0,22.0,195.0,2.0,190.0,,,102.0,74.0,60.8,166.2,22.0,84.8,1.1818973045149481,0.2948717948717948,,Low
79940,26,2,16.0,10.0,235.0,2.0,227.0,,,114.0,46.0,68.3,154.6,28.6,94.5,0.5597904283532109,0.17021276595744683,,Low
79942,54,1,17.0,22.0,215.0,2.0,167.0,100.0,66.6,130.0,80.0,98.0,168.2,34.6,124.5,0.9103174772765134,0.19767441860465115,0.030030030030030033,Low
79944,58,2,23.0,22.0,203.0,2.0,173.0,116.0,56.6,160.0,70.0,105.6,159.7,41.4,116.1,1.401033278908297,0.2832512315270936,0.0353356890459364,Moderate
79946,43,2,16.0,13.0,285.0,2.0,151.0,,,114.0,62.0,56.9,165.1,20.9,78.2,0.6695328684262415,0.14035087719298248,,Low
79949,72,1,20.0,18.0,295.0,2.0,140.0,,,122.0,64.0,65.2,171.6,22.1,91.0,1.1505466270153994,0.1694915254237288,,Low
79950,37,2,17.0,19.0,307.0,2.0,209.0,,,108.0,66.0,88.5,154.3,37.2,118.2,0.4700407055523887,0.13843648208469056,,Low
79951,72,2,20.0,18.0,180.0,2.0,237.0,,,138.0,58.0,72.4,151.1,31.7,108.5,1.885618083164127,0.2777777777777778,,Moderate
79952,55,1,338.0,536.0,263.0,2.0,194.0,,,114.0,60.0,74.7,177.6,23.7,94.8,3.0531015269120694,3.2129277566539924,,High
79953,19,1,20.0,22.0,248.0,2.0,159.0,97.0,61.6,122.0,78.0,98.8,181.5,30.0,93.7,0.32667851699649986,0.20161290322580644,0.032467532467532464,Low
79954,80,1,22.0,16.0,122.0,2.0,119.0,53.0,65.6,110.0,0.0,83.2,168.4,29.3,107.4,3.6065573770491803,0.4508196721311476,0.030487804878048783,High
79955,37,1,28.0,55.0,184.0,2.0,208.0,,,100.0,74.0,71.5,170.9,24.5,93.4,0.7592076712086074,0.3804347826086956,,Low
79957,52,2,25.0,34.0,308.0,2.0,208.0,,,102.0,78.0,86.7,165.2,31.8,105.0,0.7238576645625373,0.2029220779220779,,Low
79958,70,2,23.0,22.0,202.0,2.0,179.0,96.0,82.6,128.0,70.0,70.7,161.5,27.1,94.5,1.699273036299667,0.28465346534653463,0.02421307506053269,Moderate
79959,19,2,19.0,19.0,254.0,2.0,217.0,,,110.0,56.0,93.1,173.4,31.0,101.0,0.32605936979241257,0.18700787401574803,,Low
79960,26,2,14.0,14.0,200.0,2.0,179.0,115.0,63.6,110.0,62.0,64.7,164.4,23.9,87.9,0.4864154602806124,0.175,0.031446540880503145,Low
79962,24,1,35.0,27.0,148.0,2.0,170.0,102.0,67.6,120.0,68.0,68.6,165.3,25.1,84.5,1.092284293061454,0.5912162162162162,0.02958579881656805,Low
79963,25,1,18.0,18.0,208.0,2.0,132.0,55.0,76.6,108.0,72.0,108.0,171.8,36.6,107.8,0.5099327748941449,0.21634615384615385,0.026109660574412535,Low
79965,50,2,18.0,12.0,229.0,2.0,214.0,123.0,90.6,138.0,82.0,84.2,161.2,32.4,99.0,1.1345310966608366,0.19650655021834063,0.02207505518763797,Low
79967,52,2,38.0,29.0,309.0,2.0,148.0,78.0,69.6,118.0,64.0,132.6,170.9,45.4,135.7,1.1874886350739629,0.3074433656957929,0.02873563218390805,Low
79969,52,2,31.0,37.0,332.0,2.0,205.0,81.0,123.6,136.0,80.0,73.7,167.9,26.1,94.2,0.7982264082416746,0.23343373493975905,0.016181229773462785,Low
79970,71,1,15.0,15.0,113.0,2.0,169.0,111.0,57.6,138.0,72.0,87.6,169.5,30.5,102.9,2.4334674122188193,0.33185840707964603,0.034722222222222224,Moderate
79972,34,2,20.0,26.0,339.0,2.0,165.0,75.0,89.6,106.0,54.0,71.8,156.4,29.4,97.2,0.39338929762231606,0.14749262536873156,0.022321428571428572,Low
79974,55,2,16.0,18.0,224.0,2.0,217.0,,,126.0,76.0,85.8,157.6,34.5,106.7,0.9259731658395266,0.17857142857142858,,Low
79977,74,1,18.0,15.0,175.0,2.0,132.0,,,124.0,66.0,101.5,175.4,33.0,118.2,1.9652624065326778,0.2571428571428571,,Moderate
79978,37,2,20.0,15.0,205.0,2.0,142.0,,,116.0,52.0,62.1,168.1,22.0,76.7,0.9320350166482888,0.24390243902439024,,Low
79979,80,1,22.0,16.0,171.0,2.0,230.0,137.0,92.6,146.0,50.0,66.7,159.4,26.3,95.9,2.573099415204678,0.32163742690058483,0.021598272138228944,Moderate
79980,47,1,23.0,42.0,432.0,2.0,194.0,,,94.0,62.0,116.5,174.9,38.1,128.4,0.38611555858569757,0.13310185185185186,,Low
79982,45,1,17.0,14.0,175.0,2.0,257.0,181.0,75.6,96.0,56.0,73.3,176.8,23.4,83.5,1.1683134289314552,0.24285714285714283,0.026455026455026457,Low
79985,36,1,25.0,43.0,274.0,2.0,193.0,,,126.0,70.0,110.5,186.2,31.9,108.7,0.5009077127713292,0.22810218978102187,,Low
79987,66,2,18.0,15.0,321.0,2.0,219.0,118.0,100.6,148.0,72.0,68.2,152.3,29.4,91.6,0.9555771994380916,0.14018691588785048,0.019880715705765408,Low
79989,42,2,75.0,73.0,223.0,2.0,293.0,218.0,74.6,118.0,84.0,89.8,168.0,31.8,107.5,1.6532718101695574,0.8408071748878924,0.02680965147453083,Moderate
79992,33,1,29.0,28.0,163.0,2.0,170.0,,,112.0,68.0,82.0,178.4,25.8,95.7,1.1095460143246332,0.44478527607361956,,Low
79996,22,1,38.0,81.0,299.0,2.0,270.0,,,140.0,94.0,147.1,184.9,43.0,129.7,0.31066518023039763,0.31772575250836116,,Low
79999,49,2,27.0,28.0,289.0,2.0,159.0,79.0,79.6,128.0,74.0,95.3,160.1,37.2,114.5,0.8651332141716395,0.23356401384083048,0.02512562814070352,Low
80000,26,2,20.0,11.0,198.0,2.0,122.0,49.0,72.6,114.0,60.0,61.4,174.9,20.1,75.9,0.7918479756587732,0.25252525252525254,0.027548209366391185,Low
80002,55,1,24.0,35.0,232.0,2.0,170.0,,,,,103.6,167.4,37.0,113.8,0.9617272553807257,0.25862068965517243,,Low
80005,40,2,19.0,29.0,254.0,2.0,177.0,118.0,58.6,112.0,76.0,76.8,155.2,31.9,95.2,0.5556238465140135,0.18700787401574803,0.034129692832764506,Low
80006,47,1,28.0,33.0,217.0,2.0,178.0,,,126.0,72.0,87.6,179.4,27.2,95.8,1.0556967522474578,0.3225806451612903,,Low
80007,73,1,53.0,47.0,193.0,2.0,201.0,118.0,82.6,128.0,74.0,67.2,156.3,27.5,85.5,2.924101824380073,0.6865284974093264,0.02421307506053269,High
80008,67,2,28.0,28.0,197.0,2.0,149.0,67.0,81.6,140.0,78.0,96.9,154.6,40.5,119.8,1.799648099911955,0.35532994923857864,0.02450980392156863,Moderate
80009,42,2,22.0,35.0,215.0,2.0,163.0,,,112.0,88.0,108.8,162.2,41.4,122.0,0.7264395640643249,0.2558139534883721,,Low
80010,39,1,26.0,23.0,182.0,2.0,252.0,174.0,77.6,,,75.8,174.2,25.0,87.8,1.1617231640322738,0.35714285714285715,0.025773195876288662,Low
80013,62,2,18.0,29.0,234.0,2.0,122.0,,,,,119.5,164.1,44.4,126.0,0.8856239205367089,0.19230769230769232,,Low
80014,80,1,24.0,7.0,208.0,2.0,165.0,,,136.0,82.0,107.1,187.6,30.4,,3.488902827777482,0.28846153846153844,,High
80015,48,1,43.0,72.0,191.0,2.0,161.0,119.0,41.6,118.0,74.0,141.5,176.3,45.5,143.8,1.273532632084672,0.56282722513089,0.04807692307692307,Low
80016,40,1,23.0,31.0,170.0,2.0,189.0,104.0,84.6,112.0,74.0,83.4,165.7,30.4,104.3,0.9719816344978407,0.338235294117647,0.023640661938534282,Low
80017,28,1,20.0,17.0,242.0,2.0,207.0,,,134.0,44.0,54.4,170.9,18.6,77.2,0.5612394628939936,0.2066115702479339,,Low
80019,44,1,46.0,82.0,356.0,2.0,188.0,,,,,69.4,164.6,25.6,94.4,0.6278466538637343,0.3230337078651685,,Low
80020,31,2,21.0,11.0,203.0,2.0,184.0,111.0,72.6,116.0,60.0,60.0,158.2,24.0,81.3,0.9669156912321386,0.25862068965517243,0.027548209366391185,Low
80022,21,1,19.0,17.0,258.0,2.0,183.0,113.0,69.6,,,62.6,175.9,20.2,76.0,0.3750841643003754,0.18410852713178294,0.02873563218390805,Low
80023,80,2,17.0,13.0,219.0,2.0,280.0,186.0,93.6,146.0,54.0,67.0,155.8,27.6,103.4,1.7223567736673782,0.19406392694063926,0.021367521367521368,Moderate
80024,48,2,19.0,20.0,267.0,2.0,210.0,134.0,75.6,152.0,80.0,91.2,157.2,36.9,101.6,0.7637805226516136,0.17790262172284643,0.026455026455026457,Low
80025,25,2,24.0,25.0,217.0,2.0,171.0,,,118.0,68.0,70.5,165.9,25.6,92.0,0.5529953917050692,0.2764976958525346,,Low
80026,55,2,27.0,28.0,219.0,2.0,211.0,132.0,78.6,,,120.2,165.8,43.7,110.9,1.2814548913669006,0.3082191780821918,0.025445292620865142,Low
80027,32,2,25.0,35.0,285.0,2.0,209.0,112.0,96.6,106.0,58.0,58.3,153.6,24.7,90.2,0.47447256405811455,0.21929824561403508,0.020703933747412008,Low
80030,63,1,21.0,20.0,166.0,2.0,191.0,127.0,63.6,124.0,54.0,75.7,171.0,25.9,98.2,1.78211923748929,0.31626506024096385,0.031446540880503145,Moderate
80031,33,1,23.0,23.0,175.0,2.0,186.0,119.0,66.6,136.0,78.0,89.2,183.7,26.4,93.9,0.90435680153897,0.32857142857142857,0.030030030030030033,Low
80034,39,2,14.0,11.0,286.0,2.0,140.0,,,130.0,78.0,184.8,179.5,57.4,164.2,0.5756125669211851,0.12237762237762237,,Low
80037,64,1,19.0,19.0,243.0,2.0,211.0,,,120.0,72.0,82.8,170.1,28.6,107.6,1.148022767023058,0.19547325102880658,,Low
80038,38,1,17.0,14.0,172.0,2.0,171.0,99.0,71.6,116.0,68.0,67.6,168.5,23.8,80.2,1.0037835016013148,0.24709302325581395,0.02793296089385475,Low
80040,70,2,25.0,15.0,248.0,2.0,192.0,107.0,84.6,160.0,84.0,65.1,172.0,22.0,86.5,1.8219679720061772,0.25201612903225806,0.023640661938534282,Moderate
80041,42,2,18.0,21.0,216.0,2.0,189.0,99.0,89.6,126.0,76.0,97.7,159.0,38.6,110.0,0.7637626158259734,0.20833333333333334,0.022321428571428572,Low
80043,38,2,16.0,14.0,334.0,2.0,165.0,,,118.0,68.0,95.4,153.2,40.6,108.5,0.4865114822836947,0.11976047904191617,,Low
80044,77,1,28.0,27.0,265.0,2.0,142.0,80.0,61.6,128.0,68.0,98.1,178.4,30.8,115.8,1.565744880972117,0.2641509433962264,0.032467532467532464,Moderate
80047,22,2,78.0,119.0,272.0,2.0,189.0,,,106.0,54.0,92.1,149.2,41.4,116.9,0.5783289047427981,0.7169117647058824,,Low
80048,24,1,21.0,32.0,267.0,2.0,199.0,,,130.0,66.0,93.9,179.4,29.2,101.5,0.33369084055994375,0.19662921348314608,,Low
80049,59,2,29.0,36.0,215.0,2.0,232.0,,,108.0,66.0,60.1,155.8,24.8,88.3,1.3263565891472868,0.3372093023255814,,Moderate
80052,62,2,23.0,20.0,220.0,2.0,203.0,,,184.0,86.0,49.7,156.0,20.4,74.2,1.4493786072339545,0.26136363636363635,,Moderate
80055,44,2,18.0,15.0,265.0,2.0,173.0,103.0,69.6,124.0,78.0,81.8,175.1,26.7,88.5,0.7716736629424589,0.16981132075471697,0.02873563218390805,Low
80056,41,2,17.0,14.0,216.0,2.0,190.0,96.0,93.6,96.0,54.0,57.0,162.8,21.5,79.7,0.8624124333933324,0.19675925925925924,0.021367521367521368,Low
80057,34,2,19.0,14.0,399.0,2.0,160.0,,,114.0,72.0,60.2,163.7,22.5,73.6,0.43270867738202046,0.11904761904761904,,Low
80059,47,2,23.0,17.0,182.0,2.0,212.0,140.0,71.6,102.0,64.0,62.9,156.4,25.7,87.1,1.4405550036498678,0.3159340659340659,0.02793296089385475,Moderate
80060,42,2,23.0,17.0,308.0,2.0,181.0,91.0,89.6,110.0,64.0,84.1,161.4,32.3,103.4,0.7606799148866807,0.18668831168831165,0.022321428571428572,Low
80061,50,2,30.0,26.0,340.0,2.0,215.0,126.0,88.6,132.0,72.0,84.5,164.1,31.4,106.9,0.8652182432566943,0.22058823529411764,0.022573363431151242,Low
80062,34,1,24.0,32.0,307.0,2.0,203.0,,,128.0,76.0,104.1,181.1,31.7,113.2,0.46986900117933444,0.19543973941368079,,Low
80063,80,1,24.0,22.0,161.0,2.0,198.0,,,126.0,58.0,93.9,170.8,32.2,,2.542517859644547,0.37267080745341613,,Moderate
80064,32,1,34.0,22.0,240.0,2.0,209.0,,,114.0,76.0,86.7,167.7,30.8,96.7,0.9665099141454339,0.35416666666666663,,Low
80066,60,2,23.0,20.0,312.0,2.0,229.0,,,134.0,66.0,88.1,170.8,30.2,101.1,0.9890300669710608,0.18429487179487178,,Low
80067,65,1,26.0,23.0,344.0,2.0,149.0,,,148.0,82.0,63.4,164.2,23.5,91.5,1.024387673710629,0.18895348837209303,,Low
80072,80,2,22.0,19.0,215.0,2.0,247.0,,,126.0,60.0,73.4,152.6,31.5,101.4,1.8780078679636683,0.2558139534883721,,Moderate
80073,57,2,24.0,21.0,275.0,2.0,241.0,,,134.0,84.0,57.6,155.3,23.9,84.1,1.085534813973955,0.2181818181818182,,Low
80075,32,1,23.0,22.0,278.0,2.0,135.0,,,122.0,78.0,71.6,170.0,24.8,93.0,0.5644450620062205,0.2068345323741007,,Low
80078,80,1,19.0,21.0,219.0,2.0,127.0,,,128.0,60.0,71.1,166.4,25.7,,1.5145716582589426,0.2168949771689498,,Moderate
80079,26,1,27.0,36.0,159.0,2.0,140.0,,,126.0,64.0,130.0,189.6,36.2,116.8,0.7358490566037735,0.42452830188679247,,Low
80080,70,2,23.0,26.0,209.0,2.0,166.0,,,124.0,74.0,69.7,167.3,24.9,94.8,1.510751088863523,0.2751196172248804,,Moderate
80082,79,2,24.0,19.0,183.0,2.0,246.0,139.0,106.6,118.0,40.0,88.4,169.9,30.6,101.1,2.37689743944582,0.32786885245901637,0.01876172607879925,Moderate
80083,41,1,32.0,37.0,159.0,2.0,290.0,,,114.0,74.0,81.2,170.9,27.8,97.6,1.3565501342429482,0.5031446540880504,,Moderate
80084,80,2,23.0,14.0,133.0,2.0,175.0,,,132.0,66.0,62.5,146.0,29.3,107.5,3.697448760292187,0.4323308270676692,,High
80087,30,2,18.0,17.0,273.0,2.0,230.0,,,114.0,82.0,101.1,161.8,38.6,102.2,0.4797407967751642,0.16483516483516483,,Low
80088,22,1,21.0,13.0,247.0,2.0,171.0,,,122.0,70.0,81.9,170.0,28.3,94.7,0.5187681997086151,0.2125506072874494,,Low
80089,51,2,30.0,22.0,297.0,2.0,175.0,,,110.0,68.0,72.4,153.9,30.6,100.8,1.0983067206198112,0.25252525252525254,,Low
80091,65,1,54.0,96.0,123.0,2.0,161.0,96.0,64.6,126.0,76.0,96.7,176.6,31.0,114.7,2.912503047821462,1.0975609756097562,0.030959752321981428,High
80092,65,2,30.0,25.0,193.0,2.0,250.0,,,134.0,76.0,50.5,154.4,21.2,82.7,2.0207253886010363,0.38860103626943004,,Moderate
80094,69,2,26.0,21.0,299.0,2.0,145.0,,,124.0,68.0,47.6,143.4,23.1,81.7,1.3093073414159544,0.21739130434782608,,Moderate
80095,24,2,22.0,14.0,182.0,2.0,176.0,,,102.0,76.0,62.5,177.9,19.7,72.1,0.7753512952184619,0.30219780219780223,,Low
80096,57,2,26.0,35.0,259.0,2.0,210.0,122.0,87.6,138.0,78.0,75.5,154.5,31.6,101.5,0.9671958343688506,0.25096525096525096,0.022831050228310504,Low
80097,48,1,20.0,15.0,261.0,2.0,193.0,,,116.0,74.0,92.0,176.1,29.7,104.4,0.9496970657366846,0.19157088122605362,,Low
80100,30,1,27.0,47.0,295.0,2.0,179.0,86.0,92.6,124.0,74.0,145.8,183.3,43.4,138.4,0.4005106546213376,0.22881355932203393,0.021598272138228944,Low
80101,29,1,27.0,24.0,236.0,2.0,191.0,,,122.0,64.0,89.4,166.5,32.2,103.8,0.6772423971042475,0.2860169491525424,,Low
80102,57,2,23.0,17.0,230.0,2.0,223.0,,,110.0,78.0,73.5,154.7,30.7,107.2,1.382453062707098,0.24999999999999997,,Moderate
80103,53,1,19.0,22.0,166.0,2.0,173.0,122.0,50.6,116.0,76.0,121.8,171.8,41.3,129.8,1.2933320564463837,0.286144578313253,0.039525691699604744,Low
80105,62,1,31.0,21.0,148.0,2.0,229.0,153.0,75.6,136.0,80.0,99.1,191.4,27.1,99.5,2.8338836826593066,0.5236486486486487,0.026455026455026457,High
80107,44,2,26.0,21.0,289.0,2.0,226.0,124.0,101.6,106.0,74.0,89.8,167.7,31.9,99.3,0.8638106104843436,0.2249134948096886,0.01968503937007874,Low
80109,33,2,24.0,21.0,213.0,2.0,188.0,,,100.0,56.0,120.3,155.7,49.6,130.3,0.8114017327084788,0.2816901408450704,,Low
80110,20,2,16.0,13.0,206.0,2.0,185.0,,,106.0,66.0,48.5,161.0,18.7,72.1,0.4308351038642556,0.19417475728155342,,Low
80111,18,2,18.0,16.0,271.0,2.0,237.0,170.0,66.6,126.0,84.0,78.9,163.5,29.5,101.7,0.2988929889298893,0.16605166051660517,0.030030030030030033,Low
80112,60,1,31.0,28.0,256.0,2.0,293.0,187.0,105.6,132.0,62.0,96.9,183.9,28.7,95.9,1.3730740621038333,0.302734375,0.01893939393939394,Moderate
80114,60,2,20.0,8.0,267.0,2.0,201.0,122.0,78.6,156.0,90.0,59.9,159.3,23.6,84.0,1.5890040026663987,0.18726591760299627,0.025445292620865142,Moderate
80115,80,1,27.0,15.0,273.0,2.0,159.0,,,140.0,70.0,89.3,172.9,29.9,110.3,2.042892314483033,0.2472527472527473,,Moderate
80119,80,2,19.0,18.0,230.0,2.0,219.0,134.0,84.6,124.0,56.0,83.0,157.3,33.5,104.5,1.5576845034834093,0.20652173913043476,0.023640661938534282,Moderate
80120,65,2,46.0,41.0,291.0,2.0,123.0,,,134.0,68.0,76.9,153.1,32.8,106.7,1.6046719864155743,0.3951890034364261,,Moderate
80121,68,1,28.0,25.0,233.0,2.0,194.0,107.0,86.6,,,69.5,165.4,25.4,97.3,1.6343347639484977,0.3004291845493562,0.023094688221709007,Moderate
80122,56,2,21.0,15.0,290.0,2.0,160.0,79.0,80.6,142.0,80.0,65.9,156.1,27.0,86.5,1.047041014974695,0.1810344827586207,0.02481389578163772,Low
80123,71,1,32.0,32.0,179.0,2.0,217.0,,,130.0,68.0,70.7,169.9,24.5,89.1,2.243780177172955,0.446927374301676,,Moderate
80124,70,1,18.0,20.0,347.0,2.0,239.0,,,138.0,66.0,101.8,176.5,32.7,122.9,0.8119439918298947,0.12968299711815562,,Low
80127,57,1,22.0,27.0,215.0,2.0,193.0,,,134.0,82.0,103.3,171.7,35.0,119.7,1.1224763373082027,0.2558139534883721,,Low
80128,22,2,17.0,17.0,330.0,2.0,186.0,107.0,78.6,116.0,84.0,87.4,159.6,34.3,112.0,0.2748737083745107,0.12878787878787878,0.025445292620865142,Low
80129,76,1,21.0,17.0,274.0,2.0,136.0,78.0,57.6,102.0,58.0,126.0,164.9,46.3,,1.4127257575109031,0.19160583941605838,0.034722222222222224,Moderate
80130,51,1,22.0,16.0,166.0,2.0,199.0,128.0,70.6,124.0,68.0,71.8,184.3,21.1,87.0,1.6897590361445782,0.3313253012048193,0.028328611898017,Moderate
80131,34,2,20.0,13.0,133.0,2.0,142.0,,,100.0,56.0,50.7,160.4,19.7,70.2,1.4180305768163755,0.37593984962406013,,Moderate
80132,37,1,29.0,45.0,260.0,2.0,254.0,,,134.0,88.0,76.9,169.3,26.8,93.3,0.6152053691941729,0.27884615384615385,,Low
80133,80,1,22.0,23.0,152.0,2.0,142.0,53.0,88.6,144.0,58.0,83.6,172.6,28.1,105.8,2.414377425924024,0.3618421052631579,0.022573363431151242,Moderate
80134,18,2,26.0,27.0,255.0,2.0,160.0,,,92.0,56.0,68.6,150.5,30.3,93.2,0.3532025176218887,0.25490196078431376,,Low
80136,65,1,30.0,30.0,174.0,2.0,179.0,108.0,70.6,186.0,82.0,82.2,167.1,29.4,102.5,2.046090013668724,0.43103448275862066,0.028328611898017,Moderate
80137,30,1,18.0,18.0,199.0,2.0,188.0,119.0,68.6,102.0,62.0,51.2,170.6,17.6,66.2,0.6395940734350682,0.22613065326633164,0.02915451895043732,Low
80138,55,2,24.0,23.0,288.0,2.0,162.0,96.0,65.6,,,71.8,143.0,35.1,95.2,0.9556910644282594,0.20833333333333334,0.030487804878048783,Low
80139,39,2,29.0,28.0,197.0,2.0,185.0,,,114.0,66.0,61.2,161.6,23.4,88.2,1.0849690836889239,0.3680203045685279,,Low
80140,29,2,22.0,20.0,140.0,2.0,117.0,69.0,47.6,106.0,70.0,85.5,165.6,31.2,100.1,1.019008121174904,0.3928571428571429,0.04201680672268907,Low
80143,27,1,20.0,21.0,257.0,2.0,155.0,,,114.0,56.0,93.9,185.3,27.3,98.3,0.45851229855033415,0.19455252918287938,,Low
80144,50,1,27.0,26.0,215.0,2.0,170.0,,,,,91.1,186.9,26.1,94.6,1.2314268950537137,0.313953488372093,,Low
80145,22,1,81.0,84.0,265.0,2.0,166.0,72.0,93.6,106.0,76.0,67.7,168.6,23.8,82.9,0.7337061894349781,0.7641509433962264,0.021367521367521368,Low
80146,33,1,22.0,20.0,206.0,2.0,204.0,141.0,62.6,106.0,70.0,92.8,181.5,28.2,110.1,0.7880511415848773,0.26699029126213597,0.03194888178913738,Low
80148,80,1,13.0,14.0,210.0,2.0,180.0,117.0,62.6,126.0,44.0,123.6,172.6,41.5,,1.3235794837567685,0.15476190476190477,0.03194888178913738,Moderate
80149,20,2,19.0,20.0,217.0,2.0,185.0,,,102.0,60.0,72.6,156.8,29.5,95.4,0.3915695075806083,0.21889400921658986,,Low
80152,64,1,20.0,17.0,192.0,2.0,149.0,,,148.0,64.0,78.7,167.7,28.0,107.4,1.6169041669088866,0.26041666666666663,,Moderate
80153,53,2,19.0,14.0,330.0,2.0,233.0,137.0,95.6,,,111.5,171.4,38.0,107.6,0.8155517291085193,0.14393939393939392,0.020920502092050212,Low
80154,35,2,15.0,11.0,167.0,2.0,166.0,103.0,62.6,118.0,72.0,83.2,165.7,30.3,104.7,0.9478650054091371,0.2245508982035928,0.03194888178913738,Low
80155,52,1,27.0,15.0,189.0,2.0,160.0,,,126.0,80.0,67.6,173.8,22.4,86.9,1.9180488952646255,0.35714285714285715,,Moderate
80156,45,1,21.0,27.0,233.0,2.0,224.0,,,122.0,72.0,74.4,163.9,27.7,92.4,0.7805379175739575,0.22532188841201717,,Low
80158,35,1,32.0,62.0,198.0,2.0,223.0,121.0,101.6,126.0,72.0,132.4,188.7,37.2,125.1,0.7183845567687543,0.40404040404040403,0.01968503937007874,Low
80163,63,2,29.0,22.0,199.0,2.0,214.0,,,138.0,74.0,74.6,160.0,29.1,93.9,1.957375421013569,0.36432160804020103,,Moderate
80164,19,1,16.0,14.0,206.0,2.0,127.0,71.0,55.6,132.0,54.0,89.6,174.0,29.6,84.0,0.3944049395212476,0.19417475728155342,0.03597122302158273,Low
80165,65,2,16.0,18.0,251.0,2.0,189.0,,,156.0,86.0,82.7,146.6,38.5,109.2,0.97661494347146,0.1593625498007968,,Low
80168,38,1,20.0,21.0,243.0,2.0,174.0,,,118.0,68.0,85.5,177.1,27.3,104.3,0.6824921669932272,0.205761316872428,,Low
80170,50,2,26.0,38.0,284.0,2.0,172.0,108.0,63.6,132.0,72.0,120.6,167.6,42.9,132.6,0.7425628432041947,0.22887323943661972,0.031446540880503145,Low
80174,61,2,24.0,23.0,204.0,2.0,247.0,,,110.0,64.0,87.2,154.5,36.5,,1.4963975597037131,0.29411764705882354,,Moderate
80175,64,1,22.0,22.0,194.0,2.0,144.0,98.0,45.6,112.0,70.0,129.1,164.7,47.6,135.5,1.5473536527252552,0.2835051546391753,0.043859649122807015,Moderate
80178,35,1,36.0,56.0,242.0,2.0,177.0,,,134.0,76.0,86.7,181.5,26.3,92.5,0.6957627372100305,0.371900826446281,,Low
80179,75,2,24.0,20.0,233.0,2.0,270.0,186.0,83.6,110.0,68.0,71.3,163.8,26.6,104.5,1.7274344890556315,0.2575107296137339,0.023923444976076555,Moderate
80181,69,2,23.0,22.0,166.0,2.0,248.0,157.0,90.6,,,73.5,164.7,27.1,,2.0382502220262273,0.3463855421686747,0.02207505518763797,Moderate
80183,75,1,17.0,15.0,121.0,2.0,149.0,,,142.0,64.0,162.1,188.1,45.8,,2.7206907803936398,0.3512396694214876,,High
80185,61,1,30.0,22.0,221.0,2.0,218.0,115.0,102.6,122.0,70.0,83.8,180.8,25.6,102.0,1.765417696519308,0.3393665158371041,0.019493177387914232,Moderate
80187,60,1,18.0,13.0,270.0,2.0,124.0,,,154.0,100.0,79.2,175.0,25.9,96.0,1.1094003924504583,0.16666666666666669,,Low
80188,55,1,29.0,25.0,264.0,2.0,188.0,,,140.0,82.0,76.3,180.3,23.5,86.7,1.2083333333333333,0.2746212121212121,,Low
80189,18,1,19.0,26.0,164.0,2.0,140.0,82.0,57.6,,,60.7,186.3,17.5,72.6,0.4089738915686521,0.2896341463414634,0.034722222222222224,Low
80190,33,2,18.0,14.0,416.0,2.0,200.0,,,,,75.2,147.9,34.4,96.0,0.38161821561533676,0.10817307692307693,,Low
80194,18,2,27.0,28.0,289.0,2.0,133.0,,,102.0,56.0,58.5,166.0,21.2,72.1,0.3178040378589696,0.23356401384083048,,Low
80197,44,1,29.0,33.0,203.0,2.0,239.0,175.0,63.6,104.0,70.0,76.3,172.1,25.8,93.2,1.0942024088643865,0.35714285714285715,0.031446540880503145,Low
80199,61,2,25.0,17.0,312.0,2.0,243.0,160.0,82.6,142.0,68.0,80.0,164.4,29.6,94.8,1.1854706031423325,0.2003205128205128,0.02421307506053269,Low
80200,57,1,19.0,24.0,280.0,2.0,176.0,108.0,67.6,118.0,82.0,102.3,188.0,28.9,111.9,0.7895230331649352,0.16964285714285715,0.02958579881656805,Low
80201,63,2,28.0,14.0,157.0,2.0,188.0,120.0,67.6,132.0,80.0,32.3,144.6,15.4,65.2,3.0028587944809972,0.445859872611465,0.02958579881656805,High
80202,49,1,20.0,16.0,222.0,2.0,282.0,,,156.0,88.0,73.9,169.3,25.8,90.5,1.1036036036036037,0.22522522522522523,,Low
80203,67,1,35.0,35.0,187.0,2.0,156.0,86.0,69.6,110.0,72.0,59.9,156.5,24.5,96.0,2.119664949024996,0.4679144385026738,0.02873563218390805,Moderate
80204,59,1,78.0,69.0,176.0,2.0,193.0,,,172.0,96.0,96.0,169.6,33.4,114.5,3.147816453981306,1.1079545454545454,,High
80205,75,1,27.0,29.0,246.0,2.0,150.0,,,,,81.5,175.4,26.5,113.5,1.5285896740184146,0.27439024390243905,,Moderate
80206,63,2,20.0,15.0,189.0,2.0,185.0,,,,,69.5,175.3,22.6,92.0,1.7213259316477407,0.26455026455026454,,Moderate
80207,49,2,18.0,15.0,232.0,2.0,157.0,,,120.0,76.0,101.7,162.1,38.7,109.0,0.9816009515387762,0.1939655172413793,,Low
80210,37,1,61.0,113.0,288.0,2.0,161.0,103.0,57.6,134.0,78.0,80.7,165.1,29.6,100.6,0.7372246527575621,0.5295138888888888,0.034722222222222224,Low
80212,56,2,27.0,26.0,190.0,2.0,197.0,95.0,101.6,122.0,84.0,78.5,153.6,33.3,95.5,1.56067155962597,0.35526315789473684,0.01968503937007874,Moderate
80214,46,1,30.0,20.0,262.0,2.0,212.0,,,124.0,66.0,69.1,181.2,21.0,81.0,1.1777762629579045,0.2862595419847328,,Low
80215,22,1,16.0,16.0,226.0,2.0,167.0,90.0,76.6,126.0,74.0,67.8,174.4,22.3,81.0,0.3893805309734513,0.1769911504424779,0.026109660574412535,Low
80217,28,2,17.0,13.0,242.0,2.0,151.0,73.0,77.6,100.0,52.0,116.3,160.3,45.3,123.8,0.5455315979405146,0.1756198347107438,0.025773195876288662,Low
80218,72,2,23.0,19.0,216.0,2.0,181.0,,,140.0,60.0,60.9,153.2,25.9,95.0,1.7588539596743067,0.2662037037037037,,Moderate
80220,48,2,31.0,32.0,305.0,2.0,251.0,,,126.0,72.0,92.2,165.0,33.9,106.5,0.8624384347586743,0.2540983606557377,,Low
80222,57,2,22.0,18.0,229.0,2.0,206.0,122.0,83.6,112.0,66.0,63.8,158.0,25.6,88.7,1.2907014608557943,0.24017467248908297,0.023923444976076555,Low
80225,40,2,22.0,25.0,172.0,2.0,143.0,69.0,73.6,162.0,76.0,54.2,152.1,23.4,84.3,1.0232558139534884,0.31976744186046513,0.027173913043478264,Low
80226,30,1,14.0,9.0,174.0,2.0,115.0,65.0,49.6,112.0,40.0,73.2,182.4,22.0,89.8,0.8045977011494253,0.20114942528735633,0.04032258064516129,Low
80227,37,1,30.0,42.0,209.0,2.0,195.0,119.0,75.6,126.0,72.0,89.0,178.7,27.9,97.2,0.8195058299422106,0.3588516746411483,0.026455026455026457,Low
80231,36,2,23.0,16.0,300.0,2.0,163.0,97.0,65.6,98.0,66.0,96.3,161.6,36.9,113.7,0.69,0.19166666666666665,0.030487804878048783,Low
80233,21,1,21.0,30.0,222.0,2.0,126.0,,,110.0,66.0,68.5,166.3,24.8,78.6,0.36268115294261,0.2364864864864865,,Low
80234,50,2,19.0,17.0,218.0,2.0,182.0,,,,,55.8,156.6,22.8,81.9,1.0569213017638364,0.2178899082568807,,Low
80235,44,2,28.0,29.0,291.0,2.0,195.0,,,118.0,72.0,68.5,160.8,26.5,93.0,0.7861740777805083,0.24054982817869414,,Low
80236,22,2,28.0,32.0,266.0,2.0,160.0,,,114.0,42.0,66.5,163.0,25.0,84.1,0.40937761016063273,0.2631578947368421,,Low
80237,59,1,25.0,21.0,291.0,2.0,140.0,,,106.0,66.0,93.4,186.8,26.8,105.2,1.1060872443233292,0.2147766323024055,,Low
80238,22,1,21.0,19.0,280.0,2.0,223.0,140.0,82.6,124.0,54.0,85.9,173.3,28.6,90.8,0.3785359608864269,0.18750000000000003,0.02421307506053269,Low
80240,33,2,20.0,16.0,303.0,2.0,142.0,,,102.0,64.0,60.2,161.1,23.2,85.0,0.5445544554455446,0.16501650165016502,,Low
80241,61,2,23.0,14.0,189.0,2.0,158.0,76.0,81.6,116.0,74.0,86.0,153.2,36.6,114.9,1.9839551449901134,0.3042328042328042,0.02450980392156863,Moderate
80242,22,1,19.0,15.0,203.0,2.0,137.0,72.0,64.6,108.0,64.0,55.4,174.5,18.2,,0.5316607680508046,0.23399014778325125,0.030959752321981428,Low
80244,35,2,19.0,19.0,207.0,2.0,213.0,108.0,104.6,104.0,64.0,87.8,169.4,30.6,105.3,0.7370118986662973,0.22946859903381642,0.019120458891013385,Low
80245,20,1,22.0,21.0,181.0,2.0,173.0,,,128.0,80.0,152.2,174.2,50.2,138.3,0.530474429302965,0.3038674033149172,,Low
80247,58,2,31.0,27.0,221.0,2.0,222.0,,,114.0,64.0,79.7,160.2,31.1,,1.5657251644086683,0.35067873303167424,,Moderate
80248,29,2,25.0,19.0,362.0,2.0,170.0,,,94.0,68.0,63.1,169.0,22.1,81.2,0.4594652128623129,0.17265193370165746,,Low
80249,50,1,13.0,12.0,157.0,2.0,176.0,106.0,69.6,136.0,98.0,84.8,168.2,30.0,111.4,1.1951518311250215,0.2070063694267516,0.02873563218390805,Low
80250,72,1,24.0,25.0,246.0,2.0,132.0,67.0,64.6,130.0,76.0,103.8,177.2,33.1,117.4,1.4048780487804877,0.24390243902439024,0.030959752321981428,Moderate
80251,27,2,30.0,25.0,368.0,2.0,147.0,69.0,77.6,118.0,72.0,71.1,166.3,25.7,94.1,0.44021739130434784,0.20380434782608695,0.025773195876288662,Low
80252,64,2,33.0,20.0,258.0,2.0,184.0,89.0,94.6,,,52.2,160.2,20.3,,1.8304556466975024,0.31976744186046513,0.021141649048625793,Moderate
80254,31,2,18.0,25.0,269.0,2.0,151.0,84.0,66.6,104.0,68.0,61.1,156.1,25.1,,0.41486988847583645,0.16728624535315986,0.030030030030030033,Low
80257,31,2,16.0,12.0,280.0,2.0,176.0,,,112.0,60.0,85.1,167.4,30.4,92.0,0.51136738128224,0.14285714285714285,,Low
80258,19,1,25.0,22.0,184.0,2.0,198.0,102.0,95.6,114.0,52.0,63.4,173.2,21.1,70.7,0.55038228407019,0.33967391304347827,0.020920502092050212,Low
80259,27,1,20.0,12.0,182.0,2.0,192.0,129.0,62.6,92.0,54.0,70.2,166.4,25.4,81.8,0.8565086411054889,0.27472527472527475,0.03194888178913738,Low
80260,40,1,22.0,21.0,227.0,2.0,211.0,153.0,57.6,122.0,64.0,74.1,182.1,22.3,91.8,0.8459548167738912,0.24229074889867844,0.034722222222222224,Low
80261,38,2,18.0,14.0,197.0,2.0,147.0,,,,,57.4,156.9,23.3,87.2,0.9279527384167425,0.2284263959390863,,Low
80262,73,2,20.0,15.0,199.0,2.0,228.0,121.0,106.6,100.0,54.0,66.9,160.2,26.1,95.3,1.8943235127178657,0.25125628140703515,0.01876172607879925,Moderate
80263,52,1,26.0,43.0,251.0,2.0,196.0,,,154.0,92.0,128.8,182.2,38.8,139.2,0.821426562110285,0.2589641434262948,,Low
80264,21,2,22.0,20.0,265.0,2.0,165.0,,,106.0,76.0,67.0,160.7,25.9,86.2,0.3898352473980765,0.20754716981132076,,Low
80265,35,2,28.0,26.0,323.0,2.0,167.0,,,128.0,68.0,65.4,168.6,23.0,85.0,0.5950272830817969,0.21671826625386995,,Low
80266,69,2,20.0,18.0,320.0,2.0,231.0,,,126.0,66.0,81.4,155.9,33.5,123.5,1.0164659979556623,0.15625,,Low
80267,61,1,20.0,14.0,226.0,2.0,155.0,87.0,67.6,122.0,74.0,77.6,171.1,26.5,95.5,1.4427376775803442,0.22123893805309736,0.02958579881656805,Moderate
80268,71,1,23.0,19.0,214.0,2.0,188.0,,,144.0,80.0,71.2,162.0,27.1,95.5,1.750635015937511,0.2686915887850467,,Moderate
80269,25,1,28.0,30.0,200.0,2.0,158.0,93.0,64.6,96.0,76.0,71.1,171.9,24.1,80.0,0.6390096504226938,0.35,0.030959752321981428,Low
80272,41,2,17.0,19.0,267.0,2.0,227.0,158.0,68.6,132.0,82.0,88.6,157.3,35.8,102.8,0.5988867659467473,0.15917602996254682,0.02915451895043732,Low
80273,44,1,20.0,18.0,333.0,2.0,171.0,,,128.0,86.0,79.2,177.8,25.1,94.5,0.6228768442884504,0.15015015015015015,,Low
80274,70,2,16.0,13.0,297.0,2.0,221.0,118.0,102.6,108.0,70.0,54.7,159.4,21.5,74.4,1.045899359885954,0.13468013468013468,0.019493177387914232,Low
80275,24,1,15.0,12.0,168.0,2.0,168.0,106.0,61.6,120.0,74.0,51.4,173.1,17.2,67.7,0.6185895741317419,0.2232142857142857,0.032467532467532464,Low
80277,57,2,25.0,24.0,245.0,2.0,213.0,,,132.0,84.0,90.8,163.2,34.1,102.6,1.1872526814510302,0.25510204081632654,,Low
80278,47,1,32.0,34.0,252.0,2.0,202.0,131.0,70.6,116.0,78.0,84.8,159.1,33.5,104.2,1.0235471113267194,0.31746031746031744,0.028328611898017,Low
80279,38,1,19.0,17.0,167.0,2.0,150.0,82.0,67.6,112.0,76.0,78.6,179.0,24.5,89.4,1.0485671932708527,0.28443113772455086,0.02958579881656805,Low
80280,31,2,22.0,32.0,293.0,2.0,125.0,,,100.0,66.0,58.1,148.0,26.5,87.2,0.41147339997374177,0.1877133105802048,,Low
80281,44,2,21.0,12.0,346.0,2.0,160.0,,,114.0,88.0,114.1,158.7,45.3,140.2,0.7709127871838356,0.1517341040462428,,Low
80285,50,1,39.0,59.0,281.0,2.0,176.0,90.0,85.6,100.0,76.0,79.1,164.4,29.3,95.2,0.9034461794042938,0.3469750889679715,0.023364485981308414,Low
80286,38,1,22.0,21.0,371.0,2.0,214.0,165.0,48.6,116.0,66.0,98.5,172.8,33.0,105.1,0.49172548851021464,0.1482479784366577,0.0411522633744856,Low
80287,21,2,11.0,13.0,314.0,2.0,198.0,124.0,73.6,,,72.9,157.7,29.3,99.4,0.2040378110318916,0.08757961783439491,0.027173913043478264,Low
80288,64,1,23.0,22.0,177.0,2.0,237.0,,,102.0,60.0,90.6,187.3,25.8,92.2,1.773059064833099,0.3248587570621469,,Moderate
80289,37,2,16.0,20.0,273.0,2.0,146.0,89.0,56.6,104.0,62.0,80.7,162.9,30.4,93.1,0.4848909313845698,0.14652014652014653,0.0353356890459364,Low
80291,31,1,20.0,16.0,187.0,2.0,114.0,,,124.0,60.0,83.4,184.8,24.4,86.3,0.8288770053475936,0.267379679144385,,Low
80292,69,2,21.0,23.0,293.0,2.0,186.0,81.0,104.6,132.0,68.0,72.1,154.3,30.3,99.4,1.031185617640619,0.17918088737201365,0.019120458891013385,Low
80295,38,2,18.0,18.0,263.0,2.0,154.0,86.0,67.6,108.0,66.0,55.1,158.0,22.1,78.6,0.6130051182909995,0.1711026615969582,0.02958579881656805,Low
80296,64,2,17.0,11.0,270.0,2.0,158.0,98.0,59.6,122.0,74.0,64.2,157.3,25.9,90.4,1.2149790477800253,0.1574074074074074,0.03355704697986577,Low
80300,61,2,33.0,33.0,364.0,2.0,235.0,151.0,83.6,,,110.1,169.6,38.3,115.4,0.9626876962604938,0.22664835164835162,0.023923444976076555,Low
80301,24,1,25.0,17.0,199.0,2.0,119.0,,,100.0,68.0,67.6,182.1,20.4,74.9,0.7312631910643205,0.314070351758794,,Low
80302,33,2,22.0,24.0,336.0,2.0,123.0,,,100.0,54.0,102.1,158.3,40.7,117.7,0.4410539566618521,0.1636904761904762,,Low
80303,33,1,33.0,76.0,305.0,2.0,182.0,,,114.0,84.0,87.8,175.9,28.4,103.7,0.4095634986640028,0.2704918032786885,,Low
80304,43,1,16.0,19.0,249.0,2.0,195.0,,,132.0,78.0,86.4,177.7,27.4,102.2,0.6338876502126365,0.1606425702811245,,Low
80305,32,2,23.0,15.0,264.0,2.0,211.0,,,120.0,44.0,119.6,163.3,44.8,131.1,0.7198272077799643,0.21780303030303028,,Low
80307,75,2,21.0,26.0,223.0,2.0,125.0,,,120.0,62.0,71.5,167.7,25.4,97.0,1.3851251696979368,0.23542600896860988,,Moderate
80308,39,1,24.0,23.0,238.0,2.0,181.0,,,118.0,76.0,72.4,168.9,25.4,91.9,0.8200398804933698,0.25210084033613445,,Low
80309,44,2,21.0,20.0,208.0,2.0,175.0,,,118.0,76.0,96.3,157.7,38.7,111.1,0.9933301976970219,0.25240384615384615,,Low
80310,18,1,22.0,11.0,280.0,2.0,160.0,,,98.0,62.0,61.5,171.9,20.8,70.9,0.42642318733140855,0.19642857142857145,,Low
80312,40,1,25.0,38.0,218.0,2.0,245.0,164.0,80.6,122.0,76.0,81.4,171.9,27.5,97.7,0.7441349593154245,0.286697247706422,0.02481389578163772,Low
80315,60,2,32.0,33.0,343.0,2.0,205.0,133.0,71.6,114.0,66.0,146.8,158.1,58.7,155.9,0.9744288613263552,0.23323615160349853,0.02793296089385475,Low
80321,72,1,112.0,71.0,181.0,2.0,119.0,80.0,38.6,134.0,62.0,79.7,166.6,28.7,95.4,5.28740734346698,1.5469613259668507,0.05181347150259067,High
80322,55,2,23.0,18.0,279.0,2.0,261.0,,,150.0,90.0,52.1,160.6,20.2,73.8,1.0686858759868372,0.20609318996415768,,Low
80323,33,1,28.0,50.0,202.0,2.0,182.0,,,114.0,78.0,77.4,173.3,25.8,95.7,0.6468976889270989,0.3465346534653465,,Low
80324,48,2,22.0,9.0,229.0,2.0,127.0,,,,,117.8,146.2,55.1,,1.537117903930131,0.24017467248908297,,Moderate
80325,19,2,16.0,15.0,287.0,2.0,194.0,,,112.0,74.0,82.2,162.7,31.1,98.7,0.27349290063810794,0.13937282229965156,,Low
80326,52,2,16.0,16.0,285.0,2.0,161.0,,,144.0,76.0,91.9,165.1,33.7,115.3,0.7298245614035088,0.14035087719298248,,Low
80327,27,1,23.0,19.0,244.0,2.0,205.0,,,110.0,0.0,71.3,165.5,26.0,89.7,0.5838818472689298,0.23565573770491802,,Low
80328,71,2,24.0,19.0,260.0,2.0,169.0,,,136.0,86.0,159.9,160.3,62.2,141.0,1.503555425059374,0.23076923076923075,,Moderate
80330,73,1,25.0,20.0,197.0,2.0,213.0,,,116.0,72.0,76.3,167.0,27.4,102.9,2.0714842938767086,0.31725888324873097,,Moderate
80331,27,1,24.0,20.0,215.0,2.0,141.0,,,106.0,62.0,85.7,187.8,24.3,83.3,0.6739404881022621,0.27906976744186046,,Low
80332,24,1,19.0,18.0,183.0,2.0,130.0,63.0,66.6,126.0,74.0,69.3,174.9,22.7,87.8,0.5873236652478429,0.2595628415300546,0.030030030030030033,Low
80333,45,2,19.0,20.0,294.0,2.0,217.0,144.0,72.6,116.0,80.0,58.2,154.9,24.3,82.0,0.6502850750892245,0.16156462585034012,0.027548209366391185,Low
80335,28,1,28.0,33.0,237.0,2.0,185.0,,,128.0,70.0,92.7,180.8,28.4,98.5,0.5758518239209582,0.29535864978902954,,Low
80336,24,2,19.0,14.0,333.0,2.0,161.0,76.0,84.6,114.0,48.0,64.7,160.7,25.1,85.7,0.3659793582944911,0.14264264264264265,0.023640661938534282,Low
80338,23,1,28.0,35.0,215.0,2.0,174.0,104.0,69.6,110.0,58.0,74.3,172.9,24.9,82.0,0.5063063628327114,0.3255813953488372,0.02873563218390805,Low
80339,37,2,36.0,34.0,336.0,2.0,184.0,,,122.0,66.0,76.2,159.7,29.9,98.5,0.67986939110066,0.26785714285714285,,Low
80340,61,1,22.0,24.0,193.0,2.0,149.0,82.0,66.6,116.0,76.0,97.4,185.4,28.3,98.4,1.419350274099752,0.2849740932642487,0.030030030030030033,Moderate
80343,24,2,22.0,15.0,276.0,2.0,155.0,,,,,55.1,154.5,23.1,,0.4939457021250038,0.1992753623188406,,Low
80344,21,2,27.0,33.0,398.0,2.0,227.0,,,112.0,68.0,64.2,163.3,24.1,80.2,0.24799505258010218,0.16959798994974876,,Low
80345,71,2,33.0,26.0,248.0,2.0,169.0,90.0,78.6,154.0,56.0,74.0,148.3,33.6,103.4,1.8528230025353438,0.3326612903225806,0.025445292620865142,Moderate
80347,44,2,13.0,9.0,205.0,2.0,193.0,123.0,69.6,154.0,96.0,62.8,153.7,26.6,80.0,0.9300813008130081,0.15853658536585366,0.02873563218390805,Low
80349,28,2,23.0,15.0,230.0,2.0,140.0,62.0,77.6,164.0,84.0,66.5,158.1,26.6,88.1,0.7229568912920511,0.24999999999999997,0.025773195876288662,Low
80350,31,2,18.0,17.0,325.0,2.0,123.0,,,86.0,54.0,80.1,172.9,26.8,89.3,0.41641501160084243,0.13846153846153847,,Low
80351,37,2,20.0,13.0,239.0,2.0,155.0,,,106.0,72.0,64.5,162.3,24.5,84.2,0.858740889553702,0.20920502092050208,,Low
80352,20,1,18.0,27.0,195.0,2.0,160.0,82.0,77.6,116.0,58.0,74.7,174.8,24.4,84.5,0.355292473347462,0.23076923076923078,0.025773195876288662,Low
80355,70,2,25.0,22.0,234.0,2.0,209.0,,,150.0,72.0,48.9,143.9,23.6,86.2,1.5944498018047788,0.2670940170940171,,Moderate
80357,42,2,18.0,21.0,295.0,2.0,144.0,77.0,66.6,134.0,82.0,117.0,161.5,44.9,119.5,0.559229576333594,0.15254237288135594,0.030030030030030033,Low
80360,62,2,32.0,23.0,167.0,2.0,143.0,60.0,82.6,114.0,60.0,80.0,171.4,27.2,93.7,2.4772011825702775,0.47904191616766467,0.02421307506053269,Moderate
80361,19,1,20.0,21.0,284.0,2.0,248.0,,,124.0,70.0,89.2,185.0,26.1,90.1,0.29198168411858133,0.17605633802816903,,Low
80362,60,2,18.0,13.0,212.0,2.0,178.0,103.0,74.6,120.0,72.0,78.9,167.2,28.2,102.7,1.4129155941586027,0.21226415094339623,0.02680965147453083,Moderate
80364,47,2,15.0,13.0,416.0,2.0,227.0,132.0,94.6,102.0,58.0,66.9,159.6,26.3,85.7,0.4700284114648877,0.09014423076923077,0.021141649048625793,Low
80365,34,2,23.0,19.0,257.0,2.0,201.0,,,106.0,62.0,51.8,158.2,20.7,77.3,0.6980665520886353,0.22373540856031127,,Low
80366,64,1,18.0,19.0,121.0,2.0,147.0,,,136.0,70.0,76.2,163.3,28.6,103.7,2.1841894662717944,0.371900826446281,,Moderate
80367,71,2,15.0,11.0,236.0,2.0,251.0,,,154.0,66.0,63.3,146.8,29.4,95.5,1.3606338219293146,0.15889830508474578,,Moderate
80368,46,1,28.0,28.0,343.0,2.0,218.0,,,130.0,66.0,77.5,168.8,27.2,89.0,0.7096475819765082,0.2040816326530612,,Low
80369,31,2,18.0,12.0,185.0,2.0,143.0,,,94.0,62.0,46.3,158.8,18.4,70.5,0.8707066221832734,0.24324324324324323,,Low
80371,39,2,19.0,22.0,263.0,2.0,147.0,83.0,63.6,102.0,60.0,59.3,151.0,26.0,86.1,0.6006909917091533,0.1806083650190114,0.031446540880503145,Low
80372,42,1,23.0,22.0,274.0,2.0,213.0,152.0,60.6,112.0,66.0,77.8,170.3,26.8,93.1,0.7516492408741593,0.2098540145985401,0.033003300330033,Low
80375,47,1,22.0,16.0,201.0,2.0,191.0,,,140.0,74.0,83.8,187.6,23.8,89.7,1.2860696517412935,0.27363184079601993,,Low
80377,44,1,18.0,17.0,222.0,2.0,213.0,150.0,62.6,120.0,84.0,173.7,172.5,58.4,162.8,0.8652622298593501,0.20270270270270271,0.03194888178913738,Low
80379,67,1,27.0,30.0,271.0,2.0,233.0,134.0,98.6,140.0,76.0,83.4,176.8,26.7,101.5,1.2187332183602035,0.24907749077490776,0.02028397565922921,Low
80380,39,1,23.0,22.0,229.0,2.0,123.0,77.0,45.6,116.0,78.0,102.6,185.7,29.8,106.5,0.8351137230173912,0.25109170305676853,0.043859649122807015,Low
80381,80,1,21.0,16.0,270.0,2.0,225.0,,,128.0,58.0,72.8,164.9,26.8,104.8,1.5555555555555556,0.19444444444444445,,Moderate
80382,78,1,26.0,29.0,182.0,2.0,193.0,,,146.0,94.0,126.5,180.6,38.8,131.2,2.069176625401435,0.35714285714285715,,Moderate
80384,46,2,23.0,25.0,248.0,2.0,207.0,118.0,88.6,112.0,72.0,96.3,157.5,38.8,113.1,0.853225806451613,0.2318548387096774,0.022573363431151242,Low
80385,68,1,51.0,28.0,228.0,2.0,207.0,,,166.0,64.0,91.4,170.4,31.5,102.7,2.8745192815701754,0.5592105263157895,,High
80386,33,1,29.0,29.0,281.0,2.0,215.0,,,,,120.2,189.9,33.3,106.3,0.6324214898058315,0.2580071174377224,,Low
80387,42,2,14.0,15.0,481.0,2.0,144.0,51.0,92.6,110.0,72.0,108.2,159.7,42.4,117.5,0.3156360648052614,0.07276507276507276,0.021598272138228944,Low
80388,60,2,19.0,17.0,171.0,2.0,249.0,156.0,92.6,112.0,68.0,48.8,149.9,21.7,80.6,1.6169041669088866,0.27777777777777773,0.021598272138228944,Moderate
80389,80,1,32.0,29.0,214.0,2.0,176.0,91.0,84.6,132.0,48.0,93.9,172.6,31.5,118.7,2.221402176323611,0.3738317757009346,0.023640661938534282,Moderate
80390,65,2,21.0,15.0,323.0,2.0,253.0,172.0,80.6,,,54.8,156.2,22.5,80.1,1.0911501068262381,0.16253869969040247,0.02481389578163772,Low
80391,23,1,21.0,19.0,238.0,2.0,164.0,93.0,70.6,124.0,70.0,67.8,172.0,22.9,82.0,0.4655789893255518,0.22058823529411764,0.028328611898017,Low
80393,66,1,27.0,25.0,191.0,2.0,145.0,70.0,74.6,178.0,76.0,109.7,187.9,31.1,108.0,1.8659685863874345,0.35340314136125656,0.02680965147453083,Moderate
80394,60,1,19.0,18.0,275.0,2.0,243.0,,,132.0,80.0,77.7,166.5,28.0,101.0,0.9770930067305021,0.17272727272727273,,Low
80396,31,1,19.0,17.0,230.0,2.0,172.0,75.0,96.6,106.0,50.0,97.2,181.2,29.6,95.7,0.6211021006365223,0.20652173913043476,0.020703933747412008,Low
80397,50,2,30.0,22.0,226.0,2.0,158.0,,,138.0,80.0,81.8,162.6,30.9,98.1,1.4150490023602462,0.33185840707964603,,Moderate
80402,66,1,58.0,49.0,138.0,2.0,195.0,104.0,90.6,156.0,70.0,120.6,183.8,35.7,126.5,3.9627329192546585,1.0507246376811594,0.02207505518763797,High
80403,38,2,27.0,44.0,355.0,2.0,211.0,,,108.0,70.0,72.3,149.2,32.5,104.3,0.43570512610814854,0.19014084507042256,,Low
80405,24,2,17.0,9.0,204.0,2.0,265.0,,,100.0,62.0,58.0,161.1,22.3,92.0,0.6666666666666666,0.20833333333333334,,Low
80406,80,2,24.0,25.0,261.0,2.0,189.0,,,126.0,78.0,66.6,155.1,27.7,,1.471264367816092,0.22988505747126436,,Moderate
80408,43,2,20.0,14.0,304.0,2.0,204.0,96.0,107.6,130.0,82.0,86.0,168.6,30.3,90.1,0.7560679869890954,0.1644736842105263,0.01858736059479554,Low
80410,47,1,22.0,20.0,258.0,2.0,159.0,,,118.0,70.0,85.3,177.7,27.0,106.3,0.8961605770289855,0.2131782945736434,,Low
80411,41,1,24.0,26.0,264.0,2.0,123.0,76.0,46.6,110.0,54.0,70.9,167.4,25.3,88.5,0.7309783218786859,0.22727272727272727,0.04291845493562232,Low
80413,46,1,18.0,21.0,231.0,2.0,175.0,100.0,74.6,124.0,68.0,69.0,170.4,23.8,89.3,0.7821836065601805,0.19480519480519481,0.02680965147453083,Low
80414,24,1,28.0,29.0,239.0,2.0,203.0,,,116.0,50.0,111.8,180.0,34.5,122.8,0.5221224571338028,0.2928870292887029,,Low
80416,39,1,26.0,35.0,237.0,2.0,211.0,,,126.0,88.0,97.6,182.9,29.2,103.8,0.7231952863246547,0.27426160337552746,,Low
80417,60,2,21.0,20.0,287.0,2.0,238.0,153.0,84.6,106.0,66.0,69.7,164.5,25.8,90.0,0.9816883803657613,0.1829268292682927,0.023640661938534282,Low
80427,52,1,28.0,24.0,208.0,2.0,248.0,,,126.0,74.0,127.9,174.7,41.9,128.8,1.4288690166235207,0.3365384615384615,,Moderate
80428,56,1,36.0,28.0,185.0,2.0,248.0,155.0,92.6,132.0,82.0,85.2,164.9,31.3,100.7,2.0593956150989245,0.48648648648648646,0.021598272138228944,Moderate
80430,46,1,36.0,48.0,160.0,2.0,206.0,125.0,80.6,118.0,70.0,91.1,180.9,27.8,103.2,1.4938938215281568,0.5625,0.02481389578163772,Moderate
80432,77,2,31.0,23.0,226.0,2.0,174.0,60.0,113.6,,,49.5,153.9,20.9,,2.2023181697090157,0.34292035398230086,0.017605633802816902,Moderate
80434,62,2,27.0,22.0,193.0,2.0,275.0,159.0,115.6,144.0,58.0,64.9,163.9,24.2,80.5,1.8492124309807867,0.34974093264248707,0.01730103806228374,Moderate
80436,73,2,20.0,13.0,367.0,2.0,191.0,123.0,67.6,122.0,32.0,51.7,152.8,22.1,80.1,1.103354613745006,0.13623978201634876,0.02958579881656805,Low
80437,46,2,13.0,13.0,219.0,2.0,194.0,,,108.0,64.0,103.2,166.1,37.4,119.3,0.7573304048919796,0.14840182648401826,,Low
80438,37,2,26.0,31.0,162.0,2.0,243.0,160.0,82.6,96.0,60.0,68.3,155.5,28.2,94.5,1.0665450651219597,0.4012345679012346,0.02421307506053269,Low
80440,47,2,16.0,17.0,193.0,2.0,146.0,,,108.0,70.0,54.5,155.9,22.4,78.9,0.9450092747529657,0.20725388601036268,,Low
80441,49,2,23.0,15.0,318.0,,145.0,80.0,,100.0,60.0,58.1,160.0,22.7,80.1,0.9150633608334925,0.18081761006289307,,Low
80442,41,2,18.0,14.0,277.0,2.0,163.0,103.0,59.6,112.0,64.0,62.9,151.9,27.3,93.8,0.7120534170807552,0.1624548736462094,0.03355704697986577,Low
80444,27,2,43.0,45.0,262.0,2.0,179.0,,,110.0,68.0,99.2,161.4,38.1,106.2,0.6605788605285637,0.4103053435114504,,Low
80445,22,1,20.0,18.0,214.0,2.0,156.0,,,112.0,56.0,83.4,175.5,27.1,84.6,0.48462146997208866,0.23364485981308408,,Low
80446,31,2,30.0,19.0,256.0,2.0,223.0,86.0,136.6,116.0,66.0,59.6,165.0,21.9,78.2,0.8334243457016501,0.29296875,0.014641288433382138,Low
80448,26,2,17.0,20.0,241.0,2.0,205.0,,,108.0,70.0,54.2,159.4,21.3,74.2,0.41010043404767926,0.17634854771784234,,Low
80453,38,1,28.0,23.0,210.0,2.0,240.0,,,124.0,80.0,78.7,174.3,25.9,90.9,1.0564730312225121,0.3333333333333333,,Low
80454,63,1,72.0,69.0,134.0,2.0,194.0,,,118.0,74.0,65.5,159.5,25.7,89.5,4.075150967142158,1.3432835820895521,,High
80456,47,2,32.0,36.0,294.0,2.0,184.0,73.0,110.6,106.0,66.0,49.2,151.5,21.4,75.6,0.8526077097505669,0.272108843537415,0.018083182640144666,Low
80458,24,2,25.0,23.0,446.0,2.0,285.0,201.0,83.6,102.0,48.0,60.9,151.8,26.4,88.4,0.28051266465077324,0.14013452914798205,0.023923444976076555,Low
80466,25,2,17.0,17.0,252.0,2.0,236.0,96.0,139.6,,,99.4,159.0,39.3,107.4,0.40903825650968856,0.16865079365079363,0.014326647564469915,Low
80468,52,2,39.0,46.0,207.0,2.0,184.0,104.0,79.6,138.0,84.0,92.4,173.2,30.8,97.8,1.4445038023291372,0.4710144927536232,0.02512562814070352,Moderate
80469,74,2,28.0,19.0,226.0,2.0,169.0,87.0,81.6,106.0,68.0,68.8,154.7,28.7,92.8,2.103315931769044,0.30973451327433627,0.02450980392156863,Moderate
80474,20,2,24.0,18.0,282.0,2.0,172.0,,,108.0,72.0,56.9,157.3,23.0,77.8,0.4011953368434313,0.2127659574468085,,Low
80477,49,1,36.0,32.0,272.0,2.0,221.0,,,124.0,76.0,69.7,174.2,23.0,82.0,1.1464488621443656,0.33088235294117646,,Low
80478,75,2,19.0,13.0,240.0,2.0,158.0,,,134.0,86.0,89.3,165.2,32.7,,1.6467662075436489,0.19791666666666663,,Moderate
80479,62,1,16.0,18.0,205.0,2.0,269.0,177.0,91.6,120.0,80.0,86.6,180.3,26.6,102.6,1.1405689868895206,0.19512195121951223,0.02183406113537118,Low
80482,55,2,17.0,15.0,246.0,2.0,463.0,375.0,87.6,114.0,60.0,68.3,165.3,25.0,89.7,0.9813656988357548,0.17276422764227642,0.022831050228310504,Low
80486,69,2,27.0,38.0,232.0,2.0,204.0,120.0,83.6,112.0,58.0,65.6,166.9,23.6,86.9,1.302665980890563,0.290948275862069,0.023923444976076555,Moderate
80489,20,2,18.0,15.0,277.0,2.0,163.0,88.0,74.6,110.0,66.0,69.6,177.6,22.1,83.4,0.33556534407573285,0.1624548736462094,0.02680965147453083,Low
80490,33,2,16.0,14.0,182.0,2.0,202.0,,,120.0,74.0,74.4,163.6,27.8,87.8,0.7753512952184619,0.21978021978021978,,Low
80491,73,2,35.0,23.0,202.0,2.0,239.0,,,148.0,80.0,69.6,166.0,25.3,98.8,2.637397662949634,0.4331683168316832,,Moderate
80492,35,2,21.0,21.0,157.0,2.0,213.0,,,92.0,64.0,44.3,153.5,18.8,72.5,1.0215933077927033,0.33439490445859876,,Low
80493,52,1,20.0,29.0,199.0,2.0,224.0,145.0,78.6,138.0,76.0,102.3,173.2,34.1,116.0,0.9704680990157485,0.25125628140703515,0.025445292620865142,Low
80496,48,2,32.0,41.0,390.0,2.0,245.0,,,98.0,68.0,86.9,158.2,34.7,101.7,0.6150843545151254,0.20512820512820512,,Low
80497,37,2,21.0,17.0,299.0,2.0,205.0,107.0,97.6,114.0,76.0,70.6,153.7,29.9,97.9,0.6302681627198352,0.17558528428093648,0.020491803278688527,Low
80498,64,1,19.0,15.0,146.0,2.0,227.0,155.0,71.6,156.0,80.0,48.3,161.1,18.6,73.3,2.150478424195534,0.3253424657534246,0.02793296089385475,Moderate
80501,18,1,18.0,17.0,195.0,2.0,165.0,98.0,66.6,116.0,66.0,61.8,166.6,22.3,81.8,0.40298226929113784,0.23076923076923078,0.030030030030030033,Low
80503,44,1,25.0,23.0,285.0,2.0,156.0,,,146.0,86.0,88.7,179.9,27.4,101.0,0.804792475308008,0.21929824561403508,,Low
80505,46,1,21.0,17.0,145.0,2.0,184.0,100.0,83.6,108.0,70.0,89.8,186.0,26.0,97.3,1.6157890605868803,0.3620689655172414,0.023923444976076555,Moderate
80506,53,1,21.0,18.0,198.0,2.0,195.0,107.0,87.6,116.0,78.0,102.6,190.5,28.3,106.0,1.3249324031323695,0.2651515151515152,0.022831050228310504,Moderate
80507,32,2,20.0,16.0,327.0,2.0,171.0,,,104.0,70.0,73.5,142.8,36.0,105.7,0.4892966360856269,0.1529051987767584,,Low
80509,45,2,21.0,15.0,202.0,2.0,163.0,,,108.0,80.0,66.0,173.5,21.9,79.9,1.207910647579541,0.2599009900990099,,Low
80511,40,2,19.0,12.0,264.0,2.0,156.0,,,120.0,74.0,77.3,167.4,27.6,90.8,0.8310344783790069,0.1799242424242424,,Low
80512,69,2,22.0,18.0,274.0,2.0,245.0,,,130.0,78.0,87.4,159.2,34.5,109.8,1.3058249316802668,0.20072992700729927,,Moderate
80513,40,2,14.0,14.0,277.0,2.0,104.0,44.0,59.6,116.0,64.0,60.4,159.0,23.9,86.7,0.540311535996237,0.1263537906137184,0.03355704697986577,Low
80516,42,2,22.0,16.0,222.0,2.0,190.0,,,,,75.6,163.6,28.2,87.3,1.0405405405405406,0.24774774774774777,,Low
80517,55,1,53.0,63.0,209.0,2.0,180.0,,,118.0,86.0,102.1,170.9,35.0,113.7,1.757203251709565,0.6339712918660286,,Moderate
80518,52,2,18.0,15.0,292.0,2.0,231.0,,,108.0,72.0,82.7,162.6,31.3,104.5,0.8276512356278863,0.1541095890410959,,Low
80519,36,2,19.0,21.0,261.0,2.0,205.0,129.0,75.6,110.0,56.0,71.8,150.4,31.7,107.0,0.5718813675150145,0.18199233716475094,0.026455026455026457,Low
80520,40,2,15.0,11.0,288.0,2.0,157.0,,,116.0,62.0,103.9,166.5,37.5,126.0,0.6281486345370076,0.13020833333333331,,Low
80521,41,1,19.0,24.0,167.0,2.0,177.0,119.0,57.6,122.0,66.0,69.9,184.0,20.6,87.8,0.9521719109920638,0.28443113772455086,0.034722222222222224,Low
80522,55,1,45.0,30.0,268.0,2.0,225.0,85.0,139.6,98.0,66.0,62.2,173.1,20.8,86.0,1.6860862311259777,0.4197761194029851,0.014326647564469915,Moderate
80523,52,1,23.0,23.0,209.0,2.0,257.0,189.0,67.6,116.0,72.0,75.2,175.8,24.3,87.7,1.1932212402500548,0.2751196172248804,0.02958579881656805,Low
80525,34,2,14.0,11.0,321.0,2.0,202.0,133.0,68.6,140.0,98.0,172.0,168.1,60.9,160.8,0.44710093463867756,0.10903426791277258,0.02915451895043732,Low
80526,35,2,25.0,22.0,189.0,2.0,174.0,99.0,74.6,120.0,72.0,49.5,156.4,20.2,76.0,0.9870403534981964,0.3306878306878307,0.02680965147453083,Low
80528,48,2,18.0,20.0,232.0,2.0,221.0,,,116.0,78.0,80.7,165.5,29.5,106.2,0.8327425571378527,0.1939655172413793,,Low
80530,59,1,143.0,125.0,49.0,2.0,118.0,66.0,51.6,66.0,44.0,75.8,179.6,23.5,94.3,15.400575939727121,7.295918367346939,0.03875968992248062,High
80531,46,2,20.0,19.0,308.0,2.0,175.0,102.0,72.6,102.0,70.0,58.9,152.9,25.2,86.5,0.6852677764964831,0.16233766233766234,0.027548209366391185,Low
80533,66,2,28.0,19.0,122.0,2.0,265.0,181.0,83.6,126.0,64.0,88.2,156.3,36.1,114.4,3.475084231088509,0.5737704918032787,0.023923444976076555,High
80535,25,2,20.0,16.0,220.0,2.0,209.0,128.0,80.6,106.0,60.0,75.6,166.4,27.3,101.0,0.5681818181818182,0.22727272727272727,0.02481389578163772,Low
80537,65,1,27.0,25.0,164.0,2.0,158.0,103.0,54.6,116.0,66.0,75.3,169.6,26.2,89.3,2.1402439024390243,0.41158536585365857,0.03663003663003663,Moderate
80538,80,1,23.0,19.0,198.0,2.0,136.0,,,152.0,68.0,93.1,173.7,30.9,114.7,2.1319441935446144,0.2904040404040404,,Moderate
80539,40,1,29.0,37.0,189.0,2.0,269.0,157.0,111.6,136.0,72.0,97.4,176.2,31.4,104.1,1.0090096575355263,0.3835978835978836,0.01792114695340502,Low
80540,18,2,20.0,15.0,214.0,2.0,139.0,,,106.0,56.0,72.1,164.4,26.7,83.6,0.43435327247185984,0.23364485981308408,,Low
80542,36,2,18.0,17.0,283.0,2.0,179.0,93.0,85.6,114.0,76.0,74.7,156.7,30.4,97.4,0.5553465901892005,0.1590106007067138,0.023364485981308414,Low
80543,28,1,42.0,24.0,256.0,2.0,164.0,,,116.0,70.0,61.9,163.5,23.2,79.4,0.9376952921591855,0.41015625,,Low
80545,55,1,21.0,31.0,188.0,2.0,186.0,,,128.0,94.0,97.9,174.5,32.2,114.7,1.1034261906432183,0.2792553191489362,,Low
80547,55,1,22.0,18.0,262.0,2.0,151.0,,,132.0,74.0,75.0,179.7,23.2,83.3,1.0885486071701305,0.20992366412213742,,Low
80548,80,1,24.0,28.0,147.0,2.0,181.0,105.0,75.6,,,75.7,162.5,28.7,108.7,2.468339415570463,0.4081632653061224,0.026455026455026457,Moderate
80549,76,1,25.0,21.0,209.0,2.0,124.0,,,152.0,60.0,85.3,168.8,29.9,108.2,1.9837990021453853,0.29904306220095694,,Moderate
80550,72,2,12.0,12.0,202.0,2.0,184.0,,,108.0,58.0,113.9,157.2,46.1,121.9,1.2347292885639523,0.1485148514851485,,Low
80552,41,2,18.0,11.0,163.0,2.0,186.0,,,108.0,62.0,67.0,166.0,24.3,85.8,1.3651249834257029,0.27607361963190186,,Moderate
80553,55,2,33.0,22.0,180.0,2.0,171.0,,,132.0,72.0,75.9,164.1,28.2,102.0,2.149773889919072,0.4583333333333333,,Moderate
80555,75,1,18.0,11.0,176.0,2.0,155.0,,,126.0,68.0,51.9,167.6,18.5,77.2,2.3127290635226188,0.2556818181818182,,Moderate
80559,26,1,20.0,14.0,195.0,2.0,173.0,121.0,51.6,118.0,76.0,81.4,185.5,23.7,88.9,0.7126966450997984,0.2564102564102564,0.03875968992248062,Low
80560,25,1,20.0,25.0,354.0,2.0,288.0,,,122.0,82.0,106.3,172.6,35.7,112.9,0.2824858757062147,0.14124293785310735,,Low
80561,41,1,20.0,17.0,184.0,2.0,121.0,65.0,55.6,96.0,68.0,79.0,173.4,26.3,92.3,1.0808652854880056,0.2717391304347826,0.03597122302158273,Low
80562,22,2,15.0,12.0,266.0,2.0,123.0,,,,,150.1,161.1,57.8,165.5,0.3581308060762716,0.14097744360902253,,Low
80564,45,2,19.0,16.0,281.0,2.0,203.0,,,130.0,90.0,88.1,159.2,34.8,110.9,0.7606761565836299,0.1690391459074733,,Low
80565,47,2,26.0,19.0,146.0,2.0,170.0,103.0,66.6,122.0,72.0,97.0,169.9,33.6,121.3,1.9201782656837427,0.4452054794520548,0.030030030030030033,Moderate
80569,46,2,37.0,53.0,235.0,2.0,221.0,,,118.0,66.0,81.2,165.5,29.6,94.0,0.9948411908113562,0.39361702127659576,,Low
80570,74,2,28.0,19.0,178.0,2.0,210.0,124.0,85.6,118.0,62.0,47.6,149.6,21.3,77.2,2.6705022504483367,0.3932584269662921,0.023364485981308414,High
80573,63,2,21.0,13.0,331.0,2.0,223.0,139.0,83.6,110.0,68.0,66.4,166.6,23.9,82.9,1.1085624767461906,0.15861027190332327,0.023923444976076555,Low
80578,44,1,31.0,24.0,235.0,2.0,194.0,,,124.0,68.0,74.7,157.8,30.0,90.3,1.1847886557291685,0.32978723404255317,,Low
80583,24,2,16.0,12.0,236.0,2.0,148.0,79.0,68.6,140.0,70.0,108.9,165.8,39.6,119.6,0.46970869357800066,0.16949152542372883,0.02915451895043732,Low
80585,41,1,25.0,25.0,233.0,2.0,258.0,185.0,72.6,130.0,96.0,81.9,171.1,28.0,101.0,0.8798283261802575,0.26824034334763946,0.027548209366391185,Low
80586,80,2,21.0,15.0,265.0,2.0,192.0,,,,,64.1,144.4,30.7,104.3,1.6368835274537006,0.19811320754716982,,Moderate
80587,36,1,12.0,14.0,200.0,2.0,172.0,100.0,71.6,118.0,74.0,77.2,171.4,26.3,88.8,0.5772842825308366,0.15,0.02793296089385475,Low
80588,59,2,23.0,20.0,231.0,2.0,227.0,141.0,85.6,108.0,74.0,53.8,156.9,21.9,82.6,1.3135689374316946,0.24891774891774887,0.023364485981308414,Moderate
80589,28,2,27.0,22.0,368.0,2.0,259.0,161.0,97.6,,,68.9,161.4,26.4,89.5,0.4379884281653301,0.18342391304347827,0.020491803278688527,Low
80590,43,2,19.0,24.0,163.0,2.0,136.0,79.0,56.6,104.0,58.0,86.6,165.4,31.7,106.6,1.0231253168986996,0.29141104294478526,0.0353356890459364,Low
80592,20,1,30.0,49.0,273.0,2.0,180.0,116.0,63.6,108.0,66.0,92.7,173.5,30.8,100.6,0.3139717425431711,0.27472527472527475,0.031446540880503145,Low
80593,63,1,21.0,21.0,193.0,2.0,224.0,147.0,76.6,136.0,66.0,64.5,169.4,22.5,87.9,1.495866677628072,0.27202072538860106,0.026109660574412535,Moderate
80594,60,2,19.0,18.0,276.0,2.0,182.0,,,136.0,74.0,78.0,152.5,33.5,105.9,0.9735528146771307,0.1721014492753623,,Low
80595,66,2,20.0,13.0,272.0,2.0,212.0,,,156.0,74.0,51.1,154.8,21.3,83.4,1.345963711428865,0.1838235294117647,,Moderate
80596,32,1,19.0,13.0,214.0,2.0,190.0,,,130.0,84.0,95.3,178.6,29.9,113.2,0.7879853254788302,0.22196261682242988,,Low
80601,71,2,25.0,18.0,312.0,,177.0,117.0,,,,76.3,154.2,32.1,102.6,1.3409343339808997,0.2003205128205128,,Moderate
80602,72,2,34.0,29.0,269.0,2.0,178.0,,,150.0,82.0,62.9,159.8,24.6,87.0,1.6898966091354015,0.3159851301115242,,Moderate
80603,31,2,40.0,52.0,249.0,2.0,142.0,,,90.0,62.0,64.1,165.5,23.4,84.5,0.6905906057422532,0.4016064257028112,,Low
80604,58,1,17.0,11.0,242.0,2.0,219.0,,,148.0,96.0,50.4,162.5,19.1,74.5,1.2284718419573344,0.1756198347107438,,Low
80611,42,2,21.0,9.0,242.0,2.0,183.0,,,104.0,72.0,58.0,160.4,22.5,81.5,1.2148760330578512,0.21694214876033058,,Low
80613,62,2,41.0,21.0,117.0,2.0,141.0,,,112.0,74.0,65.4,165.3,23.9,91.1,4.741110059657202,0.8760683760683761,,High
80618,32,1,18.0,12.0,393.0,2.0,155.0,,,120.0,64.0,78.6,175.8,25.4,85.9,0.42309638047484033,0.11450381679389314,,Low
80619,33,1,19.0,20.0,171.0,2.0,191.0,152.0,38.6,154.0,86.0,110.1,177.3,35.0,119.0,0.8198915917499229,0.27777777777777773,0.05181347150259067,Low
80620,22,1,16.0,21.0,182.0,2.0,114.0,,,116.0,44.0,59.0,170.6,20.3,73.4,0.4220477877091721,0.21978021978021978,,Low
80622,45,2,18.0,20.0,283.0,2.0,178.0,126.0,51.6,102.0,64.0,83.2,161.9,31.7,105.0,0.6400053221819185,0.1590106007067138,0.03875968992248062,Low
80623,39,2,25.0,22.0,258.0,2.0,205.0,,,106.0,68.0,54.8,155.5,22.7,78.1,0.8057003815764348,0.24224806201550386,,Low
80626,18,1,25.0,21.0,207.0,2.0,171.0,100.0,70.6,118.0,68.0,72.0,182.3,21.7,80.0,0.4743867179043313,0.30193236714975846,0.028328611898017,Low
80627,18,1,25.0,21.0,263.0,2.0,146.0,84.0,61.6,118.0,90.0,69.5,178.1,21.9,80.6,0.3733766182745117,0.2376425855513308,0.032467532467532464,Low
80632,57,1,28.0,31.0,229.0,2.0,192.0,,,128.0,66.0,78.2,176.0,25.2,97.7,1.2517469957848593,0.3056768558951965,,Low
80633,30,2,21.0,15.0,164.0,2.0,155.0,97.0,57.6,124.0,74.0,68.1,158.8,27.0,83.5,0.991861588662875,0.3201219512195122,0.034722222222222224,Low
80634,46,2,23.0,19.0,204.0,2.0,191.0,,,112.0,78.0,61.0,149.5,27.3,90.2,1.1898129727208544,0.2818627450980392,,Low
80636,49,2,21.0,18.0,215.0,2.0,176.0,102.0,73.6,118.0,68.0,107.4,161.8,41.0,126.4,1.1280819811487712,0.24418604651162795,0.027173913043478264,Low
80639,32,1,19.0,28.0,288.0,2.0,160.0,99.0,60.6,122.0,52.0,82.5,187.4,23.5,86.8,0.39896249928751765,0.16493055555555555,0.033003300330033,Low
80641,80,1,20.0,14.0,208.0,2.0,185.0,84.0,100.6,126.0,62.0,72.1,168.3,25.5,100.3,2.055855707018649,0.2403846153846154,0.019880715705765408,Moderate
80643,39,1,44.0,48.0,277.0,2.0,195.0,,,118.0,88.0,85.0,172.8,28.5,94.5,0.8941634132936804,0.3971119133574007,,Low
80645,22,2,28.0,26.0,255.0,2.0,220.0,140.0,79.6,104.0,70.0,84.5,166.5,30.5,108.5,0.4737550558632211,0.2745098039215686,0.02512562814070352,Low
80646,34,1,19.0,20.0,161.0,2.0,210.0,138.0,71.6,112.0,72.0,94.3,179.3,29.3,102.2,0.8972049151955678,0.2950310559006211,0.02793296089385475,Low
80647,52,1,28.0,26.0,150.0,2.0,180.0,,,98.0,72.0,69.4,170.3,23.9,88.1,1.9036339517413066,0.4666666666666666,,Moderate
80648,43,1,29.0,28.0,170.0,2.0,136.0,67.0,68.6,108.0,62.0,84.7,192.1,23.0,89.7,1.3862402877720774,0.42647058823529416,0.02915451895043732,Moderate
80649,19,1,40.0,31.0,214.0,2.0,179.0,83.0,95.6,106.0,52.0,77.6,184.0,22.9,80.0,0.6378506053287334,0.46728971962616817,0.020920502092050212,Low
80651,64,2,44.0,31.0,225.0,2.0,203.0,124.0,78.6,146.0,78.0,52.9,158.8,21.0,82.5,2.2478601355884362,0.488888888888889,0.025445292620865142,Moderate
80652,60,1,45.0,39.0,256.0,2.0,194.0,,,146.0,46.0,68.4,173.9,22.6,79.7,1.6888516221630283,0.439453125,,Moderate
80653,35,2,17.0,16.0,238.0,2.0,164.0,,,124.0,74.0,115.3,169.0,40.4,126.7,0.625,0.17857142857142858,,Low
80654,30,2,24.0,43.0,209.0,2.0,237.0,,,112.0,74.0,64.3,147.5,29.6,90.0,0.5253539265046668,0.28708133971291866,,Low
80656,33,2,14.0,18.0,248.0,2.0,188.0,,,166.0,96.0,101.1,154.0,42.6,118.5,0.4390905012206788,0.1411290322580645,,Low
80657,51,1,22.0,21.0,148.0,2.0,175.0,,,108.0,72.0,104.2,177.3,33.1,111.1,1.65432751922151,0.37162162162162166,,Moderate
80658,50,1,21.0,24.0,330.0,2.0,193.0,,,108.0,66.0,90.1,178.3,28.3,105.5,0.6494859166470549,0.1590909090909091,,Low
80659,22,2,16.0,21.0,285.0,2.0,141.0,,,108.0,66.0,57.6,167.2,20.6,77.3,0.26951823636164673,0.14035087719298248,,Low
80660,45,1,22.0,27.0,364.0,2.0,129.0,,,126.0,78.0,82.0,181.1,25.0,94.5,0.5234219473422431,0.15109890109890112,,Low
80662,36,2,35.0,43.0,241.0,2.0,215.0,,,102.0,58.0,64.2,152.0,27.8,92.0,0.7972954299546967,0.3630705394190871,,Low
80663,41,1,21.0,17.0,233.0,2.0,149.0,,,124.0,92.0,78.9,168.9,27.7,93.7,0.8962367946621574,0.22532188841201717,,Low
80667,33,2,19.0,12.0,278.0,2.0,161.0,102.0,58.6,106.0,36.0,69.7,152.1,30.1,89.0,0.6510766524854233,0.17086330935251798,0.034129692832764506,Low
80669,50,1,27.0,24.0,304.0,2.0,201.0,92.0,108.6,142.0,78.0,95.6,172.3,32.2,112.3,0.9064723554707484,0.2220394736842105,0.01841620626151013,Low
80671,19,2,24.0,28.0,256.0,2.0,174.0,,,96.0,50.0,82.3,162.0,31.4,98.1,0.336624608773843,0.234375,,Low
80672,46,2,15.0,19.0,285.0,2.0,212.0,143.0,68.6,,,50.7,154.9,21.1,75.6,0.555427566212939,0.13157894736842105,0.02915451895043732,Low
80676,72,2,23.0,20.0,204.0,2.0,301.0,213.0,87.6,170.0,68.0,74.0,160.1,28.9,102.5,1.8151610640880644,0.2818627450980392,0.022831050228310504,Moderate
80680,45,2,30.0,23.0,172.0,2.0,180.0,,,116.0,70.0,77.8,167.2,27.8,101.0,1.6365956917270403,0.436046511627907,,Moderate
80682,80,2,22.0,19.0,201.0,2.0,170.0,86.0,83.6,124.0,28.0,43.0,141.8,21.4,69.5,2.008814386130292,0.27363184079601993,0.023923444976076555,Moderate
80683,58,1,28.0,29.0,241.0,2.0,214.0,,,,,74.3,170.0,25.7,102.0,1.2513246024876856,0.2904564315352697,,Low
80684,48,1,31.0,48.0,240.0,2.0,206.0,137.0,68.6,102.0,66.0,96.4,186.5,27.7,103.4,0.8948929172439201,0.3229166666666667,0.02915451895043732,Low
80685,33,2,16.0,14.0,291.0,2.0,166.0,94.0,71.6,106.0,68.0,71.5,168.7,25.1,91.9,0.4849276141916154,0.13745704467353953,0.02793296089385475,Low
80686,46,2,18.0,13.0,318.0,2.0,165.0,,,124.0,74.0,106.6,154.7,44.5,121.9,0.7221568592366191,0.14150943396226418,,Low
80688,26,2,21.0,18.0,263.0,2.0,101.0,47.0,53.6,104.0,50.0,78.4,165.6,28.6,90.2,0.4893286470568504,0.19961977186311788,0.03731343283582089,Low
80689,70,1,23.0,26.0,178.0,2.0,161.0,,,134.0,74.0,83.0,170.7,28.5,99.3,1.7738594245644737,0.3230337078651685,,Moderate
80692,37,1,22.0,17.0,207.0,2.0,200.0,,,108.0,68.0,73.8,179.0,23.0,85.6,0.9537391245390099,0.26570048309178745,,Low
80693,30,1,37.0,34.0,155.0,2.0,183.0,115.0,67.6,94.0,66.0,62.3,169.0,21.8,77.8,1.2281511581173212,0.5967741935483871,0.02958579881656805,Low
80694,34,2,18.0,18.0,206.0,2.0,206.0,,,118.0,76.0,86.6,164.6,32.0,108.0,0.7002416668060957,0.2184466019417476,,Low
80699,73,1,35.0,23.0,186.0,2.0,121.0,57.0,63.6,140.0,68.0,85.8,176.9,27.4,99.5,2.8642705801926134,0.47043010752688175,0.031446540880503145,High
80701,31,2,19.0,21.0,192.0,2.0,146.0,80.0,65.6,112.0,66.0,58.5,160.9,22.6,80.1,0.6694288403593724,0.24739583333333331,0.030487804878048783,Low
80703,55,2,22.0,22.0,284.0,2.0,220.0,110.0,109.6,,,76.4,165.3,28.0,93.7,0.9083551647545374,0.19366197183098594,0.018248175182481754,Low
80705,54,1,24.0,27.0,291.0,2.0,169.0,91.0,77.6,,,85.3,169.1,29.8,101.3,0.8570973068382074,0.2061855670103093,0.025773195876288662,Low
80706,50,1,30.0,41.0,216.0,2.0,204.0,,,114.0,70.0,65.6,161.7,25.1,90.0,1.08454001311532,0.3472222222222222,,Low
80707,72,1,27.0,34.0,202.0,2.0,139.0,,,124.0,66.0,81.6,186.7,23.4,100.3,1.6504616312724611,0.3341584158415842,,Moderate
80708,66,2,28.0,17.0,390.0,2.0,207.0,133.0,73.6,112.0,70.0,71.2,154.5,29.8,102.4,1.149245730941393,0.17948717948717946,0.027173913043478264,Low
80709,59,2,25.0,28.0,150.0,2.0,218.0,138.0,79.6,142.0,82.0,52.5,155.4,21.7,80.4,1.8583253256287005,0.4166666666666667,0.02512562814070352,Moderate
80712,48,2,30.0,38.0,266.0,2.0,151.0,,,128.0,84.0,68.7,151.6,29.9,91.8,0.878191151986083,0.28195488721804507,,Low
80713,38,1,33.0,42.0,195.0,2.0,241.0,,,126.0,84.0,95.9,175.5,31.1,104.2,0.9922892351408372,0.4230769230769231,,Low
80714,45,1,29.0,35.0,169.0,2.0,248.0,182.0,65.6,106.0,70.0,64.7,166.9,23.2,83.1,1.3052382277168215,0.42899408284023666,0.030487804878048783,Moderate
80717,80,1,35.0,21.0,226.0,2.0,154.0,73.0,80.6,124.0,60.0,80.8,173.0,27.0,104.0,2.703584480799906,0.38716814159292035,0.02481389578163772,High
80718,36,2,30.0,25.0,214.0,2.0,243.0,,,128.0,82.0,71.6,163.9,26.7,95.0,1.0093457943925233,0.35046728971962615,,Low
80719,80,2,32.0,23.0,286.0,2.0,137.0,51.0,85.6,120.0,56.0,84.9,161.0,32.8,106.9,1.8664227272241658,0.27972027972027974,0.023364485981308414,Moderate
80722,63,2,25.0,15.0,171.0,2.0,224.0,,,138.0,72.0,68.0,158.6,27.0,95.5,2.378147668723852,0.36549707602339176,,Moderate
80723,80,1,26.0,19.0,135.0,2.0,104.0,47.0,56.6,114.0,56.0,63.9,174.2,21.1,93.5,3.534701677413099,0.4814814814814815,0.0353356890459364,High
80729,31,1,40.0,65.0,260.0,2.0,247.0,163.0,83.6,120.0,74.0,94.9,175.8,30.7,113.2,0.5915502726562251,0.38461538461538464,0.023923444976076555,Low
80731,32,2,20.0,15.0,264.0,2.0,149.0,,,116.0,72.0,69.4,164.0,25.8,93.2,0.6259367024173603,0.1893939393939394,,Low
80732,52,1,20.0,20.0,295.0,2.0,268.0,,,128.0,76.0,91.4,181.4,27.8,104.1,0.7883087107117902,0.1694915254237288,,Low
80733,47,1,18.0,11.0,323.0,2.0,184.0,134.0,49.6,142.0,80.0,62.6,168.7,22.0,78.0,0.7897170201634305,0.1393188854489164,0.04032258064516129,Low
80735,41,1,20.0,27.0,197.0,2.0,219.0,145.0,73.6,120.0,74.0,105.2,179.9,32.5,110.6,0.801061287200496,0.25380710659898476,0.027173913043478264,Low
80736,37,2,23.0,16.0,196.0,2.0,185.0,,,120.0,74.0,62.2,167.3,22.2,79.9,1.0854591836734695,0.2933673469387755,,Low
80737,19,2,17.0,11.0,208.0,2.0,146.0,,,114.0,76.0,53.2,170.6,18.3,75.2,0.4682123283587387,0.2043269230769231,,Low
80738,40,1,19.0,28.0,323.0,2.0,206.0,,,140.0,94.0,99.8,174.7,32.7,109.3,0.4446640858932085,0.14705882352941177,,Low
80739,30,2,19.0,21.0,229.0,2.0,140.0,82.0,57.6,118.0,74.0,90.6,164.3,33.6,104.8,0.5431624342118588,0.20742358078602618,0.034722222222222224,Low
80740,39,2,23.0,22.0,341.0,2.0,219.0,,,92.0,56.0,79.4,158.0,31.8,104.8,0.5608241717624122,0.16862170087976538,,Low
80741,51,1,28.0,48.0,303.0,2.0,239.0,,,,,105.3,177.7,33.3,113.8,0.6802443765699551,0.23102310231023102,,Low
80742,53,2,20.0,14.0,263.0,2.0,195.0,,,108.0,74.0,94.6,162.9,35.6,100.9,1.0771745871755507,0.19011406844106463,,Low
80743,70,1,18.0,15.0,183.0,2.0,296.0,172.0,123.6,116.0,74.0,66.1,166.3,23.9,,1.77776284743947,0.24590163934426232,0.016181229773462785,Moderate
80745,50,1,23.0,15.0,200.0,2.0,167.0,,,112.0,66.0,75.5,181.7,22.9,88.3,1.4846436160461765,0.2875,,Moderate
80749,62,2,15.0,18.0,323.0,2.0,166.0,,,128.0,56.0,60.0,146.3,28.0,93.4,0.6786473751325999,0.11609907120743033,,Low
80750,80,2,25.0,24.0,139.0,2.0,170.0,73.0,96.6,134.0,50.0,48.9,147.9,22.4,77.7,2.937038060891101,0.44964028776978415,0.020703933747412008,High
80753,18,1,20.0,17.0,155.0,2.0,125.0,69.0,55.6,110.0,64.0,66.1,168.7,23.2,81.3,0.563308548471483,0.3225806451612903,0.03597122302158273,Low
80754,67,1,21.0,14.0,241.0,2.0,214.0,,,128.0,62.0,93.1,162.9,35.1,110.3,1.5603177069327017,0.21784232365145229,,Moderate
80755,32,2,16.0,12.0,254.0,2.0,234.0,,,,,61.3,168.9,21.5,77.5,0.5818963343013551,0.15748031496062995,,Low
80756,32,2,18.0,16.0,338.0,,233.0,,,110.0,56.0,62.2,150.3,27.5,87.3,0.4260355029585799,0.1331360946745562,,Low
80757,39,2,16.0,13.0,233.0,2.0,210.0,134.0,75.6,112.0,74.0,71.2,160.2,27.7,95.4,0.7427745116835687,0.17167381974248927,0.026455026455026457,Low
80761,23,1,28.0,25.0,213.0,2.0,171.0,95.0,75.6,,,93.5,186.6,26.9,96.6,0.6046948356807512,0.32863849765258213,0.026455026455026457,Low
80765,37,1,23.0,57.0,261.0,2.0,229.0,,,110.0,72.0,96.2,179.6,29.8,101.7,0.4318685961158438,0.22030651340996166,,Low
80769,61,1,17.0,13.0,231.0,2.0,135.0,60.0,74.6,106.0,68.0,79.1,181.6,24.0,92.4,1.2450738170683173,0.18398268398268397,0.02680965147453083,Low
80770,69,1,27.0,18.0,202.0,2.0,170.0,,,138.0,80.0,58.4,177.7,18.5,75.0,2.1738282728556735,0.3341584158415842,,Moderate
80771,59,1,37.0,61.0,209.0,2.0,161.0,,,,,82.6,161.6,31.6,98.5,1.3373421478158465,0.4425837320574163,,Moderate
80772,36,1,17.0,21.0,236.0,2.0,140.0,70.0,69.6,116.0,70.0,63.7,168.7,22.4,94.6,0.5658870712899463,0.18008474576271186,0.02873563218390805,Low
80774,76,2,23.0,18.0,188.0,2.0,245.0,174.0,70.6,112.0,54.0,59.5,161.4,22.8,82.3,2.1915295275072433,0.3058510638297872,0.028328611898017,Moderate
80775,19,2,21.0,22.0,281.0,2.0,203.0,,,106.0,62.0,80.6,161.8,30.8,99.3,0.30272984279675647,0.18683274021352314,,Low
80778,32,1,21.0,22.0,241.0,2.0,186.0,,,110.0,70.0,75.4,176.4,24.2,86.7,0.5944849850247726,0.21784232365145229,,Low
80781,62,2,18.0,14.0,298.0,2.0,182.0,118.0,63.6,116.0,66.0,62.5,159.7,24.5,88.5,1.0008843824639786,0.15100671140939598,0.031446540880503145,Low
80782,29,2,18.0,11.0,182.0,2.0,149.0,,,108.0,64.0,57.3,159.7,22.5,75.2,0.8647742959867726,0.24725274725274723,,Low
80784,18,1,66.0,26.0,224.0,2.0,181.0,,,112.0,58.0,81.0,184.6,23.8,81.8,1.0401159310007262,0.7366071428571428,,Low
80786,80,2,22.0,17.0,296.0,2.0,153.0,59.0,93.6,172.0,50.0,70.0,154.8,29.2,96.0,1.44210371643225,0.18581081081081083,0.021367521367521368,Moderate
80787,34,2,19.0,18.0,283.0,2.0,209.0,,,104.0,72.0,59.3,143.9,28.6,92.0,0.538034135037114,0.16784452296819788,,Low
80788,31,2,19.0,12.0,214.0,2.0,122.0,,,106.0,62.0,50.6,163.0,19.0,67.4,0.7945310947492747,0.22196261682242988,,Low
80790,32,2,22.0,21.0,282.0,2.0,196.0,,,134.0,78.0,135.3,166.4,48.9,134.7,0.5447709032841795,0.19503546099290783,,Low
80792,76,2,21.0,12.0,223.0,2.0,185.0,89.0,95.6,144.0,66.0,96.8,160.9,37.4,114.3,2.066033698714446,0.23542600896860988,0.020920502092050212,Moderate
80793,41,1,17.0,15.0,183.0,2.0,165.0,101.0,63.6,102.0,58.0,86.0,178.7,26.9,98.5,0.9834132576708814,0.23224043715846993,0.031446540880503145,Low
80794,58,1,25.0,24.0,200.0,2.0,173.0,105.0,67.6,122.0,80.0,85.6,172.4,28.8,106.1,1.4799000529315036,0.3125,0.02958579881656805,Moderate
80795,28,2,19.0,16.0,388.0,2.0,153.0,88.0,64.6,98.0,56.0,55.8,170.2,19.3,73.7,0.3427835051546392,0.12242268041237113,0.030959752321981428,Low
80798,29,1,24.0,29.0,180.0,2.0,165.0,,,108.0,72.0,82.6,169.7,28.7,96.4,0.7180219742846006,0.3333333333333333,,Low
80799,18,1,23.0,41.0,220.0,2.0,171.0,,,122.0,86.0,83.0,170.5,28.6,100.5,0.2938906246449223,0.26136363636363635,,Low
80800,71,1,20.0,17.0,257.0,2.0,173.0,100.0,72.6,122.0,74.0,81.9,185.6,23.8,90.0,1.3400801072046413,0.19455252918287938,0.027548209366391185,Moderate
80804,67,2,23.0,21.0,206.0,2.0,261.0,,,170.0,88.0,72.7,159.3,28.6,100.7,1.6323969361828363,0.279126213592233,,Moderate
80805,37,2,26.0,22.0,248.0,2.0,219.0,131.0,87.6,116.0,82.0,93.2,170.6,32.0,105.5,0.8270124561858759,0.26209677419354843,0.022831050228310504,Low
80810,56,1,21.0,22.0,242.0,2.0,246.0,151.0,94.6,164.0,94.0,76.9,166.3,27.8,96.6,1.0360497621247846,0.21694214876033058,0.021141649048625793,Low
80812,23,1,30.0,27.0,209.0,2.0,182.0,85.0,96.6,134.0,46.0,73.4,169.9,25.4,82.3,0.6353615402565259,0.3588516746411483,0.020703933747412008,Low
80814,56,1,27.0,16.0,222.0,2.0,165.0,,,126.0,76.0,62.7,171.5,21.3,88.2,1.7027027027027026,0.30405405405405406,,Moderate
80815,56,2,21.0,23.0,211.0,2.0,203.0,125.0,77.6,134.0,70.0,83.0,151.6,36.1,100.3,1.1621466868773458,0.24881516587677727,0.025773195876288662,Low
80816,31,2,24.0,32.0,232.0,2.0,197.0,117.0,79.6,116.0,74.0,68.3,162.0,26.0,97.1,0.5669045745719734,0.25862068965517243,0.02512562814070352,Low
80817,80,1,31.0,24.0,216.0,2.0,192.0,,,122.0,66.0,63.5,165.2,23.3,87.9,2.343647593403658,0.3587962962962963,,Moderate
80819,54,2,19.0,20.0,363.0,2.0,156.0,,,102.0,58.0,85.4,155.6,35.3,100.8,0.6320126019048993,0.13085399449035812,,Low
80820,36,2,20.0,26.0,372.0,2.0,201.0,,,126.0,70.0,94.3,166.4,34.1,105.8,0.37957961639648524,0.13440860215053765,,Low
80821,38,1,23.0,23.0,270.0,2.0,271.0,,,100.0,70.0,73.7,167.7,26.2,92.8,0.6749688810588272,0.21296296296296294,,Low
80822,80,1,21.0,15.0,156.0,2.0,166.0,99.0,66.6,124.0,64.0,105.4,178.0,33.3,,2.7806034280463505,0.33653846153846156,0.030030030030030033,High
80823,48,2,21.0,16.0,206.0,2.0,235.0,,,116.0,72.0,67.5,168.3,23.8,83.6,1.2233009708737863,0.25485436893203883,,Low
80825,30,1,25.0,16.0,179.0,2.0,186.0,,,118.0,72.0,80.2,175.2,26.1,101.2,1.047486033519553,0.34916201117318435,,Low
80826,33,1,38.0,81.0,284.0,2.0,153.0,,,,,90.7,172.6,30.4,104.9,0.49061032863849763,0.3345070422535211,,Low
80832,36,2,18.0,17.0,247.0,2.0,237.0,,,114.0,72.0,70.5,160.7,27.3,,0.636287793617586,0.18218623481781376,,Low
80833,33,1,94.0,71.0,211.0,2.0,274.0,,,170.0,90.0,80.2,171.8,27.2,93.1,1.7447377742736174,1.113744075829384,,Moderate
80840,44,2,30.0,11.0,326.0,2.0,165.0,,,136.0,68.0,62.2,165.0,22.8,80.2,1.2208434811124171,0.23006134969325154,,Low
80841,80,1,22.0,22.0,154.0,2.0,188.0,,,134.0,76.0,77.6,168.2,27.4,98.6,2.4365796154926906,0.35714285714285715,,Moderate
80842,62,2,32.0,38.0,265.0,2.0,187.0,113.0,73.6,126.0,62.0,93.6,155.8,38.6,117.4,1.2145181114091808,0.30188679245283023,0.027173913043478264,Low
80843,77,2,28.0,17.0,154.0,2.0,113.0,78.0,34.6,106.0,64.0,64.2,156.4,26.2,,3.395498750508662,0.45454545454545453,0.057803468208092484,High
80846,80,2,16.0,11.0,145.0,2.0,177.0,104.0,72.6,116.0,64.0,68.1,152.8,29.2,,2.6616173866174995,0.27586206896551724,0.027548209366391185,Moderate
80847,42,1,33.0,65.0,211.0,2.0,232.0,,,114.0,70.0,95.4,175.2,31.1,105.9,0.814749488818213,0.3909952606635071,,Low
80849,19,2,24.0,18.0,237.0,2.0,158.0,,,108.0,58.0,52.0,159.7,20.4,70.7,0.4535030832926381,0.25316455696202533,,Low
80850,25,2,25.0,21.0,222.0,2.0,143.0,,,114.0,48.0,67.1,161.0,25.9,80.2,0.6143521684571858,0.28153153153153154,,Low
80851,35,2,23.0,30.0,376.0,2.0,169.0,,,128.0,84.0,110.9,169.4,38.6,120.5,0.3908835627585627,0.1529255319148936,,Low
80853,18,1,22.0,26.0,181.0,2.0,122.0,61.0,60.6,108.0,66.0,69.8,166.6,25.1,88.9,0.429071765274701,0.3038674033149172,0.033003300330033,Low
80854,27,2,18.0,13.0,289.0,3.0,198.0,101.0,96.4,106.0,68.0,50.7,147.3,23.4,85.2,0.4664088155111788,0.15570934256055363,0.031120331950207466,Low
80858,65,1,24.0,24.0,158.0,2.0,235.0,149.0,85.6,122.0,84.0,75.4,182.2,22.7,96.0,2.015402952922868,0.37974683544303794,0.023364485981308414,Moderate
80859,75,2,23.0,13.0,151.0,2.0,172.0,76.0,95.6,,,70.4,166.5,25.4,94.5,3.16840343870371,0.3807947019867549,0.020920502092050212,High
80862,21,1,16.0,15.0,266.0,2.0,135.0,79.0,55.6,136.0,70.0,71.3,174.3,23.5,84.6,0.32614596599641404,0.15037593984962408,0.03597122302158273,Low
80863,37,2,19.0,17.0,220.0,2.0,209.0,,,130.0,88.0,61.4,157.3,24.8,91.2,0.7750115654570094,0.2159090909090909,,Low
80864,54,1,85.0,94.0,168.0,2.0,156.0,102.0,53.6,138.0,74.0,66.8,172.1,22.6,96.6,2.817990190671346,1.2648809523809523,0.03731343283582089,High
80865,25,2,18.0,14.0,328.0,2.0,175.0,,,136.0,62.0,117.1,167.2,41.9,,0.3666693867700944,0.13719512195121952,,Low
80868,61,2,23.0,19.0,174.0,2.0,218.0,,,140.0,92.0,71.3,154.2,30.0,94.0,1.8498291644850469,0.33045977011494254,,Moderate
80869,18,1,16.0,14.0,155.0,2.0,149.0,90.0,58.6,124.0,58.0,68.0,172.2,22.9,77.5,0.4965886301340531,0.25806451612903225,0.034129692832764506,Low
80872,66,1,15.0,16.0,174.0,2.0,254.0,,,152.0,0.0,64.0,154.2,26.9,96.8,1.4224137931034482,0.21551724137931033,,Moderate
80873,36,2,22.0,18.0,261.0,2.0,171.0,97.0,73.6,114.0,72.0,55.6,150.0,24.7,81.9,0.7152344453381171,0.21072796934865903,0.027173913043478264,Low
80876,47,2,25.0,26.0,204.0,2.0,195.0,,,106.0,60.0,76.8,167.8,27.3,97.1,1.1295904842517954,0.30637254901960786,,Low
80878,65,2,21.0,20.0,258.0,2.0,184.0,,,,,69.0,159.2,27.2,97.5,1.183035964840005,0.20348837209302326,,Low
80879,48,2,30.0,27.0,221.0,2.0,166.0,114.0,51.6,124.0,58.0,85.2,152.8,36.5,107.9,1.2539734353439833,0.3393665158371041,0.03875968992248062,Low
80880,28,1,33.0,62.0,325.0,2.0,147.0,84.0,62.6,144.0,88.0,181.4,182.9,54.2,155.3,0.36107113030208005,0.25384615384615383,0.03194888178913738,Low
80881,30,2,12.0,13.0,363.0,2.0,121.0,65.0,55.6,134.0,86.0,102.0,165.3,37.3,117.4,0.27505794854143595,0.08264462809917356,0.03597122302158273,Low
80883,18,1,21.0,47.0,296.0,2.0,181.0,,,106.0,52.0,97.6,172.4,32.8,110.4,0.18627353643987887,0.17736486486486489,,Low
80884,60,1,23.0,21.0,249.0,2.0,164.0,,,124.0,82.0,93.2,182.4,28.0,97.7,1.2094003555247772,0.23092369477911648,,Low
80885,32,1,19.0,16.0,249.0,2.0,262.0,,,148.0,78.0,69.4,166.8,24.9,90.8,0.6104417670682731,0.19076305220883533,,Low
80889,80,1,45.0,36.0,113.0,2.0,201.0,,,132.0,66.0,78.5,168.1,27.8,,5.3097345132743365,0.995575221238938,,High
80890,65,2,27.0,25.0,291.0,2.0,228.0,147.0,80.6,136.0,86.0,76.7,165.2,28.1,98.5,1.2061855670103092,0.23195876288659795,0.02481389578163772,Low
80892,59,2,23.0,20.0,318.0,2.0,194.0,,,136.0,88.0,74.7,152.6,32.1,107.6,0.9541963036060422,0.18081761006289307,,Low
80893,56,2,35.0,33.0,271.0,2.0,153.0,,,120.0,34.0,124.6,158.8,49.4,137.8,1.2590118290522796,0.32287822878228783,,Low
80894,67,2,22.0,19.0,220.0,2.0,161.0,,,106.0,58.0,78.9,159.2,31.1,103.6,1.5370854169327637,0.25,,Moderate
80898,76,1,20.0,13.0,190.0,2.0,130.0,,,128.0,68.0,84.2,167.8,29.9,104.8,2.2188007849009166,0.2631578947368421,,Moderate
80900,66,1,30.0,38.0,233.0,2.0,97.0,,,112.0,70.0,84.8,162.3,32.2,106.8,1.378533964973862,0.3218884120171674,,Moderate
80903,30,2,10.0,10.0,293.0,2.0,203.0,130.0,72.6,112.0,68.0,94.1,162.5,35.6,93.0,0.32378269558038014,0.08532423208191127,0.027548209366391185,Low
80904,61,1,28.0,33.0,234.0,2.0,187.0,,,120.0,84.0,84.9,176.4,27.3,102.7,1.2706181041552647,0.29914529914529914,,Low
80905,22,2,15.0,13.0,294.0,2.0,87.0,39.0,47.6,114.0,64.0,49.0,162.8,18.5,67.1,0.3113113346162,0.12755102040816327,0.04201680672268907,Low
80908,53,2,26.0,25.0,344.0,2.0,259.0,147.0,111.6,108.0,68.0,97.5,161.9,37.2,112.5,0.8011627906976744,0.18895348837209303,0.01792114695340502,Low
80911,44,1,31.0,32.0,208.0,2.0,248.0,146.0,101.6,142.0,74.0,71.3,172.6,23.9,86.1,1.1592471749260225,0.37259615384615385,0.01968503937007874,Low
80912,28,2,32.0,42.0,347.0,2.0,181.0,,,124.0,70.0,61.3,153.5,26.0,86.4,0.39843170480125173,0.23054755043227668,,Low
80915,66,2,25.0,26.0,298.0,2.0,161.0,71.0,89.6,104.0,62.0,68.6,160.2,26.7,98.7,1.0858779294563883,0.20973154362416108,0.022321428571428572,Low
80916,39,2,17.0,16.0,239.0,2.0,236.0,,,116.0,78.0,99.3,180.3,30.5,111.6,0.6935146443514645,0.17782426778242677,,Low
80917,34,1,28.0,37.0,318.0,2.0,211.0,,,130.0,92.0,130.3,173.5,43.3,126.7,0.49216300602106966,0.22012578616352202,,Low
80920,28,2,40.0,47.0,286.0,2.0,161.0,,,130.0,90.0,121.2,166.4,43.8,126.9,0.5712195471246221,0.34965034965034963,,Low
80921,25,2,18.0,12.0,181.0,2.0,141.0,,,118.0,70.0,53.0,159.4,20.9,77.5,0.7177006108710818,0.24861878453038677,,Low
80923,28,1,37.0,26.0,190.0,2.0,121.0,,,112.0,68.0,97.0,187.3,27.7,100.0,1.069349031595572,0.4868421052631579,,Low
80924,39,2,19.0,19.0,314.0,2.0,194.0,121.0,72.6,136.0,90.0,103.2,163.1,38.8,,0.5413919070002747,0.15127388535031847,0.027548209366391185,Low
80928,62,2,25.0,24.0,207.0,2.0,191.0,,,130.0,72.0,85.0,173.5,28.2,110.4,1.5284658217849947,0.30193236714975846,,Moderate
80929,65,2,20.0,18.0,216.0,2.0,219.0,,,126.0,74.0,49.9,156.7,20.3,79.0,1.4185784190470863,0.23148148148148145,,Moderate
80930,73,1,29.0,26.0,162.0,2.0,141.0,,,106.0,64.0,75.6,168.5,26.6,95.8,2.562826284490961,0.44753086419753085,,Moderate
80934,65,1,24.0,21.0,211.0,2.0,130.0,81.0,48.6,144.0,72.0,79.7,168.3,28.1,103.4,1.6133644965315077,0.2843601895734597,0.0411522633744856,Moderate
80936,38,1,34.0,57.0,247.0,2.0,315.0,,,112.0,66.0,104.8,172.1,35.4,107.5,0.6928323098494075,0.3441295546558705,,Low
80938,19,2,21.0,20.0,325.0,2.0,165.0,,,126.0,66.0,117.7,165.8,42.8,128.2,0.2745203455453588,0.16153846153846155,,Low
80939,47,1,22.0,26.0,183.0,2.0,161.0,92.0,68.6,116.0,76.0,96.8,175.6,31.4,107.0,1.1081097471742203,0.3005464480874317,0.02915451895043732,Low
80941,51,2,22.0,18.0,258.0,2.0,204.0,,,,,78.9,156.9,32.1,105.6,1.025030760324685,0.2131782945736434,,Low
80943,78,2,26.0,20.0,228.0,2.0,216.0,,,164.0,68.0,78.1,157.6,31.4,106.5,1.9889236220919182,0.2850877192982456,,Moderate
80946,60,1,20.0,18.0,187.0,2.0,169.0,,,124.0,82.0,96.7,175.3,31.5,117.4,1.5125278741958237,0.267379679144385,,Moderate
80948,18,1,21.0,17.0,310.0,2.0,142.0,,,114.0,74.0,76.9,174.7,25.2,79.8,0.2957369879475286,0.16935483870967744,,Low
80954,29,2,18.0,14.0,243.0,2.0,149.0,96.0,52.6,110.0,48.0,87.7,172.7,29.4,93.6,0.5741167418859487,0.1851851851851852,0.03802281368821293,Low
80955,72,2,25.0,21.0,266.0,2.0,189.0,97.0,91.6,136.0,56.0,42.7,159.6,16.8,,1.4766624151307757,0.2349624060150376,0.02183406113537118,Moderate
80956,18,2,21.0,16.0,198.0,2.0,193.0,122.0,70.6,108.0,54.0,42.8,147.3,19.7,67.1,0.4772727272727273,0.2651515151515152,0.028328611898017,Low
80960,71,1,33.0,57.0,212.0,2.0,161.0,89.0,71.6,126.0,68.0,91.4,165.9,33.2,111.8,1.4638581663223573,0.3891509433962264,0.02793296089385475,Moderate
80961,41,2,17.0,11.0,146.0,2.0,182.0,96.0,85.6,94.0,48.0,62.9,166.6,22.7,85.5,1.4394068984294606,0.2910958904109589,0.023364485981308414,Moderate
80962,72,2,19.0,15.0,144.0,2.0,234.0,134.0,99.6,146.0,72.0,79.3,160.8,30.7,95.4,2.4528894525980305,0.3298611111111111,0.020080321285140562,Moderate
80964,19,2,23.0,23.0,215.0,2.0,181.0,108.0,72.6,110.0,62.0,58.3,163.6,21.8,,0.42381766950205435,0.26744186046511625,0.027548209366391185,Low
80965,25,1,19.0,13.0,201.0,2.0,115.0,,,118.0,54.0,68.9,182.7,20.6,75.5,0.6554293363357807,0.23631840796019898,,Low
80966,27,2,13.0,13.0,194.0,2.0,242.0,149.0,92.6,120.0,62.0,93.5,163.7,34.9,103.7,0.5018035280284934,0.1675257731958763,0.021598272138228944,Low
80967,40,1,40.0,41.0,155.0,2.0,213.0,,,114.0,56.0,76.6,155.0,31.9,100.5,1.612116251753353,0.6451612903225806,,Moderate
80968,25,1,11.0,14.0,196.0,2.0,107.0,50.0,56.6,118.0,74.0,60.8,170.7,20.9,71.0,0.3749838853363097,0.1403061224489796,0.0353356890459364,Low
80973,47,2,19.0,15.0,182.0,2.0,262.0,,,122.0,78.0,81.1,161.3,31.2,104.9,1.2668769700231586,0.26098901098901095,,Low
80975,26,2,14.0,9.0,253.0,2.0,140.0,83.0,56.6,108.0,64.0,120.4,167.0,43.2,126.3,0.4795783926218709,0.13833992094861658,0.0353356890459364,Low
80976,59,1,25.0,27.0,204.0,2.0,203.0,111.0,91.6,134.0,76.0,76.2,177.4,24.2,92.5,1.3914896193704216,0.30637254901960786,0.02183406113537118,Moderate
80979,29,1,26.0,25.0,201.0,2.0,169.0,94.0,74.6,130.0,74.0,84.8,167.6,30.2,88.6,0.7502487562189055,0.32338308457711445,0.02680965147453083,Low
80980,44,2,20.0,14.0,288.0,2.0,176.0,,,136.0,94.0,49.5,162.0,18.9,77.0,0.8166315725101856,0.1736111111111111,,Low
80981,25,2,15.0,16.0,214.0,2.0,161.0,,,106.0,48.0,49.9,162.2,19.0,72.0,0.4380841121495327,0.17523364485981308,,Low
80982,31,1,22.0,31.0,213.0,2.0,241.0,,,120.0,84.0,124.7,178.2,39.3,128.6,0.5750742534378427,0.25821596244131456,,Low
80985,46,1,31.0,48.0,391.0,2.0,245.0,,,146.0,96.0,99.4,180.3,30.6,109.7,0.5264075983787765,0.19820971867007672,,Low
80988,65,2,18.0,12.0,266.0,2.0,209.0,,,,,60.8,150.5,26.8,93.4,1.2697364942704177,0.16917293233082706,,Low
80989,46,1,24.0,25.0,200.0,2.0,226.0,,,138.0,90.0,88.2,172.4,29.7,112.1,1.104,0.3,,Low
80990,35,1,24.0,32.0,161.0,2.0,305.0,,,124.0,80.0,94.6,180.4,29.1,102.5,0.9223131928520184,0.37267080745341613,,Low
80997,26,1,24.0,20.0,155.0,2.0,192.0,108.0,83.6,106.0,50.0,71.3,173.6,23.7,85.8,0.900197689006367,0.3870967741935484,0.023923444976076555,Low
81000,28,1,23.0,19.0,216.0,2.0,116.0,54.0,61.6,100.0,44.0,72.2,175.4,23.5,81.4,0.6839987620955638,0.2662037037037037,0.032467532467532464,Low
81004,50,1,22.0,18.0,157.0,2.0,155.0,82.0,72.6,106.0,80.0,78.9,171.1,27.0,92.4,1.6514171110513851,0.35031847133757965,0.027548209366391185,Moderate
81008,48,1,15.0,18.0,199.0,2.0,251.0,,,134.0,76.0,71.9,181.5,21.8,82.2,0.8527920979134243,0.18844221105527637,,Low
81009,56,2,37.0,36.0,198.0,2.0,147.0,70.0,76.6,108.0,64.0,73.0,148.3,33.2,106.2,1.7441077441077442,0.46717171717171724,0.026109660574412535,Moderate
81010,51,1,25.0,24.0,198.0,2.0,313.0,240.0,72.6,124.0,76.0,72.8,166.7,26.2,95.6,1.314435783690468,0.31565656565656564,0.027548209366391185,Moderate
81011,60,2,33.0,28.0,269.0,2.0,241.0,,,,,65.8,160.0,25.7,96.3,1.3910216664651855,0.3066914498141264,,Moderate
81012,34,1,25.0,18.0,228.0,2.0,207.0,,,104.0,62.0,68.4,181.8,20.7,83.1,0.8787145672639846,0.2741228070175438,,Low
81013,43,1,20.0,26.0,356.0,2.0,227.0,162.0,64.6,112.0,72.0,89.0,167.1,31.9,103.3,0.47376369724392775,0.1404494382022472,0.030959752321981428,Low
81014,27,1,18.0,16.0,276.0,2.0,156.0,,,106.0,66.0,79.0,175.2,25.7,81.4,0.44021739130434784,0.16304347826086957,,Low
81015,20,2,18.0,13.0,250.0,2.0,170.0,105.0,64.6,114.0,62.0,54.3,156.8,22.1,74.0,0.399384141282165,0.18,0.030959752321981428,Low
81020,40,1,33.0,28.0,188.0,2.0,260.0,,,120.0,76.0,84.9,165.9,30.8,105.1,1.3268965541813296,0.4388297872340425,,Moderate
81023,22,2,17.0,18.0,324.0,2.0,152.0,,,106.0,42.0,105.6,161.1,40.7,114.0,0.2720760660121078,0.13117283950617284,,Low
81025,69,2,21.0,17.0,234.0,2.0,178.0,,,,,96.4,156.2,39.5,112.8,1.5018552165711387,0.2243589743589744,,Moderate
81026,80,2,15.0,16.0,228.0,2.0,198.0,,,106.0,74.0,82.0,155.8,33.8,107.5,1.3157894736842106,0.1644736842105263,,Moderate
81029,43,1,19.0,40.0,195.0,2.0,273.0,,,128.0,66.0,81.2,175.4,26.4,93.7,0.6624566277839913,0.24358974358974356,,Low
81030,60,1,32.0,25.0,168.0,2.0,140.0,56.0,83.6,106.0,64.0,82.6,176.1,26.6,98.8,2.2857142857142856,0.4761904761904762,0.023923444976076555,Moderate
81032,71,1,25.0,28.0,169.0,2.0,249.0,163.0,85.6,152.0,64.0,70.6,178.3,22.2,82.0,1.9848726023413559,0.3698224852071006,0.023364485981308414,Moderate
81034,34,1,28.0,48.0,213.0,2.0,176.0,,,114.0,80.0,89.6,167.3,32.0,107.3,0.6451143852916946,0.32863849765258213,,Low
81037,60,1,31.0,24.0,183.0,2.0,213.0,145.0,67.6,140.0,86.0,79.7,172.9,26.7,93.2,2.0747044269475006,0.42349726775956287,0.02958579881656805,Moderate
81038,45,1,21.0,25.0,218.0,2.0,163.0,107.0,55.6,108.0,72.0,62.7,158.7,24.9,86.5,0.8669724770642202,0.2408256880733945,0.03597122302158273,Low
81040,52,2,80.0,85.0,187.0,2.0,150.0,70.0,79.6,168.0,60.0,94.3,165.4,34.5,120.6,2.4129163222609886,1.06951871657754,0.02512562814070352,Moderate
81041,23,2,18.0,14.0,267.0,2.0,153.0,,,116.0,78.0,68.5,154.7,28.6,87.9,0.41440507172937713,0.16853932584269662,,Low
81042,63,1,19.0,28.0,162.0,2.0,169.0,,,128.0,64.0,87.4,177.6,27.7,97.3,1.3963687475063116,0.29320987654320985,,Moderate
81043,18,2,19.0,15.0,352.0,2.0,166.0,,,106.0,66.0,52.2,167.7,18.6,70.8,0.2508636940157077,0.13494318181818182,,Low
81050,38,2,22.0,22.0,420.0,2.0,148.0,,,126.0,68.0,88.2,167.1,31.6,111.2,0.4243709496983103,0.13095238095238096,,Low
81051,41,1,92.0,112.0,245.0,2.0,186.0,,,116.0,74.0,68.7,162.4,26.0,90.8,1.454777543051842,0.9387755102040816,,Moderate
81052,44,2,23.0,17.0,217.0,2.0,219.0,,,112.0,76.0,69.4,159.3,27.3,95.0,1.1310877997086128,0.2649769585253456,,Low
81054,66,2,22.0,22.0,296.0,2.0,161.0,,,,,56.8,151.1,24.9,92.9,1.045835946447116,0.18581081081081083,,Low
81055,48,2,24.0,19.0,471.0,2.0,176.0,93.0,82.6,114.0,66.0,78.3,156.0,32.2,110.3,0.5611187376197179,0.12738853503184713,0.02421307506053269,Low
81056,49,2,17.0,15.0,315.0,2.0,213.0,137.0,75.6,110.0,52.0,64.4,151.8,27.9,94.0,0.6827926195536038,0.1349206349206349,0.026455026455026457,Low
81057,52,2,23.0,20.0,265.0,2.0,278.0,,,134.0,74.0,58.6,160.9,22.6,,1.0091838872036787,0.21698113207547168,,Low
81061,44,1,24.0,22.0,238.0,2.0,163.0,,,,,108.6,176.1,35.0,121.5,0.9459662036618681,0.25210084033613445,,Low
81063,80,2,19.0,13.0,187.0,2.0,165.0,,,138.0,72.0,71.7,153.1,30.6,97.8,2.2543965194180435,0.2540106951871658,,Moderate
81068,59,1,21.0,27.0,211.0,2.0,180.0,,,116.0,74.0,89.0,168.9,31.2,100.3,1.1300742235796941,0.24881516587677727,,Low
81069,26,2,18.0,18.0,263.0,2.0,168.0,112.0,55.6,112.0,72.0,141.6,168.4,49.9,144.8,0.4194245546201575,0.1711026615969582,0.03597122302158273,Low
81070,31,1,24.0,36.0,198.0,2.0,168.0,84.0,83.6,114.0,76.0,86.5,175.2,28.2,96.4,0.6262626262626263,0.30303030303030304,0.023923444976076555,Low
81074,19,2,40.0,46.0,213.0,2.0,177.0,,,104.0,60.0,68.4,159.2,27.0,91.2,0.5260839750127785,0.4694835680751174,,Low
81075,30,1,21.0,25.0,265.0,2.0,188.0,,,116.0,72.0,93.3,182.4,28.0,91.1,0.47547169811320755,0.19811320754716982,,Low
81076,18,2,27.0,21.0,269.0,2.0,154.0,69.0,84.6,96.0,68.0,51.9,158.7,20.6,71.3,0.394252396485845,0.2509293680297398,0.023640661938534282,Low
81078,53,2,17.0,15.0,215.0,3.0,192.0,,,158.0,82.0,73.0,154.4,30.6,90.9,1.0820334868008938,0.19767441860465115,,Low
81079,76,1,28.0,25.0,255.0,2.0,205.0,,,,,77.5,168.7,27.2,102.5,1.6690196078431372,0.2745098039215686,,Moderate
81082,60,2,17.0,16.0,277.0,2.0,202.0,117.0,84.6,116.0,76.0,73.2,156.6,29.8,98.1,0.9205776173285198,0.15342960288808663,0.023640661938534282,Low
81083,36,1,28.0,29.0,202.0,2.0,228.0,,,,,79.2,167.5,28.2,92.9,0.9266381231805361,0.3465346534653465,,Low
81084,26,2,21.0,22.0,314.0,2.0,155.0,,,,,61.3,150.2,27.2,84.6,0.3707248125164436,0.16719745222929938,,Low
81087,36,2,22.0,13.0,193.0,2.0,145.0,64.0,80.6,94.0,72.0,58.7,163.4,22.0,81.5,1.1381413352600558,0.2849740932642487,0.02481389578163772,Low
81088,54,2,24.0,20.0,274.0,2.0,192.0,115.0,76.6,126.0,66.0,86.6,154.9,36.1,105.0,1.0576438316933312,0.218978102189781,0.026109660574412535,Low
81090,32,1,23.0,34.0,433.0,2.0,222.0,144.0,77.6,126.0,70.0,70.2,171.2,24.0,84.6,0.29150798767872166,0.13279445727482678,0.025773195876288662,Low
81092,29,1,78.0,131.0,171.0,2.0,147.0,,,122.0,84.0,103.4,174.0,34.2,107.5,1.155741857407759,1.1403508771929824,,Low
81093,36,2,18.0,16.0,238.0,2.0,171.0,101.0,69.6,118.0,68.0,137.0,162.4,51.9,136.2,0.680672268907563,0.18907563025210083,0.02873563218390805,Low
81095,51,1,22.0,34.0,211.0,2.0,251.0,162.0,88.6,130.0,70.0,106.8,160.0,41.7,131.0,0.9119498224165634,0.26066350710900477,0.022573363431151242,Low
81096,24,2,28.0,31.0,395.0,2.0,187.0,,,118.0,58.0,97.8,163.0,36.8,120.5,0.3055563619290955,0.17721518987341772,,Low
81097,21,2,15.0,12.0,271.0,2.0,168.0,,,108.0,62.0,60.6,162.4,23.0,82.4,0.3355448981452622,0.13837638376383762,,Low
81099,36,2,17.0,13.0,253.0,2.0,207.0,139.0,67.6,102.0,58.0,86.8,161.6,33.2,110.0,0.6709022136162851,0.16798418972332016,0.02958579881656805,Low
81100,80,2,20.0,14.0,130.0,2.0,113.0,57.0,55.6,114.0,56.0,74.0,167.4,26.4,91.7,3.2893691312298388,0.38461538461538464,0.03597122302158273,High
81101,38,2,57.0,95.0,273.0,2.0,243.0,157.0,85.6,114.0,76.0,77.9,159.3,30.7,103.0,0.8140179892367926,0.521978021978022,0.023364485981308414,Low
81103,80,1,36.0,38.0,106.0,2.0,217.0,,,170.0,72.0,73.4,174.0,24.2,94.8,4.407525404307511,0.8490566037735849,,High
81104,67,2,25.0,22.0,191.0,2.0,181.0,89.0,91.6,116.0,62.0,44.2,162.2,16.8,68.3,1.8696921460505103,0.32722513089005234,0.02183406113537118,Moderate
81107,54,2,24.0,20.0,237.0,2.0,221.0,,,112.0,78.0,92.2,154.0,38.9,116.1,1.2227612231391254,0.25316455696202533,,Low
81109,77,2,18.0,15.0,219.0,2.0,147.0,85.0,61.6,114.0,60.0,74.9,159.9,29.3,104.5,1.6340806447012115,0.20547945205479454,0.032467532467532464,Moderate
81110,56,2,19.0,16.0,278.0,2.0,223.0,134.0,88.6,116.0,54.0,64.1,164.3,23.7,83.0,0.9568345323741008,0.17086330935251798,0.022573363431151242,Low
81111,77,2,22.0,16.0,295.0,3.0,154.0,,,166.0,62.0,61.5,161.1,23.7,93.7,1.435593220338983,0.1864406779661017,,Moderate
81115,60,1,23.0,21.0,243.0,2.0,145.0,76.0,68.6,,,104.5,194.8,27.5,109.6,1.2392620926982285,0.23662551440329216,0.02915451895043732,Low
81117,19,1,19.0,25.0,217.0,2.0,140.0,,,,,111.4,180.5,34.2,115.5,0.3327188940092166,0.21889400921658986,,Low
81118,40,2,15.0,11.0,234.0,2.0,198.0,,,114.0,68.0,58.7,157.0,23.8,82.5,0.7731060117378554,0.16025641025641024,,Low
81119,37,2,18.0,22.0,362.0,2.0,200.0,112.0,87.6,,,104.2,164.6,38.5,117.5,0.3922422019139131,0.12430939226519339,0.022831050228310504,Low
81121,61,1,23.0,36.0,221.0,2.0,172.0,,,104.0,68.0,71.3,163.6,26.6,94.9,1.0580693815987934,0.2601809954751131,,Low
81122,37,2,20.0,36.0,260.0,2.0,202.0,,,116.0,76.0,85.8,155.8,35.3,110.8,0.47435897435897434,0.19230769230769232,,Low
81131,49,1,29.0,49.0,168.0,2.0,270.0,183.0,86.6,,,90.0,174.3,29.6,106.7,1.2083333333333333,0.43154761904761907,0.023094688221709007,Low
81134,75,2,29.0,20.0,189.0,2.0,190.0,,,140.0,76.0,85.4,144.2,41.1,,2.573252831249758,0.3835978835978836,,Moderate
81135,20,1,21.0,15.0,241.0,2.0,177.0,,,134.0,56.0,68.8,187.5,19.6,73.9,0.44997316885397376,0.21784232365145229,,Low
81136,78,2,27.0,18.0,268.0,2.0,224.0,,,158.0,52.0,81.7,152.4,35.2,109.5,1.8521976134065539,0.251865671641791,,Moderate
81138,42,2,20.0,13.0,188.0,2.0,199.0,126.0,72.6,98.0,52.0,47.7,157.1,19.3,70.3,1.239223842630831,0.26595744680851063,0.027548209366391185,Low
81139,23,1,22.0,27.0,253.0,2.0,199.0,,,130.0,66.0,99.6,172.4,33.5,109.1,0.38490017945975047,0.21739130434782608,,Low
81141,70,1,20.0,29.0,192.0,2.0,200.0,,,126.0,80.0,97.4,178.0,30.7,113.7,1.3540285075410032,0.26041666666666663,,Moderate
81142,60,2,23.0,20.0,277.0,2.0,187.0,,,126.0,62.0,86.2,151.4,37.6,104.1,1.113997764963794,0.2075812274368231,,Low
81144,49,1,27.0,30.0,173.0,2.0,218.0,160.0,57.6,162.0,94.0,101.9,177.7,32.3,107.2,1.3962176176865795,0.3901734104046243,0.034722222222222224,Moderate
81147,46,2,54.0,78.0,331.0,2.0,813.0,,,116.0,68.0,101.0,163.0,38.0,124.4,0.8497208920891769,0.40785498489425986,,Low
81148,73,2,34.0,25.0,276.0,2.0,173.0,,,,,63.4,154.5,26.6,91.9,1.798550724637681,0.3079710144927536,,Moderate
81149,34,1,20.0,18.0,264.0,2.0,144.0,92.0,51.6,128.0,60.0,73.0,166.9,26.2,89.4,0.6071118828369347,0.1893939393939394,0.03875968992248062,Low
81151,56,1,27.0,29.0,198.0,2.0,159.0,111.0,47.6,134.0,96.0,83.9,183.5,24.9,98.2,1.418037127897487,0.34090909090909094,0.04201680672268907,Moderate
81152,34,2,25.0,19.0,126.0,2.0,236.0,,,96.0,64.0,101.9,173.6,33.8,119.0,1.54764582372998,0.496031746031746,,Moderate
81153,30,2,20.0,10.0,303.0,2.0,166.0,95.0,70.6,104.0,66.0,53.3,160.8,20.6,79.2,0.6261935960729463,0.16501650165016502,0.028328611898017,Low
81154,50,1,44.0,79.0,245.0,2.0,223.0,130.0,92.6,,,78.6,161.4,30.2,101.0,1.0102830130764298,0.4489795918367347,0.021598272138228944,Low
81155,56,2,21.0,32.0,206.0,2.0,191.0,108.0,82.6,138.0,46.0,74.2,156.7,30.2,94.8,1.0091718139264318,0.25485436893203883,0.02421307506053269,Low
81159,24,2,23.0,15.0,160.0,2.0,192.0,,,106.0,66.0,46.9,154.7,19.6,71.5,0.8907861696277058,0.359375,,Low
81160,23,1,26.0,42.0,254.0,2.0,194.0,,,132.0,74.0,154.7,181.2,47.1,144.5,0.36328111526508255,0.2559055118110236,,Low
81161,33,1,22.0,43.0,239.0,2.0,265.0,,,108.0,66.0,83.0,173.7,27.5,94.2,0.46323833498523426,0.23012552301255232,,Low
81162,80,2,16.0,12.0,337.0,2.0,224.0,141.0,82.6,170.0,70.0,56.0,160.1,21.8,92.3,1.0964515497963219,0.11869436201780417,0.02421307506053269,Low
81163,79,2,26.0,26.0,192.0,2.0,141.0,62.0,78.6,164.0,56.0,62.0,152.8,26.6,91.8,2.0980340706970315,0.3385416666666667,0.025445292620865142,Moderate
81165,51,1,27.0,20.0,262.0,2.0,176.0,,,114.0,72.0,52.2,152.8,22.4,81.0,1.1752158797775611,0.25763358778625955,,Low
81166,73,2,23.0,21.0,244.0,2.0,173.0,,,,,72.8,145.6,34.3,94.5,1.5015894987960294,0.23565573770491802,,Moderate
81168,28,2,21.0,18.0,256.0,2.0,160.0,52.0,107.6,114.0,70.0,49.2,160.9,19.0,69.6,0.5413786293459505,0.205078125,0.01858736059479554,Low
81169,34,1,24.0,20.0,169.0,2.0,149.0,88.0,60.6,112.0,54.0,107.7,179.2,33.5,113.2,1.079663591502857,0.35502958579881655,0.033003300330033,Low
81170,24,2,19.0,22.0,265.0,2.0,136.0,73.0,62.6,100.0,48.0,107.1,162.8,40.4,126.7,0.366866138332673,0.1792452830188679,0.03194888178913738,Low
81171,49,2,22.0,21.0,225.0,2.0,221.0,114.0,106.6,144.0,70.0,59.8,150.5,26.4,89.7,1.045506158552888,0.2444444444444445,0.01876172607879925,Low
81173,50,2,19.0,20.0,299.0,2.0,235.0,142.0,92.6,128.0,78.0,114.4,159.6,44.9,108.2,0.71045638081097,0.15886287625418058,0.021598272138228944,Low
81174,31,2,26.0,27.0,264.0,2.0,135.0,,,148.0,90.0,143.6,168.7,50.5,149.4,0.58755595576621,0.24621212121212124,,Low
81175,80,1,38.0,45.0,145.0,2.0,167.0,85.0,81.6,114.0,76.0,80.5,171.8,27.3,96.2,3.125354782344534,0.6551724137931034,0.02450980392156863,High
81176,38,2,16.0,19.0,300.0,2.0,145.0,,,104.0,76.0,82.1,157.6,33.1,112.8,0.46494922064433847,0.13333333333333336,,Low
81177,48,2,15.0,6.0,313.0,2.0,173.0,92.0,80.6,152.0,90.0,109.0,162.4,41.3,97.3,0.9391014988306116,0.11980830670926518,0.02481389578163772,Low
81186,42,2,24.0,31.0,324.0,2.0,185.0,,,,,106.1,177.1,33.8,111.1,0.5587720507499664,0.18518518518518517,,Low
81187,43,1,34.0,39.0,223.0,2.0,240.0,,,154.0,86.0,187.8,172.2,63.3,,1.049808793107791,0.3811659192825112,,Low
81190,23,2,24.0,30.0,247.0,2.0,197.0,106.0,90.6,106.0,52.0,48.7,149.1,21.9,71.6,0.40802004283785653,0.24291497975708504,0.02207505518763797,Low
81192,41,2,11.0,14.0,217.0,2.0,193.0,,,106.0,78.0,65.5,166.2,23.7,78.3,0.5554600004723659,0.12672811059907835,,Low
81193,20,1,23.0,31.0,203.0,2.0,231.0,,,106.0,68.0,77.2,171.3,26.3,88.7,0.40698738390303674,0.2832512315270936,,Low
81196,41,2,17.0,9.0,204.0,2.0,171.0,91.0,79.6,138.0,88.0,50.2,159.0,19.9,72.4,1.1388888888888888,0.20833333333333334,0.02512562814070352,Low
81197,47,2,15.0,18.0,226.0,2.0,176.0,82.0,93.6,126.0,68.0,72.4,162.4,27.5,92.9,0.7352659007913216,0.16592920353982302,0.021367521367521368,Low
81201,56,1,25.0,38.0,151.0,2.0,208.0,,,112.0,76.0,75.5,170.3,26.0,93.8,1.5040396661130302,0.4139072847682119,,Moderate
81202,38,2,16.0,11.0,237.0,2.0,154.0,,,104.0,66.0,74.5,171.1,25.4,86.7,0.7734974578197481,0.16877637130801687,,Low
81203,62,1,26.0,15.0,228.0,2.0,195.0,,,114.0,56.0,87.9,183.5,26.1,113.0,1.825511448563262,0.2850877192982456,,Moderate
81204,65,2,36.0,28.0,247.0,2.0,205.0,139.0,65.6,124.0,62.0,110.7,161.8,42.3,118.5,1.7903580300437079,0.3643724696356275,0.030487804878048783,Moderate
81206,47,1,129.0,269.0,174.0,2.0,147.0,,,116.0,74.0,93.5,183.1,27.9,108.5,2.1245266339262554,1.853448275862069,,Moderate
81207,39,1,20.0,20.0,152.0,2.0,188.0,103.0,84.6,108.0,62.0,74.9,178.8,23.4,87.5,1.1474559358222602,0.3289473684210526,0.023640661938534282,Low
81209,58,1,26.0,39.0,178.0,2.0,152.0,102.0,49.6,136.0,74.0,68.4,156.0,28.1,93.5,1.356591325494783,0.3651685393258427,0.04032258064516129,Moderate
81210,69,2,24.0,26.0,192.0,2.0,161.0,,,126.0,72.0,78.8,153.7,33.4,106.0,1.6915016655668373,0.3125,,Moderate
81212,37,2,19.0,16.0,251.0,2.0,164.0,91.0,72.6,118.0,60.0,83.2,175.7,27.0,96.4,0.700199203187251,0.1892430278884462,0.027548209366391185,Low
81213,50,1,15.0,17.0,206.0,2.0,202.0,,,120.0,80.0,86.7,175.4,28.2,93.9,0.8830180523167462,0.1820388349514563,,Low
81214,50,1,22.0,21.0,266.0,2.0,233.0,162.0,70.6,128.0,78.0,64.1,165.3,23.5,83.2,0.9024048092465851,0.2067669172932331,0.028328611898017,Low
81216,30,2,22.0,15.0,231.0,2.0,219.0,,,92.0,52.0,52.6,167.7,18.7,76.0,0.7377111135633174,0.2380952380952381,,Low
81217,45,1,16.0,19.0,210.0,2.0,178.0,,,138.0,82.0,66.6,176.9,21.3,83.7,0.7865682304133546,0.19047619047619047,,Low
81218,34,1,27.0,33.0,245.0,2.0,133.0,84.0,48.6,124.0,76.0,87.5,178.8,27.4,96.5,0.652258319050329,0.2755102040816327,0.0411522633744856,Low
81219,37,1,23.0,31.0,358.0,2.0,253.0,186.0,66.6,140.0,106.0,95.5,176.4,30.7,101.5,0.42693886040442863,0.1606145251396648,0.030030030030030033,Low
81221,68,2,22.0,12.0,272.0,2.0,209.0,,,150.0,82.0,66.3,149.0,29.9,97.3,1.5877132402714709,0.2022058823529412,,Moderate
81223,21,2,23.0,24.0,315.0,2.0,165.0,,,114.0,88.0,62.8,163.3,23.5,83.2,0.31299035602229497,0.18253968253968253,,Low
81224,18,2,27.0,20.0,185.0,2.0,197.0,,,100.0,74.0,75.5,166.7,27.2,81.9,0.587421101116161,0.36486486486486486,,Low
81225,37,1,21.0,12.0,192.0,2.0,165.0,103.0,61.6,106.0,80.0,79.4,180.4,24.4,89.8,1.1682321853133832,0.2734375,0.032467532467532464,Low
81226,65,1,33.0,30.0,248.0,2.0,126.0,,,124.0,72.0,64.2,163.8,23.9,88.3,1.5791194702265876,0.3326612903225806,,Moderate
81228,65,2,20.0,17.0,222.0,2.0,155.0,87.0,67.6,116.0,82.0,65.3,176.6,20.9,86.4,1.4202536601226705,0.22522522522522523,0.02958579881656805,Moderate
81229,74,1,22.0,14.0,252.0,2.0,197.0,128.0,68.6,92.0,62.0,64.9,165.1,23.8,88.0,1.7265924675929638,0.21825396825396826,0.02915451895043732,Moderate
81230,52,2,22.0,20.0,217.0,2.0,192.0,107.0,84.6,108.0,76.0,85.6,156.4,35.0,103.7,1.178830307032147,0.2534562211981567,0.023640661938534282,Low
81231,44,2,20.0,15.0,172.0,2.0,197.0,,,118.0,54.0,110.4,172.5,37.1,111.0,1.321017575450592,0.29069767441860467,,Moderate
81232,59,2,18.0,17.0,264.0,2.0,263.0,185.0,77.6,118.0,60.0,68.3,154.5,28.6,93.2,0.9756546734416123,0.17045454545454547,0.025773195876288662,Low
81234,67,1,26.0,18.0,230.0,2.0,227.0,,,184.0,104.0,74.4,165.0,27.3,100.7,1.7851884243869072,0.28260869565217395,,Moderate
81235,37,1,25.0,25.0,247.0,2.0,160.0,,,122.0,74.0,103.0,174.7,33.7,108.1,0.7489878542510121,0.25303643724696356,,Low
81237,39,1,22.0,28.0,321.0,2.0,158.0,,,118.0,74.0,88.4,189.3,24.7,89.5,0.5051300900964438,0.17133956386292837,,Low
81238,21,2,16.0,12.0,295.0,2.0,185.0,125.0,59.6,96.0,58.0,64.0,156.4,26.2,84.4,0.32879608550460043,0.13559322033898305,0.03355704697986577,Low
81241,51,1,23.0,16.0,184.0,2.0,160.0,95.0,64.6,128.0,74.0,73.1,175.9,23.6,89.5,1.59375,0.3125,0.030959752321981428,Moderate
81244,47,2,25.0,17.0,210.0,2.0,241.0,,,142.0,92.0,106.0,173.5,35.2,116.6,1.3570445686556727,0.2976190476190476,,Moderate
81248,68,2,19.0,18.0,145.0,2.0,227.0,,,126.0,70.0,61.4,158.3,24.5,93.7,2.100188416765562,0.3275862068965517,,Moderate
81250,50,1,20.0,23.0,243.0,2.0,184.0,114.0,69.6,104.0,44.0,85.0,167.8,30.2,106.3,0.8580840084653283,0.205761316872428,0.02873563218390805,Low
81256,69,1,20.0,15.0,201.0,2.0,164.0,113.0,50.6,122.0,74.0,68.9,168.8,24.2,95.5,1.7727087952790166,0.24875621890547264,0.039525691699604744,Moderate
81259,75,1,22.0,18.0,293.0,2.0,177.0,,,136.0,58.0,74.5,164.4,27.6,124.0,1.3273335483023931,0.1877133105802048,,Moderate
81260,44,1,27.0,21.0,180.0,2.0,154.0,,,108.0,78.0,65.3,163.0,24.6,86.2,1.4402380755575497,0.37500000000000006,,Moderate
81262,71,2,18.0,18.0,234.0,2.0,215.0,,,130.0,74.0,88.8,174.2,29.3,100.6,1.2872969606216635,0.19230769230769232,,Low
81264,21,2,25.0,21.0,277.0,3.0,145.0,,,98.0,56.0,90.4,156.1,37.1,108.9,0.41358986416568955,0.22563176895306858,,Low
81266,39,1,29.0,37.0,245.0,2.0,237.0,,,114.0,68.0,89.9,170.4,31.0,107.7,0.7589194067035065,0.29591836734693877,,Low
81267,75,2,29.0,23.0,267.0,2.0,249.0,,,104.0,66.0,67.2,160.3,26.2,96.5,1.6985724740604407,0.27153558052434457,,Moderate
81268,22,2,19.0,28.0,324.0,2.0,212.0,,,,,107.2,164.1,39.8,128.0,0.24381041623126076,0.14660493827160492,,Low
81269,80,2,20.0,13.0,244.0,2.0,255.0,,,86.0,38.0,67.2,148.0,30.7,99.1,1.8186891679515709,0.20491803278688525,,Moderate
81270,43,1,27.0,68.0,256.0,2.0,185.0,124.0,60.6,114.0,78.0,81.1,176.4,26.1,95.5,0.549968477865591,0.263671875,0.033003300330033,Low
81272,46,2,20.0,26.0,302.0,2.0,163.0,,,114.0,66.0,68.4,158.9,27.1,88.5,0.5974398818779116,0.16556291390728478,,Low
81273,32,1,20.0,23.0,156.0,2.0,134.0,74.0,59.6,134.0,70.0,119.4,183.9,35.3,109.5,0.8554437499777426,0.3205128205128205,0.03355704697986577,Low
81275,50,2,26.0,33.0,246.0,2.0,189.0,,,126.0,72.0,94.8,151.3,41.4,119.9,0.9199225721236064,0.26422764227642276,,Low
81276,48,2,68.0,64.0,197.0,2.0,345.0,,,148.0,94.0,78.5,174.6,25.8,101.4,2.0710659898477157,0.8629441624365483,,Moderate
81282,61,2,26.0,26.0,228.0,2.0,206.0,,,120.0,72.0,78.9,158.3,31.5,98.0,1.3642113610928066,0.2850877192982456,,Moderate
81283,67,2,19.0,14.0,242.0,2.0,217.0,141.0,75.6,114.0,66.0,52.8,157.7,21.2,85.5,1.405882483283125,0.19628099173553715,0.026455026455026457,Moderate
81284,64,2,21.0,17.0,207.0,2.0,182.0,,,126.0,76.0,59.1,151.5,25.7,93.5,1.5747240582069155,0.2536231884057971,,Moderate
81285,74,2,23.0,18.0,226.0,2.0,240.0,136.0,103.6,,,91.1,160.2,35.5,112.3,1.7750674654564955,0.25442477876106195,0.019305019305019305,Moderate
81287,21,2,24.0,20.0,239.0,2.0,184.0,,,124.0,72.0,48.4,161.6,18.5,71.8,0.47153902119660834,0.2510460251046025,,Low
81288,71,2,22.0,21.0,290.0,2.0,234.0,147.0,86.6,124.0,78.0,66.5,157.4,26.8,96.8,1.1753667053400694,0.18965517241379312,0.023094688221709007,Low
81290,30,1,21.0,17.0,161.0,2.0,140.0,,,108.0,52.0,72.2,163.2,27.1,93.2,0.9490524457943463,0.32608695652173914,,Low
81291,21,1,121.0,51.0,279.0,2.0,166.0,,,126.0,68.0,87.1,186.4,25.1,91.2,1.275308850722284,1.0842293906810037,,Low
81292,47,1,45.0,24.0,214.0,2.0,159.0,94.0,64.6,106.0,60.0,88.3,181.9,26.7,96.6,2.0173951736707254,0.5257009345794392,0.030959752321981428,Moderate
81294,18,1,19.0,25.0,188.0,2.0,191.0,129.0,61.6,106.0,76.0,91.4,178.5,28.7,,0.3638297872340426,0.25265957446808507,0.032467532467532464,Low
81295,59,1,39.0,34.0,206.0,2.0,201.0,111.0,89.6,158.0,100.0,91.7,183.1,27.4,94.1,1.9156225456937517,0.4733009708737864,0.022321428571428572,Moderate
81296,63,2,21.0,15.0,270.0,2.0,181.0,101.0,79.6,156.0,66.0,66.7,156.2,27.3,94.8,1.2651745597610895,0.19444444444444445,0.02512562814070352,Low
81297,80,1,24.0,14.0,153.0,2.0,186.0,106.0,79.6,122.0,64.0,65.3,170.4,22.5,88.6,3.3538665651755215,0.39215686274509803,0.02512562814070352,High
81298,72,1,22.0,19.0,225.0,2.0,238.0,,,156.0,78.0,57.6,153.0,24.6,90.0,1.6150867664487547,0.2444444444444445,,Moderate
81302,69,2,27.0,14.0,289.0,2.0,161.0,,,126.0,62.0,40.2,136.3,21.6,78.0,1.7228639919821682,0.23356401384083048,,Moderate
81303,20,1,37.0,60.0,193.0,2.0,154.0,88.0,65.6,130.0,48.0,101.3,186.8,29.0,107.0,0.4949926901888581,0.47927461139896377,0.030487804878048783,Low
81304,20,2,46.0,77.0,258.0,2.0,227.0,,,108.0,48.0,58.7,154.5,24.6,87.7,0.4063710478405694,0.44573643410852715,,Low
81306,57,1,22.0,23.0,176.0,2.0,151.0,91.0,59.6,,,102.5,173.2,34.2,119.4,1.485665200156658,0.3125,0.03355704697986577,Moderate
81310,19,1,21.0,25.0,251.0,2.0,185.0,,,120.0,68.0,124.7,179.5,38.7,118.5,0.3179282868525896,0.20916334661354583,,Low
81311,68,1,27.0,22.0,207.0,2.0,240.0,,,120.0,72.0,79.6,168.7,28.0,102.9,1.8909976581106316,0.32608695652173914,,Moderate
81313,20,1,20.0,21.0,267.0,2.0,164.0,,,120.0,48.0,122.0,183.3,36.3,116.5,0.32691818761946423,0.18726591760299627,,Low
81316,43,2,19.0,17.0,329.0,2.0,208.0,137.0,70.6,112.0,80.0,98.8,174.0,32.6,99.8,0.6022845156677327,0.1443768996960486,0.028328611898017,Low
81317,45,2,22.0,12.0,237.0,2.0,186.0,95.0,90.6,108.0,60.0,53.8,155.2,22.3,75.7,1.2058581571682059,0.23206751054852323,0.02207505518763797,Low
81319,38,2,20.0,18.0,317.0,2.0,167.0,95.0,71.6,114.0,68.0,86.4,164.9,31.8,97.2,0.5650905927463471,0.15772870662460567,0.02793296089385475,Low
81320,28,1,18.0,16.0,178.0,2.0,132.0,62.0,69.6,118.0,72.0,63.8,178.1,20.1,80.0,0.7078651685393258,0.25280898876404495,0.02873563218390805,Low
81321,80,2,19.0,11.0,157.0,2.0,171.0,,,144.0,68.0,69.2,153.3,29.4,,2.919090724574527,0.30254777070063693,,High
81322,55,2,36.0,37.0,171.0,2.0,195.0,113.0,81.6,108.0,60.0,50.2,153.1,21.4,73.0,1.9035672214304529,0.5263157894736842,0.02450980392156863,Moderate
81323,50,1,26.0,21.0,187.0,2.0,153.0,,,118.0,74.0,88.4,176.4,28.4,96.0,1.5170227663464713,0.34759358288770054,,Moderate
81328,18,1,20.0,16.0,258.0,2.0,132.0,72.0,59.6,104.0,62.0,79.1,180.7,24.2,87.5,0.3488372093023256,0.1937984496124031,0.03355704697986577,Low
81329,63,2,19.0,13.0,294.0,2.0,215.0,138.0,76.6,120.0,62.0,76.4,152.5,32.9,103.4,1.1292111137442165,0.16156462585034012,0.026109660574412535,Low
81331,27,2,18.0,11.0,298.0,2.0,161.0,,,84.0,46.0,45.9,149.5,20.5,66.4,0.49172655525098363,0.15100671140939598,,Low
81339,55,1,37.0,68.0,307.0,2.0,347.0,,,168.0,82.0,82.8,161.5,31.7,106.0,0.8038436432393121,0.30130293159609123,,Low
81342,46,1,17.0,23.0,295.0,2.0,184.0,122.0,61.6,94.0,60.0,78.2,166.3,28.3,92.3,0.5527399043818051,0.1440677966101695,0.032467532467532464,Low
81343,65,2,24.0,18.0,200.0,2.0,204.0,,,116.0,66.0,52.4,153.3,22.3,79.5,1.8384776310850237,0.3,,Moderate
81344,59,1,23.0,25.0,210.0,2.0,235.0,,,130.0,70.0,83.1,163.8,31.0,105.6,1.2923809523809524,0.2738095238095238,,Low
81345,63,2,15.0,13.0,318.0,2.0,206.0,136.0,69.6,,,88.9,162.2,33.8,105.4,0.8242007632591848,0.1179245283018868,0.02873563218390805,Low
81347,42,1,32.0,28.0,179.0,2.0,186.0,,,114.0,74.0,77.5,191.2,21.2,85.3,1.418950423811177,0.446927374301676,,Moderate
81348,21,1,26.0,28.0,196.0,2.0,147.0,,,114.0,56.0,65.2,170.7,22.4,81.7,0.5264505159771379,0.3316326530612245,,Low
81349,36,1,18.0,21.0,253.0,2.0,204.0,117.0,86.6,114.0,72.0,77.3,163.0,29.1,93.7,0.5589138058218304,0.17786561264822137,0.023094688221709007,Low
81350,58,2,21.0,18.0,211.0,2.0,245.0,,,118.0,66.0,82.4,153.5,35.0,112.6,1.3605940908139256,0.24881516587677727,,Moderate
81353,76,1,25.0,20.0,277.0,2.0,108.0,50.0,57.6,132.0,64.0,82.2,168.5,29.0,107.4,1.533765038718267,0.22563176895306858,0.034722222222222224,Moderate
81357,66,2,27.0,20.0,238.0,2.0,208.0,,,130.0,82.0,70.3,157.2,28.4,102.0,1.67423241004396,0.2836134453781513,,Moderate
81358,77,2,34.0,28.0,180.0,2.0,233.0,,,138.0,74.0,97.2,158.1,38.9,111.2,2.7486416398282136,0.4722222222222222,,High
81359,57,2,27.0,32.0,235.0,2.0,174.0,107.0,66.6,,,77.4,162.6,29.3,106.9,1.1576992938788262,0.2872340425531915,0.030030030030030033,Low
81362,21,1,21.0,17.0,222.0,2.0,221.0,,,118.0,58.0,55.5,163.2,20.8,74.8,0.481793741626229,0.2364864864864865,,Low
81366,38,1,33.0,46.0,324.0,2.0,214.0,146.0,67.6,128.0,82.0,71.8,159.0,28.4,90.4,0.5706549784513612,0.2546296296296296,0.02958579881656805,Low
81367,48,1,16.0,28.0,256.0,2.0,223.0,154.0,68.6,108.0,62.0,75.3,166.8,27.1,93.8,0.5669467095138409,0.15625,0.02915451895043732,Low
81368,65,2,21.0,19.0,273.0,2.0,246.0,141.0,104.6,154.0,78.0,67.4,167.7,24.0,95.7,1.1470786693528086,0.19230769230769232,0.019120458891013385,Low
81370,43,2,20.0,13.0,209.0,2.0,175.0,107.0,67.6,118.0,84.0,70.9,172.1,23.9,89.3,1.1412492075447298,0.23923444976076555,0.02958579881656805,Low
81372,31,2,16.0,14.0,185.0,2.0,206.0,,,122.0,76.0,62.8,161.0,24.2,89.4,0.7165490593976351,0.21621621621621623,,Low
81373,49,1,21.0,22.0,260.0,2.0,201.0,,,118.0,86.0,98.4,184.3,29.0,109.1,0.8437828351150889,0.20192307692307693,,Low
81374,43,2,19.0,12.0,295.0,2.0,270.0,169.0,100.6,122.0,86.0,77.9,163.1,29.3,97.4,0.7994833388608886,0.16101694915254236,0.019880715705765408,Low
81375,41,2,64.0,33.0,379.0,2.0,174.0,,,114.0,74.0,48.6,147.5,22.3,76.8,1.2052236655085782,0.4221635883905013,,Low
81377,80,1,19.0,18.0,189.0,2.0,207.0,143.0,63.6,186.0,44.0,74.5,168.4,26.3,104.8,1.8955948984189637,0.25132275132275134,0.031446540880503145,Moderate
81378,49,2,32.0,27.0,206.0,2.0,155.0,,,108.0,72.0,72.2,160.3,28.1,100.0,1.4648628189147785,0.38834951456310685,,Moderate
81379,48,1,54.0,51.0,92.0,2.0,172.0,,,134.0,74.0,111.2,182.0,33.6,118.1,3.945136932391958,1.4673913043478262,,High
81380,80,1,23.0,17.0,248.0,2.0,162.0,,,118.0,70.0,59.4,166.1,21.5,,1.7994578631727929,0.2318548387096774,,Moderate
81381,73,2,24.0,19.0,286.0,2.0,190.0,111.0,78.6,136.0,52.0,77.2,145.4,36.5,115.1,1.4053719081860985,0.2097902097902098,0.025445292620865142,Moderate
81382,71,1,20.0,15.0,158.0,2.0,179.0,98.0,80.6,116.0,62.0,98.4,182.8,29.4,105.8,2.3205216673479034,0.31645569620253167,0.02481389578163772,Moderate
81384,40,1,20.0,13.0,259.0,2.0,173.0,103.0,69.6,116.0,76.0,57.1,174.5,18.8,79.5,0.8566798397300837,0.19305019305019305,0.02873563218390805,Low
81385,69,1,24.0,26.0,163.0,2.0,176.0,97.0,78.6,144.0,66.0,95.5,168.3,33.7,120.3,1.9924436796860907,0.36809815950920244,0.025445292620865142,Moderate
81386,18,2,26.0,22.0,313.0,2.0,113.0,,,,,63.7,165.7,23.2,88.0,0.31877934586078494,0.20766773162939298,,Low
81391,64,1,25.0,15.0,208.0,2.0,215.0,128.0,86.6,134.0,58.0,69.5,176.4,22.3,95.7,1.9861453057473932,0.3004807692307693,0.023094688221709007,Moderate
81395,23,1,22.0,40.0,317.0,2.0,160.0,,,104.0,46.0,81.7,169.3,28.5,96.4,0.2523836744550788,0.17350157728706625,,Low
81396,21,1,29.0,60.0,137.0,2.0,130.0,70.0,59.6,106.0,52.0,74.5,165.5,27.2,89.2,0.5738800140730698,0.5291970802919708,0.03355704697986577,Low
81406,26,2,17.0,15.0,232.0,2.0,163.0,107.0,55.6,102.0,70.0,104.9,157.3,42.4,132.0,0.4919134020182983,0.18318965517241378,0.03597122302158273,Low
81408,30,2,24.0,29.0,194.0,2.0,184.0,,,98.0,68.0,57.7,157.8,23.2,76.6,0.6891785746777184,0.30927835051546393,,Low
81409,65,2,21.0,19.0,218.0,2.0,172.0,,,124.0,78.0,75.9,172.8,25.4,92.2,1.4364792510702604,0.2408256880733945,,Moderate
81413,50,2,19.0,16.0,220.0,2.0,227.0,110.0,116.6,108.0,80.0,54.3,162.9,20.5,78.3,1.0795454545454546,0.2159090909090909,0.017152658662092625,Low
81415,80,1,21.0,14.0,112.0,2.0,139.0,75.0,63.6,128.0,72.0,60.6,169.1,21.2,91.1,4.008918628686366,0.46875,0.031446540880503145,High
81416,80,1,20.0,17.0,225.0,2.0,264.0,172.0,91.6,,,72.2,164.4,26.7,,1.7246977780361457,0.2222222222222222,0.02183406113537118,Moderate
81418,61,2,18.0,12.0,182.0,2.0,227.0,,,,,125.4,162.9,47.3,,1.7415675702478273,0.24725274725274723,,Moderate
81427,52,1,21.0,29.0,172.0,2.0,191.0,121.0,69.6,122.0,74.0,82.2,176.7,26.3,97.8,1.1789494726124456,0.30523255813953487,0.02873563218390805,Low
81428,26,2,12.0,8.0,283.0,2.0,141.0,,,104.0,72.0,48.4,159.9,18.9,,0.3897832433395809,0.10600706713780918,,Low
81429,65,2,15.0,18.0,239.0,2.0,211.0,143.0,67.6,128.0,74.0,79.4,153.5,33.7,93.8,0.9615468781825438,0.15690376569037656,0.02958579881656805,Low
81430,62,1,26.0,30.0,145.0,2.0,278.0,187.0,90.6,126.0,78.0,112.6,180.2,34.7,122.0,2.029721293559374,0.44827586206896547,0.02207505518763797,Moderate
81435,18,1,19.0,14.0,181.0,2.0,121.0,55.0,65.6,,,65.1,181.0,19.9,78.0,0.5049908548842493,0.26243093922651933,0.030487804878048783,Low
81436,80,2,21.0,24.0,237.0,2.0,179.0,98.0,80.6,140.0,58.0,45.3,154.9,18.9,73.9,1.4469559662010334,0.22151898734177217,0.02481389578163772,Moderate
81438,56,2,13.0,14.0,248.0,2.0,176.0,99.0,76.6,132.0,78.0,88.8,157.0,36.0,116.2,0.7845410649687297,0.13104838709677422,0.026109660574412535,Low
81441,34,1,22.0,17.0,257.0,2.0,304.0,,,132.0,94.0,74.2,171.9,25.1,92.6,0.7059013522458252,0.21400778210116733,,Low
81442,32,2,21.0,16.0,228.0,2.0,182.0,89.0,92.6,,,63.1,147.1,29.2,91.2,0.7368421052631579,0.23026315789473686,0.021598272138228944,Low
81444,51,2,20.0,20.0,216.0,2.0,183.0,102.0,80.6,,,67.1,154.1,28.3,95.5,1.0559209893749006,0.23148148148148145,0.02481389578163772,Low
81447,69,2,24.0,28.0,199.0,2.0,139.0,,,118.0,74.0,86.5,169.9,30.0,111.3,1.5726360987519603,0.3015075376884422,,Moderate
81450,56,2,24.0,17.0,188.0,2.0,180.0,,,146.0,78.0,70.8,160.4,27.5,,1.7338717023874017,0.3191489361702127,,Moderate
81451,19,1,172.0,66.0,219.0,2.0,130.0,,,100.0,62.0,73.7,182.3,22.2,78.3,1.8368173174450197,1.9634703196347032,,Moderate
81452,60,1,21.0,18.0,185.0,2.0,211.0,119.0,91.6,124.0,58.0,77.9,169.4,27.1,99.4,1.6053235032343243,0.28378378378378377,0.02183406113537118,Moderate
81453,22,2,22.0,16.0,300.0,2.0,201.0,,,118.0,66.0,47.1,166.0,17.1,66.3,0.4033333333333333,0.18333333333333335,,Low
81456,80,1,21.0,28.0,160.0,2.0,121.0,54.0,66.6,124.0,76.0,104.2,182.9,31.1,117.2,1.984313483298443,0.32812500000000006,0.030030030030030033,Moderate
81457,45,2,25.0,16.0,257.0,2.0,136.0,66.0,69.6,122.0,80.0,66.2,171.5,22.5,80.4,1.0943579766536966,0.24319066147859922,0.02873563218390805,Low
81460,46,2,19.0,21.0,275.0,2.0,135.0,,,,,59.2,160.9,22.9,83.2,0.6935361311500267,0.17272727272727273,,Low
81462,53,2,22.0,27.0,188.0,2.0,218.0,131.0,86.6,120.0,72.0,64.2,152.1,27.8,94.0,1.1936000246012475,0.2925531914893617,0.023094688221709007,Low
81463,53,2,23.0,31.0,274.0,2.0,132.0,,,110.0,62.0,108.5,157.6,43.7,127.1,0.7990469458782431,0.2098540145985401,,Low
81465,68,2,48.0,45.0,167.0,2.0,193.0,,,136.0,88.0,67.9,154.4,28.5,95.0,2.9135831850536182,0.718562874251497,,High
81468,74,1,22.0,23.0,184.0,2.0,187.0,,,120.0,46.0,78.3,175.2,25.5,104.1,1.8448992722006399,0.29891304347826086,,Moderate
81470,43,2,23.0,24.0,307.0,2.0,223.0,132.0,90.6,114.0,70.0,65.5,164.6,24.2,,0.6575856014149195,0.18729641693811075,0.02207505518763797,Low
81472,29,1,26.0,34.0,240.0,2.0,185.0,119.0,65.6,124.0,78.0,99.7,174.4,32.8,108.2,0.5387913883227152,0.27083333333333337,0.030487804878048783,Low
81474,78,2,25.0,22.0,176.0,2.0,137.0,,,152.0,6.0,56.0,159.2,22.1,77.6,2.362167027803638,0.35511363636363635,,Moderate
81475,42,2,18.0,14.0,216.0,2.0,149.0,,,110.0,66.0,99.7,161.8,38.1,107.8,0.9354143466934853,0.20833333333333334,,Low
81477,70,2,19.0,15.0,189.0,2.0,265.0,166.0,98.6,124.0,72.0,53.3,148.6,24.1,81.8,1.8169551500726153,0.25132275132275134,0.02028397565922921,Moderate
81481,28,2,20.0,20.0,412.0,2.0,178.0,,,110.0,72.0,63.4,149.0,28.6,94.2,0.303931569757253,0.12135922330097086,,Low
81482,49,1,25.0,36.0,206.0,2.0,199.0,,,108.0,76.0,90.8,179.1,28.3,105.9,0.9911003236245954,0.30339805825242716,,Low
81484,32,1,29.0,37.0,194.0,2.0,242.0,160.0,81.6,,,167.6,178.5,52.6,,0.786403403192637,0.3737113402061855,0.02450980392156863,Low
81485,51,1,25.0,19.0,156.0,2.0,195.0,,,118.0,78.0,67.0,160.7,25.9,93.3,1.8750324402882452,0.4006410256410256,,Moderate
81486,74,1,24.0,21.0,109.0,2.0,159.0,98.0,60.6,130.0,76.0,80.2,170.2,27.7,102.8,3.5555502115515822,0.5504587155963302,0.033003300330033,High
81489,38,1,16.0,21.0,250.0,2.0,151.0,78.0,72.6,110.0,66.0,85.3,180.4,26.2,96.7,0.5307059090539334,0.16,0.027548209366391185,Low
81490,26,2,20.0,21.0,239.0,2.0,210.0,144.0,65.6,106.0,62.0,123.0,162.9,46.4,132.6,0.47478369423730565,0.20920502092050208,0.030487804878048783,Low
81491,32,1,25.0,31.0,262.0,2.0,187.0,,,116.0,58.0,86.1,163.3,32.3,111.2,0.548413135959618,0.2385496183206107,,Low
81492,51,2,18.0,14.0,310.0,2.0,216.0,129.0,86.6,106.0,74.0,63.9,165.3,23.4,84.7,0.7914381292761471,0.14516129032258066,0.023094688221709007,Low
81494,38,1,26.0,44.0,247.0,2.0,249.0,145.0,103.6,114.0,72.0,80.7,171.7,27.4,92.1,0.6030226891555273,0.2631578947368421,0.019305019305019305,Low
81495,74,2,29.0,28.0,305.0,2.0,181.0,89.0,91.6,126.0,56.0,62.9,165.8,22.9,90.0,1.3296914083242648,0.2377049180327869,0.02183406113537118,Moderate
81497,72,2,21.0,25.0,253.0,2.0,254.0,,,108.0,68.0,61.8,158.3,24.7,85.8,1.1952569169960474,0.20750988142292492,,Low
81499,18,2,20.0,20.0,260.0,2.0,207.0,,,114.0,72.0,80.6,161.2,31.0,95.5,0.30960941226920163,0.19230769230769232,,Low
81503,43,2,20.0,17.0,252.0,2.0,159.0,,,116.0,78.0,67.1,156.7,27.3,96.6,0.8277009425843109,0.1984126984126984,,Low
81504,80,1,24.0,16.0,160.0,2.0,212.0,,,,,63.7,153.3,27.1,92.7,3.0,0.375,,High
81506,22,2,22.0,23.0,283.0,2.0,214.0,140.0,73.6,108.0,64.0,117.7,159.3,46.4,126.6,0.3566112240410749,0.1943462897526502,0.027173913043478264,Low
81508,52,2,22.0,21.0,225.0,2.0,168.0,90.0,77.6,140.0,84.0,86.4,159.2,34.1,107.0,1.109516739688779,0.2444444444444445,0.025773195876288662,Low
81509,42,1,182.0,209.0,169.0,2.0,201.0,130.0,70.6,138.0,72.0,63.9,177.8,20.2,84.4,3.1286777288711685,2.692307692307692,0.028328611898017,High
81512,69,1,27.0,24.0,205.0,2.0,167.0,,,124.0,68.0,66.1,165.6,24.1,85.0,1.855040402766285,0.32926829268292684,,Moderate
81514,23,1,21.0,29.0,222.0,2.0,173.0,,,110.0,36.0,88.3,172.1,29.8,105.7,0.4040128303581804,0.2364864864864865,,Low
81519,58,1,23.0,27.0,221.0,2.0,229.0,158.0,70.6,102.0,78.0,85.3,181.7,25.8,102.3,1.1616670574644958,0.2601809954751131,0.028328611898017,Low
81521,55,2,25.0,24.0,287.0,2.0,158.0,66.0,91.6,94.0,60.0,56.0,160.8,21.7,80.3,0.9779466888289402,0.21777003484320556,0.02183406113537118,Low
81523,57,2,14.0,16.0,359.0,2.0,172.0,,,,,191.6,163.7,71.5,,0.5557103064066853,0.09749303621169916,,Low
81524,73,1,23.0,21.0,160.0,2.0,130.0,68.0,61.6,156.0,64.0,65.2,163.4,24.4,101.8,2.289923985663945,0.359375,0.032467532467532464,Moderate
81527,35,1,22.0,12.0,179.0,2.0,136.0,,,128.0,76.0,62.6,172.5,21.0,73.7,1.2417868918324353,0.30726256983240224,,Low
81528,41,2,34.0,35.0,149.0,2.0,161.0,,,114.0,70.0,65.6,149.2,29.5,87.8,1.5814027262973855,0.5704697986577181,,Moderate
81530,73,2,32.0,22.0,173.0,2.0,157.0,80.0,76.6,150.0,66.0,62.5,167.5,22.3,91.5,2.878825857842231,0.46242774566473993,0.026109660574412535,High
81533,25,2,16.0,12.0,170.0,2.0,150.0,,,114.0,80.0,69.2,173.3,23.0,82.3,0.6792356108113244,0.23529411764705885,,Low
81534,49,2,16.0,19.0,235.0,2.0,167.0,,,150.0,98.0,112.8,171.1,38.5,130.5,0.7653699376788101,0.17021276595744683,,Low
81535,46,2,26.0,23.0,307.0,2.0,289.0,206.0,82.6,122.0,82.0,68.5,164.8,25.2,92.1,0.8123232547630667,0.21172638436482086,0.02421307506053269,Low
81537,55,2,18.0,23.0,332.0,2.0,188.0,,,110.0,76.0,76.5,156.6,31.2,98.1,0.6217749093870603,0.1355421686746988,,Low
81544,37,1,23.0,16.0,205.0,2.0,228.0,,,128.0,64.0,84.4,184.9,24.7,87.5,1.0378048780487805,0.28048780487804875,,Low
81547,60,2,19.0,16.0,285.0,2.0,206.0,141.0,64.6,124.0,66.0,75.0,157.0,30.4,108.1,1.0,0.16666666666666666,0.030959752321981428,Low
81550,51,1,25.0,31.0,200.0,2.0,262.0,,,130.0,80.0,89.6,180.9,27.4,98.1,1.1449838004206903,0.3125,,Low
81552,62,2,52.0,53.0,266.0,2.0,157.0,,,140.0,54.0,118.8,160.8,45.9,126.7,1.6648513465059152,0.4887218045112782,,Moderate
81553,26,2,18.0,18.0,212.0,2.0,171.0,,,108.0,72.0,61.5,167.7,21.9,85.1,0.5203238578542521,0.21226415094339623,,Low
81556,25,2,18.0,14.0,266.0,2.0,187.0,107.0,79.6,120.0,68.0,64.4,162.3,24.4,85.9,0.45213367992703374,0.16917293233082706,0.02512562814070352,Low
81559,31,1,21.0,23.0,218.0,2.0,209.0,,,126.0,72.0,83.3,171.0,28.5,93.2,0.6226737777575948,0.2408256880733945,,Low
81563,25,1,17.0,14.0,173.0,2.0,167.0,81.0,85.6,124.0,54.0,71.6,172.6,24.0,84.2,0.6565666347559559,0.24566473988439308,0.023364485981308414,Low
81564,50,1,26.0,22.0,196.0,2.0,189.0,135.0,53.6,112.0,78.0,69.5,167.7,24.7,87.3,1.4140863839912936,0.3316326530612245,0.03731343283582089,Moderate
81566,52,1,19.0,11.0,213.0,2.0,213.0,139.0,73.6,126.0,88.0,72.8,177.1,23.2,90.1,1.3985596640508473,0.22300469483568075,0.027173913043478264,Moderate
81568,36,2,30.0,19.0,292.0,2.0,197.0,,,,,52.2,167.5,18.6,75.0,0.8485239471924887,0.2568493150684931,,Low
81570,58,2,22.0,19.0,345.0,2.0,200.0,116.0,83.6,140.0,76.0,134.0,161.9,51.1,151.5,0.8485057287502515,0.15942028985507248,0.023923444976076555,Low
81573,64,2,14.0,16.0,309.0,2.0,158.0,82.0,75.6,130.0,74.0,96.3,167.7,34.2,114.8,0.7249190938511327,0.11326860841423948,0.026455026455026457,Low
81574,34,1,19.0,20.0,195.0,2.0,194.0,,,118.0,82.0,88.1,174.9,28.8,95.7,0.740769186392238,0.24358974358974356,,Low
81576,40,2,17.0,20.0,231.0,2.0,174.0,99.0,74.6,106.0,66.0,82.9,156.9,33.7,107.9,0.6582364609090289,0.18398268398268397,0.02680965147453083,Low
81578,60,1,23.0,31.0,233.0,2.0,181.0,119.0,61.6,142.0,48.0,88.5,167.0,31.7,108.5,1.0637567244504267,0.2467811158798283,0.032467532467532464,Low
81579,73,2,25.0,21.0,285.0,2.0,218.0,126.0,91.6,120.0,58.0,115.2,148.6,52.2,139.6,1.397360174318197,0.21929824561403508,0.02183406113537118,Moderate
81580,68,2,29.0,28.0,333.0,2.0,183.0,87.0,95.6,148.0,82.0,64.2,153.3,27.3,98.3,1.1191380492105047,0.21771771771771772,0.020920502092050212,Low
81581,80,1,26.0,22.0,195.0,2.0,140.0,77.0,62.6,126.0,44.0,70.9,168.4,25.0,97.1,2.274140974459845,0.33333333333333337,0.03194888178913738,Moderate
81582,72,1,17.0,16.0,259.0,2.0,159.0,,,144.0,78.0,66.1,160.7,25.6,,1.1814671814671815,0.1640926640926641,,Low
81583,18,2,25.0,22.0,261.0,1.0,159.0,,,116.0,62.0,55.2,159.3,21.8,77.8,0.36758744199243176,0.23946360153256704,,Low
81584,48,2,26.0,20.0,318.0,2.0,182.0,103.0,78.6,124.0,74.0,68.7,160.1,26.8,83.5,0.8775512062640684,0.20440251572327045,0.025445292620865142,Low
81585,36,1,26.0,24.0,262.0,2.0,186.0,,,108.0,80.0,84.8,182.5,25.5,103.9,0.7292374043400301,0.2480916030534351,,Low
81587,66,2,32.0,38.0,231.0,2.0,249.0,,,156.0,96.0,84.6,162.6,32.0,112.5,1.4831672789098291,0.3463203463203463,,Moderate
81590,28,1,31.0,43.0,262.0,2.0,222.0,,,,,98.7,167.5,35.2,114.4,0.5052242711782475,0.2958015267175573,,Low
81593,68,1,23.0,32.0,223.0,2.0,196.0,,,150.0,76.0,77.7,169.9,26.9,104.0,1.2398150288965921,0.257847533632287,,Low
81594,60,1,21.0,23.0,201.0,2.0,177.0,106.0,70.6,130.0,86.0,69.5,160.3,27.0,95.2,1.307105282148827,0.2611940298507463,0.028328611898017,Moderate
81595,80,1,26.0,19.0,161.0,2.0,140.0,,,126.0,56.0,104.5,179.8,32.3,114.1,2.9638802885140896,0.40372670807453415,,High
81596,35,1,22.0,35.0,199.0,2.0,190.0,142.0,47.6,118.0,84.0,92.9,179.3,28.9,109.9,0.6540389709959374,0.2763819095477387,0.04201680672268907,Low
81598,50,1,21.0,28.0,227.0,2.0,209.0,,,124.0,84.0,94.9,183.9,28.1,107.3,0.8741469089420454,0.23127753303964757,,Low
81600,70,2,18.0,12.0,214.0,2.0,128.0,53.0,74.6,,,62.8,162.6,23.8,,1.6996760261189918,0.2102803738317757,0.02680965147453083,Moderate
81601,65,1,20.0,14.0,350.0,2.0,257.0,174.0,82.6,120.0,78.0,72.3,172.9,24.2,92.3,0.9926846128175763,0.14285714285714285,0.02421307506053269,Low
81602,37,2,29.0,16.0,252.0,2.0,255.0,165.0,89.6,126.0,82.0,104.5,172.0,35.3,102.5,1.064484126984127,0.2876984126984127,0.022321428571428572,Low
81603,76,2,25.0,21.0,352.0,2.0,190.0,101.0,88.6,146.0,72.0,71.9,161.0,27.7,97.5,1.1778806575238225,0.17755681818181818,0.022573363431151242,Low
81604,29,2,17.0,14.0,205.0,2.0,137.0,,,98.0,68.0,69.8,166.6,25.1,93.8,0.6427306939650012,0.20731707317073172,,Low
81605,43,1,34.0,35.0,239.0,2.0,145.0,76.0,68.6,118.0,68.0,72.6,168.9,25.4,88.6,1.0339878831908713,0.35564853556485354,0.02915451895043732,Low
81606,42,2,21.0,15.0,248.0,2.0,142.0,83.0,58.6,114.0,68.0,49.7,156.5,20.3,77.5,0.9182718578911133,0.2116935483870968,0.034129692832764506,Low
81607,29,2,17.0,10.0,183.0,2.0,105.0,38.0,66.6,120.0,80.0,127.2,164.4,47.1,119.7,0.8519141456082028,0.23224043715846993,0.030030030030030033,Low
81608,33,2,19.0,13.0,164.0,2.0,150.0,57.0,92.6,104.0,74.0,60.7,169.4,21.2,75.0,1.0603567775403007,0.2896341463414634,0.021598272138228944,Low
81609,54,1,36.0,49.0,174.0,2.0,149.0,,,136.0,76.0,98.1,168.6,34.5,119.1,1.5960591133004927,0.5172413793103449,,Moderate
81610,60,1,22.0,13.0,207.0,2.0,143.0,71.0,71.6,,,71.8,169.1,25.1,87.0,1.7686093212978322,0.26570048309178745,0.02793296089385475,Moderate
81611,31,1,29.0,40.0,195.0,2.0,206.0,,,102.0,72.0,74.6,166.7,26.8,101.5,0.7289455426900956,0.3717948717948718,,Low
81613,41,2,16.0,20.0,285.0,2.0,326.0,,,120.0,80.0,89.8,161.2,34.6,114.7,0.5146879274525832,0.14035087719298248,,Low
81614,21,1,18.0,20.0,219.0,2.0,189.0,,,114.0,68.0,60.3,176.5,19.4,75.7,0.3859514591301007,0.20547945205479454,,Low
81617,52,1,16.0,14.0,248.0,2.0,175.0,114.0,60.6,198.0,80.0,74.4,171.3,25.4,91.8,0.8966183599642624,0.16129032258064516,0.033003300330033,Low
81618,19,2,22.0,24.0,256.0,2.0,171.0,,,96.0,62.0,48.8,155.9,20.1,73.5,0.3332964558865132,0.21484375000000003,,Low
81619,18,2,18.0,37.0,332.0,2.0,184.0,,,108.0,72.0,42.8,165.6,15.6,64.3,0.1604375659245053,0.1355421686746988,,Low
81620,26,1,37.0,33.0,234.0,2.0,201.0,136.0,64.6,106.0,64.0,64.8,175.6,21.0,78.9,0.7156525855956467,0.3952991452991453,0.030959752321981428,Low
81622,65,2,21.0,19.0,227.0,2.0,163.0,106.0,56.6,136.0,72.0,90.7,154.6,37.9,119.2,1.3795263292216597,0.23127753303964757,0.0353356890459364,Moderate
81623,63,2,20.0,13.0,211.0,2.0,332.0,,,,,62.0,155.1,25.8,86.6,1.6562138560279354,0.23696682464454977,,Moderate
81624,62,2,41.0,41.0,361.0,2.0,125.0,,,156.0,78.0,54.9,153.8,23.2,80.8,1.0997055477031485,0.2839335180055401,,Low
81625,41,2,20.0,16.0,314.0,2.0,177.0,109.0,67.6,108.0,80.0,63.3,159.4,24.9,86.5,0.6528662420382165,0.15923566878980894,0.02958579881656805,Low
81626,40,2,28.0,28.0,224.0,2.0,204.0,135.0,68.6,,,89.0,165.3,32.6,102.3,0.9449111825230679,0.3125,0.02915451895043732,Low
81627,24,2,23.0,19.0,227.0,2.0,131.0,,,112.0,58.0,59.5,156.5,24.3,78.1,0.5578743836852427,0.2533039647577092,,Low
81629,57,2,19.0,17.0,227.0,2.0,183.0,,,136.0,76.0,88.6,153.9,37.4,105.6,1.1571193035874388,0.2092511013215859,,Low
81633,51,1,22.0,18.0,202.0,2.0,257.0,189.0,67.6,122.0,78.0,87.9,176.3,28.3,100.4,1.3091977037810338,0.2722772277227723,0.02958579881656805,Moderate
81636,79,1,24.0,19.0,203.0,2.0,188.0,94.0,93.6,150.0,88.0,73.3,172.0,24.8,96.0,2.14272035181569,0.29556650246305416,0.021367521367521368,Moderate
81640,70,2,34.0,23.0,167.0,2.0,187.0,,,146.0,74.0,102.3,164.7,37.7,125.1,2.9716425476397483,0.5089820359281437,,High
81642,39,1,30.0,44.0,258.0,2.0,223.0,114.0,108.6,122.0,78.0,71.4,172.3,24.1,90.4,0.6836594441007432,0.29069767441860467,0.01841620626151013,Low
81643,50,2,20.0,27.0,152.0,2.0,163.0,86.0,76.6,106.0,68.0,67.4,163.9,25.1,84.3,1.2661190113807583,0.3289473684210526,0.026109660574412535,Low
81645,52,2,28.0,29.0,209.0,2.0,195.0,,,110.0,70.0,55.9,154.8,23.3,86.7,1.2936479061520936,0.33492822966507174,,Low
81647,36,2,16.0,12.0,225.0,2.0,145.0,,,106.0,64.0,61.0,163.6,22.8,78.6,0.739008344562721,0.17777777777777778,,Low
81648,63,2,26.0,33.0,186.0,2.0,185.0,,,118.0,60.0,82.2,152.8,35.2,116.5,1.5330064540614683,0.34946236559139787,,Moderate
81649,19,2,18.0,17.0,330.0,2.0,158.0,,,98.0,62.0,69.2,161.6,26.5,83.3,0.25135510231038144,0.13636363636363638,,Low
81654,67,1,26.0,27.0,169.0,2.0,192.0,,,130.0,68.0,106.1,167.5,37.8,,1.9837163095233294,0.38461538461538464,,Moderate
81659,38,2,15.0,19.0,223.0,2.0,195.0,,,110.0,72.0,105.4,162.8,39.8,116.7,0.5863989610144403,0.1681614349775785,,Low
81660,80,1,22.0,13.0,169.0,2.0,207.0,,,,,91.1,183.4,27.1,104.7,2.8883797199893593,0.3254437869822486,,High
81661,51,2,16.0,13.0,251.0,2.0,230.0,,,136.0,84.0,113.3,164.7,41.8,131.6,0.9016640639836394,0.1593625498007968,,Low
81662,33,2,21.0,22.0,312.0,2.0,222.0,145.0,76.6,112.0,66.0,68.9,156.8,28.0,94.5,0.4735515911360193,0.16826923076923078,0.026109660574412535,Low
81664,51,2,19.0,19.0,205.0,2.0,148.0,,,114.0,52.0,119.4,168.3,42.2,137.4,1.084409005466216,0.23170731707317072,,Low
81666,37,2,17.0,12.0,396.0,2.0,124.0,,,124.0,78.0,85.1,168.7,29.9,100.3,0.45852691833368014,0.10732323232323232,,Low
81667,19,2,16.0,9.0,340.0,2.0,187.0,127.0,59.6,104.0,62.0,52.8,155.2,21.9,69.3,0.2980392156862745,0.11764705882352942,0.03355704697986577,Low
81669,39,2,18.0,33.0,222.0,2.0,225.0,,,114.0,72.0,71.2,142.5,35.1,102.0,0.5504617769409905,0.20270270270270271,,Low
81672,33,2,20.0,13.0,310.0,2.0,190.0,92.0,97.6,116.0,64.0,108.0,174.3,35.5,132.0,0.5904873056591149,0.16129032258064516,0.020491803278688527,Low
81674,74,2,29.0,21.0,264.0,2.0,230.0,,,166.0,92.0,42.8,157.7,17.2,67.5,1.7738469410849989,0.2746212121212121,,Moderate
81675,74,2,26.0,19.0,276.0,2.0,270.0,,,150.0,56.0,62.3,153.9,26.3,93.9,1.5992604056773942,0.2355072463768116,,Moderate
81677,60,1,18.0,18.0,263.0,2.0,185.0,,,132.0,92.0,102.5,167.0,36.8,123.4,0.9679028183542097,0.1711026615969582,,Low
81679,36,1,32.0,33.0,175.0,2.0,149.0,,,104.0,72.0,90.6,182.2,27.3,96.8,1.1459283409197938,0.4571428571428572,,Low
81680,18,2,22.0,15.0,293.0,2.0,143.0,,,106.0,60.0,42.5,159.2,16.8,67.6,0.3489650523545249,0.1877133105802048,,Low
81681,42,2,21.0,14.0,339.0,2.0,153.0,,,124.0,76.0,115.5,162.0,44.0,124.0,0.6953522577190511,0.15486725663716813,,Low
81683,20,2,18.0,17.0,204.0,2.0,133.0,67.0,65.6,100.0,64.0,63.9,163.3,24.0,86.3,0.4280040441817641,0.22058823529411764,0.030487804878048783,Low
81686,55,2,26.0,25.0,334.0,2.0,219.0,141.0,77.6,128.0,68.0,63.4,155.7,26.2,92.2,0.8562874251497006,0.19461077844311378,0.025773195876288662,Low
81689,18,2,29.0,30.0,304.0,2.0,206.0,145.0,60.6,,,120.7,166.6,43.5,122.5,0.3134990954141411,0.23848684210526316,0.033003300330033,Low
81694,80,2,28.0,16.0,246.0,2.0,176.0,,,112.0,56.0,79.5,162.0,30.3,99.5,2.2764227642276422,0.2845528455284553,,Moderate
81695,36,2,17.0,14.0,223.0,2.0,164.0,,,116.0,70.0,73.5,173.1,24.5,89.9,0.733470314127371,0.1905829596412556,,Low
81697,25,2,19.0,14.0,305.0,2.0,190.0,,,120.0,74.0,87.4,164.8,32.2,101.2,0.41622652428984125,0.15573770491803277,,Low
81698,31,1,15.0,16.0,189.0,2.0,142.0,87.0,54.6,110.0,62.0,99.5,184.5,29.2,99.0,0.6150793650793651,0.1984126984126984,0.03663003663003663,Low
81699,19,2,39.0,36.0,176.0,2.0,135.0,56.0,78.6,92.0,48.0,50.1,168.9,17.6,69.8,0.7017045454545454,0.5539772727272727,0.025445292620865142,Low
81700,30,2,20.0,26.0,400.0,2.0,216.0,,,118.0,68.0,58.2,153.1,24.8,85.5,0.29417420270727607,0.125,,Low
81701,52,1,21.0,37.0,284.0,2.0,196.0,119.0,76.6,122.0,82.0,116.7,174.3,38.4,121.0,0.632125683582571,0.18485915492957747,0.026109660574412535,Low
81703,63,1,16.0,14.0,256.0,2.0,208.0,,,142.0,72.0,110.6,179.3,34.4,128.7,1.052341140030171,0.15625,,Low
81704,45,1,25.0,24.0,164.0,2.0,283.0,187.0,95.6,124.0,70.0,81.6,173.7,27.0,95.2,1.4002418499141644,0.38109756097560976,0.020920502092050212,Moderate
81706,45,1,24.0,22.0,218.0,2.0,173.0,,,102.0,68.0,82.5,175.4,26.8,93.6,1.0562237324039416,0.2752293577981651,,Low
81707,26,1,44.0,49.0,169.0,2.0,120.0,73.0,46.6,118.0,56.0,71.5,166.8,25.7,81.0,0.967032967032967,0.6508875739644971,0.04291845493562232,Low
81708,38,2,21.0,20.0,345.0,2.0,130.0,,,110.0,76.0,71.7,163.7,26.8,87.8,0.5172122452303861,0.15217391304347827,,Low
81709,80,1,25.0,21.0,122.0,2.0,124.0,70.0,53.6,,,84.8,177.4,26.9,101.6,3.577342462885121,0.5122950819672131,0.03731343283582089,High
81711,32,2,49.0,64.0,294.0,2.0,267.0,,,112.0,74.0,100.9,164.3,37.4,119.2,0.6666666666666666,0.4166666666666667,,Low
81712,66,1,19.0,16.0,280.0,2.0,172.0,,,136.0,60.0,64.0,156.7,26.1,89.0,1.1196428571428572,0.16964285714285715,,Low
81714,58,2,25.0,24.0,222.0,2.0,204.0,105.0,98.6,,,73.6,148.1,33.6,103.3,1.3332432909292824,0.28153153153153154,0.02028397565922921,Moderate
81715,42,2,16.0,12.0,341.0,2.0,209.0,121.0,87.6,110.0,68.0,99.2,160.5,38.5,110.8,0.5688847227205698,0.11730205278592376,0.022831050228310504,Low
81717,35,1,39.0,31.0,194.0,2.0,182.0,,,114.0,38.0,111.1,180.0,34.3,114.8,1.2637177178688028,0.5025773195876289,,Low
81719,43,1,20.0,35.0,366.0,2.0,255.0,,,122.0,84.0,67.4,164.7,24.8,88.2,0.3971763164297947,0.1366120218579235,,Low
81721,39,2,19.0,17.0,175.0,2.0,176.0,116.0,59.6,104.0,72.0,80.6,170.6,27.7,93.2,1.0269651322967013,0.2714285714285714,0.03355704697986577,Low
81722,47,2,16.0,15.0,304.0,2.0,295.0,212.0,82.6,116.0,62.0,75.0,169.2,26.2,92.0,0.6387025167429775,0.13157894736842105,0.02421307506053269,Low
81725,40,2,23.0,14.0,179.0,2.0,153.0,84.0,68.6,98.0,72.0,45.9,150.8,20.2,72.8,1.373633198656036,0.3212290502793296,0.02915451895043732,Moderate
81726,80,2,23.0,16.0,239.0,2.0,249.0,,,98.0,36.0,62.0,151.3,27.1,,1.9246861924686192,0.24058577405857737,,Moderate
81733,73,2,23.0,21.0,391.0,2.0,221.0,,,120.0,56.0,86.9,153.5,36.9,111.1,0.9370532933663203,0.14705882352941177,,Low
81736,76,2,20.0,19.0,202.0,2.0,178.0,111.0,66.6,108.0,58.0,67.2,153.6,28.5,93.1,1.726296611303237,0.24752475247524752,0.030030030030030033,Moderate
81740,21,1,37.0,81.0,239.0,2.0,206.0,136.0,69.6,136.0,90.0,116.7,178.8,36.5,115.5,0.3612273361227336,0.3870292887029289,0.02873563218390805,Low
81741,43,1,21.0,22.0,334.0,2.0,188.0,100.0,87.6,116.0,72.0,88.9,183.1,26.5,93.5,0.576407924757833,0.157185628742515,0.022831050228310504,Low
81742,63,1,23.0,31.0,264.0,2.0,155.0,,,156.0,88.0,117.0,193.1,31.4,110.6,0.9857881918060487,0.21780303030303028,,Low
81743,80,1,28.0,16.0,242.0,2.0,164.0,,,174.0,56.0,75.1,171.9,25.4,101.0,2.3140495867768593,0.2892561983471074,,Moderate
81748,22,1,18.0,24.0,177.0,2.0,198.0,129.0,68.6,118.0,42.0,62.9,165.9,22.9,74.1,0.4566845283155078,0.25423728813559326,0.02915451895043732,Low
81750,22,2,22.0,24.0,310.0,2.0,160.0,74.0,85.6,116.0,74.0,66.7,159.2,26.3,86.2,0.31869705255566083,0.1774193548387097,0.023364485981308414,Low
81752,41,1,24.0,20.0,219.0,2.0,241.0,,,134.0,84.0,81.8,177.6,25.9,92.1,1.004699036465659,0.273972602739726,,Low
81753,28,1,17.0,15.0,252.0,2.0,144.0,,,130.0,80.0,72.6,190.8,19.9,79.8,0.48770901396685984,0.16865079365079363,,Low
81755,56,1,27.0,34.0,199.0,2.0,206.0,,,130.0,78.0,75.6,167.8,26.8,100.6,1.3030445263089112,0.3391959798994975,,Moderate
81760,36,2,21.0,18.0,207.0,2.0,186.0,,,100.0,68.0,58.0,152.5,24.9,89.0,0.860825646661884,0.2536231884057971,,Low
81762,22,2,23.0,18.0,395.0,2.0,204.0,,,106.0,74.0,77.6,155.1,32.3,98.0,0.3019375791395722,0.14556962025316456,,Low
81763,61,2,19.0,23.0,321.0,2.0,279.0,,,116.0,62.0,71.3,157.8,28.6,107.5,0.752860454492678,0.14797507788161995,,Low
81764,74,1,21.0,26.0,165.0,2.0,181.0,83.0,97.6,,,82.3,165.4,30.1,107.2,1.8470574182105335,0.3181818181818182,0.020491803278688527,Moderate
81768,48,2,10.0,13.0,194.0,2.0,168.0,106.0,61.6,118.0,66.0,73.3,162.7,27.7,99.1,0.6862270468765722,0.12886597938144329,0.032467532467532464,Low
81770,50,1,41.0,58.0,180.0,2.0,194.0,,,,,84.2,163.8,31.4,109.4,1.495434374235729,0.5694444444444444,,Moderate
81771,18,1,30.0,24.0,230.0,2.0,163.0,,,116.0,74.0,96.8,183.0,28.9,95.8,0.4792479931532306,0.32608695652173914,,Low
81772,49,1,19.0,22.0,269.0,2.0,181.0,108.0,72.6,126.0,84.0,82.1,173.0,27.4,95.3,0.7378805461972986,0.1765799256505576,0.027548209366391185,Low
81773,20,1,34.0,22.0,260.0,2.0,226.0,,,124.0,62.0,70.3,169.7,24.4,76.8,0.5576018735454427,0.3269230769230769,,Low
81776,22,2,16.0,15.0,179.0,2.0,85.0,,,92.0,66.0,68.0,176.8,21.8,86.7,0.5077430681061492,0.223463687150838,,Low
81777,63,2,31.0,27.0,287.0,2.0,179.0,112.0,66.6,108.0,68.0,84.3,164.3,31.2,100.0,1.3095993910886634,0.2700348432055749,0.030030030030030033,Moderate
81779,63,2,23.0,25.0,284.0,2.0,161.0,100.0,60.6,134.0,74.0,88.1,159.2,34.8,109.0,1.0204225352112677,0.20246478873239435,0.033003300330033,Low
81780,22,1,18.0,15.0,272.0,2.0,190.0,,,118.0,78.0,70.9,175.5,23.0,83.7,0.3759072071318963,0.16544117647058823,,Low
81781,50,1,90.0,92.0,62.0,2.0,121.0,57.0,63.6,114.0,80.0,83.6,173.4,27.8,96.7,7.567055348845456,3.6290322580645165,0.031446540880503145,High
81783,44,1,23.0,13.0,220.0,2.0,138.0,,,114.0,66.0,77.3,176.8,24.7,89.6,1.275810451318027,0.26136363636363635,,Low
81784,53,2,36.0,44.0,342.0,2.0,180.0,97.0,82.6,138.0,86.0,80.8,162.9,30.4,102.2,0.8410579611906037,0.2631578947368421,0.02421307506053269,Low
81785,70,2,20.0,16.0,273.0,2.0,180.0,,,120.0,58.0,68.6,150.3,30.4,112.5,1.2820512820512822,0.18315018315018314,,Low
81787,34,1,23.0,21.0,235.0,2.0,237.0,160.0,76.6,132.0,72.0,87.9,176.8,28.1,94.9,0.7261548517640257,0.24468085106382978,0.026109660574412535,Low
81789,39,1,29.0,49.0,277.0,2.0,202.0,,,118.0,78.0,90.1,175.6,29.2,105.5,0.5832903558535327,0.26173285198555957,,Low
81794,80,2,31.0,23.0,235.0,2.0,224.0,,,146.0,74.0,65.7,154.2,27.6,85.3,2.2004925398363637,0.32978723404255317,,Moderate
81795,50,1,20.0,21.0,198.0,2.0,188.0,,,120.0,78.0,87.4,166.6,31.5,103.0,1.1021105567474363,0.25252525252525254,,Low
81797,74,2,21.0,15.0,202.0,2.0,172.0,90.0,81.6,132.0,44.0,54.2,152.3,23.4,91.2,1.9863419537974671,0.2599009900990099,0.02450980392156863,Moderate
81798,71,1,23.0,28.0,145.0,2.0,166.0,107.0,58.6,130.0,86.0,150.8,192.3,40.8,147.6,2.1283309807726485,0.396551724137931,0.034129692832764506,Moderate
81801,53,1,21.0,21.0,228.0,2.0,186.0,,,146.0,104.0,75.2,166.8,27.0,93.7,1.0652478589151735,0.23026315789473686,,Low
81802,30,1,24.0,42.0,346.0,2.0,222.0,,,106.0,62.0,77.7,172.1,26.2,90.2,0.3210936762216941,0.17341040462427745,,Low
81803,18,1,17.0,14.0,183.0,2.0,146.0,82.0,63.6,98.0,58.0,61.6,176.4,19.8,73.9,0.4468958471322506,0.23224043715846993,0.031446540880503145,Low
81805,21,2,20.0,12.0,220.0,2.0,185.0,78.0,106.6,,,68.2,160.8,26.4,106.5,0.5511070751355519,0.22727272727272727,0.01876172607879925,Low
81806,32,2,17.0,12.0,232.0,2.0,140.0,,,98.0,76.0,54.4,153.1,23.2,82.5,0.6768934190499061,0.18318965517241378,,Low
81808,18,2,16.0,15.0,215.0,2.0,155.0,89.0,65.6,122.0,58.0,76.2,171.7,25.8,90.5,0.34586641975433674,0.18604651162790697,0.030487804878048783,Low
81812,64,2,56.0,30.0,180.0,2.0,203.0,,,142.0,72.0,63.0,156.9,25.6,,3.635254900182436,0.7777777777777778,,High
81813,63,2,24.0,14.0,284.0,2.0,132.0,,,96.0,60.0,75.7,151.3,33.1,102.8,1.4228837949703723,0.21126760563380279,,Moderate
81814,67,1,19.0,14.0,267.0,2.0,151.0,,,120.0,80.0,83.1,169.8,28.8,96.8,1.2742455466461282,0.17790262172284643,,Low
81815,75,1,29.0,39.0,189.0,2.0,191.0,125.0,65.6,146.0,80.0,77.7,173.3,25.9,99.4,1.8427446271220345,0.3835978835978836,0.030487804878048783,Moderate
81816,51,2,16.0,16.0,289.0,2.0,236.0,150.0,85.6,92.0,70.0,72.9,163.3,27.3,89.4,0.7058823529411765,0.1384083044982699,0.023364485981308414,Low
81818,75,1,28.0,27.0,226.0,2.0,258.0,,,130.0,72.0,73.6,176.2,23.7,96.0,1.7882530461625576,0.30973451327433627,,Moderate
81819,34,1,22.0,15.0,192.0,2.0,156.0,,,104.0,52.0,76.1,172.5,25.6,85.3,1.0058998413066484,0.28645833333333337,,Low
81820,65,1,39.0,33.0,318.0,2.0,137.0,67.0,69.6,122.0,74.0,63.6,167.5,22.7,83.7,1.387694521533629,0.30660377358490565,0.02873563218390805,Moderate
81822,51,2,22.0,16.0,239.0,2.0,198.0,107.0,90.6,182.0,84.0,64.9,159.7,25.4,89.6,1.1736401673640167,0.23012552301255232,0.02207505518763797,Low
81823,64,1,32.0,21.0,165.0,2.0,140.0,,,104.0,52.0,101.6,179.5,31.5,108.6,2.7085469042624997,0.48484848484848486,,High
81824,78,1,23.0,19.0,231.0,2.0,168.0,90.0,77.6,136.0,38.0,75.3,172.6,25.3,113.8,1.7816962188908563,0.24891774891774887,0.025773195876288662,Moderate
81825,44,2,23.0,24.0,295.0,2.0,148.0,78.0,69.6,96.0,56.0,75.0,157.1,30.4,103.5,0.7002496100837786,0.19491525423728812,0.02873563218390805,Low
81826,69,2,17.0,16.0,218.0,2.0,161.0,,,120.0,68.0,87.1,163.9,32.4,99.8,1.3451834862385321,0.19495412844036697,,Moderate
81827,73,2,23.0,17.0,187.0,2.0,165.0,,,142.0,70.0,87.1,171.6,29.6,105.1,2.177632697518733,0.3074866310160428,,Moderate
81828,45,2,25.0,19.0,337.0,2.0,190.0,,,116.0,72.0,95.1,161.4,36.5,108.5,0.7658537109922313,0.185459940652819,,Low
81829,43,2,15.0,16.0,261.0,2.0,141.0,,,118.0,72.0,69.4,168.1,24.6,83.1,0.617816091954023,0.14367816091954022,,Low
81830,39,1,24.0,17.0,233.0,2.0,197.0,119.0,77.6,132.0,88.0,70.5,171.8,23.9,86.5,0.9743062018626938,0.2575107296137339,0.025773195876288662,Low
81831,72,2,14.0,11.0,196.0,2.0,235.0,165.0,69.6,,,114.7,155.9,47.2,137.7,1.5506297721142128,0.17857142857142858,0.02873563218390805,Moderate
81833,72,1,17.0,16.0,233.0,2.0,194.0,134.0,59.6,128.0,80.0,84.6,185.7,24.5,98.1,1.3133047210300428,0.18240343347639484,0.03355704697986577,Moderate
81834,33,1,22.0,26.0,241.0,2.0,150.0,,,114.0,78.0,92.2,173.1,30.8,103.9,0.5907896851050689,0.2282157676348548,,Low
81835,47,2,21.0,19.0,242.0,2.0,229.0,127.0,101.6,,,62.7,153.9,26.5,89.5,0.9356749145877871,0.21694214876033058,0.01968503937007874,Low
81836,36,2,15.0,16.0,283.0,2.0,208.0,140.0,67.6,130.0,92.0,93.8,173.0,31.3,100.5,0.47703180212014135,0.13250883392226148,0.02958579881656805,Low
81842,73,2,27.0,22.0,245.0,2.0,235.0,,,174.0,78.0,64.7,160.5,25.1,84.9,1.7151780079057475,0.2755102040816327,,Moderate
81843,19,1,35.0,23.0,225.0,2.0,159.0,,,118.0,58.0,73.0,184.1,21.5,77.8,0.6162759348797988,0.3888888888888889,,Low
81844,25,1,22.0,19.0,129.0,2.0,247.0,,,126.0,88.0,83.2,176.5,26.7,91.8,0.9781290978977438,0.4263565891472868,,Low
81845,75,1,34.0,32.0,266.0,2.0,194.0,,,116.0,64.0,74.2,163.3,27.8,106.5,1.694663808294827,0.31954887218045114,,Moderate
81846,19,2,23.0,16.0,204.0,2.0,190.0,109.0,80.6,106.0,58.0,48.4,154.4,20.3,77.6,0.5355392156862745,0.2818627450980392,0.02481389578163772,Low
81847,38,2,15.0,13.0,191.0,2.0,164.0,68.0,95.6,122.0,66.0,69.6,164.5,25.7,97.5,0.8276940100742949,0.1963350785340314,0.020920502092050212,Low
81848,22,2,18.0,11.0,234.0,2.0,132.0,65.0,66.6,,,52.4,158.9,20.8,69.9,0.5102499677469846,0.19230769230769232,0.030030030030030033,Low
81849,44,2,18.0,15.0,342.0,2.0,240.0,149.0,90.6,112.0,76.0,77.4,157.0,31.4,102.5,0.5979342709934257,0.13157894736842105,0.02207505518763797,Low
81850,67,1,23.0,20.0,168.0,2.0,246.0,,,164.0,96.0,98.0,172.2,33.0,114.3,2.051059972218557,0.3422619047619047,,Moderate
81851,73,1,28.0,33.0,183.0,2.0,144.0,,,164.0,4.0,68.8,163.4,25.8,101.3,1.9443427801827668,0.3825136612021858,,Moderate
81854,38,1,31.0,22.0,219.0,2.0,148.0,88.0,59.6,138.0,96.0,77.3,178.1,24.4,87.0,1.1468056797575756,0.3538812785388128,0.03355704697986577,Low
81855,27,2,45.0,43.0,430.0,2.0,167.0,111.0,55.6,120.0,66.0,109.4,170.8,37.5,129.4,0.4308971231491039,0.2616279069767442,0.03597122302158273,Low
81858,22,2,36.0,49.0,219.0,2.0,151.0,,,98.0,52.0,69.2,159.5,27.2,83.2,0.5166340508806262,0.4109589041095891,,Low
81860,21,1,33.0,55.0,286.0,2.0,172.0,,,,,141.0,180.4,43.3,142.5,0.3267276256552634,0.28846153846153844,,Low
81863,56,1,22.0,22.0,237.0,2.0,152.0,,,102.0,70.0,90.9,170.7,31.2,104.8,1.1082838926165064,0.23206751054852323,,Low
81865,42,1,28.0,32.0,233.0,2.0,173.0,98.0,74.6,132.0,84.0,117.0,181.9,35.4,120.6,0.8922291573770169,0.3004291845493562,0.02680965147453083,Low
81866,53,2,24.0,18.0,302.0,2.0,198.0,131.0,66.6,102.0,68.0,76.6,158.4,30.5,107.0,0.9927591894804509,0.1986754966887417,0.030030030030030033,Low
81867,57,1,19.0,15.0,193.0,2.0,232.0,,,128.0,78.0,86.7,163.7,32.4,111.3,1.4488569823636037,0.24611398963730569,,Moderate
81871,80,2,33.0,21.0,386.0,2.0,171.0,,,152.0,48.0,72.0,155.1,29.9,105.6,1.4924746896969427,0.2137305699481865,,Moderate
81872,80,1,22.0,14.0,179.0,2.0,117.0,50.0,66.6,102.0,58.0,93.1,179.2,29.0,117.5,2.627820032211547,0.30726256983240224,0.030030030030030033,Moderate
81875,70,2,15.0,15.0,235.0,2.0,180.0,,,126.0,58.0,61.7,151.5,26.9,90.0,1.1536546137639114,0.15957446808510636,,Low
81877,44,2,22.0,18.0,280.0,2.0,148.0,,,122.0,78.0,55.9,156.9,22.7,81.0,0.8148563859387835,0.19642857142857145,,Low
81879,73,1,29.0,31.0,183.0,2.0,154.0,,,128.0,76.0,75.6,174.3,24.9,95.9,2.0777290950310516,0.39617486338797814,,Moderate
81882,36,2,18.0,11.0,252.0,2.0,156.0,,,98.0,58.0,74.5,157.8,29.9,94.2,0.7753148860571065,0.17857142857142858,,Low
81883,19,1,24.0,20.0,266.0,2.0,149.0,67.0,81.6,114.0,74.0,94.3,180.1,29.1,94.8,0.3833259389999639,0.22556390977443605,0.02450980392156863,Low
81885,30,2,14.0,12.0,213.0,2.0,188.0,,,,,93.6,163.7,34.9,115.2,0.5692185752573776,0.16431924882629106,,Low
81886,47,1,29.0,39.0,304.0,2.0,216.0,,,92.0,62.0,141.6,178.1,44.6,137.8,0.7179430053826769,0.23848684210526316,,Low
81887,80,1,28.0,20.0,288.0,2.0,155.0,86.0,68.6,132.0,58.0,73.7,164.2,27.3,101.5,1.7391639824998364,0.24305555555555555,0.02915451895043732,Moderate
81889,20,2,27.0,16.0,220.0,2.0,162.0,78.0,83.6,112.0,64.0,59.1,170.1,20.4,75.5,0.6136363636363636,0.3068181818181818,0.023923444976076555,Low
81890,67,2,27.0,18.0,223.0,2.0,192.0,129.0,62.6,110.0,64.0,63.1,156.9,25.6,91.0,1.9120421033878394,0.3026905829596413,0.03194888178913738,Moderate
81891,28,2,18.0,18.0,242.0,2.0,192.0,127.0,64.6,86.0,54.0,49.0,156.9,19.9,78.5,0.4908840464435537,0.1859504132231405,0.030959752321981428,Low
81893,30,1,35.0,47.0,156.0,2.0,188.0,,,106.0,74.0,76.2,169.9,26.4,98.8,0.9817835966204442,0.5608974358974359,,Low
81894,32,2,14.0,11.0,355.0,2.0,166.0,115.0,50.6,114.0,76.0,128.7,158.2,51.4,138.3,0.3804988235798256,0.09859154929577464,0.039525691699604744,Low
81895,64,2,21.0,12.0,258.0,2.0,198.0,,,,,58.7,159.0,23.2,83.7,1.5037960499822811,0.20348837209302326,,Moderate
81896,80,2,27.0,15.0,236.0,2.0,201.0,,,156.0,62.0,43.0,145.4,20.3,,2.363176279041814,0.2860169491525424,,Moderate
81898,29,2,21.0,30.0,314.0,2.0,196.0,136.0,59.6,102.0,68.0,80.5,157.4,32.5,108.6,0.3541008890877348,0.16719745222929938,0.03355704697986577,Low
81899,55,1,18.0,22.0,273.0,3.0,183.0,99.0,83.4,114.0,72.0,81.9,170.0,28.3,98.8,0.7731454549159499,0.16483516483516483,0.03597122302158273,Low
81900,54,2,26.0,22.0,245.0,2.0,192.0,89.0,102.6,128.0,78.0,46.4,155.2,19.3,78.4,1.2217706357684777,0.2653061224489796,0.019493177387914232,Low
81903,30,1,26.0,37.0,377.0,2.0,287.0,188.0,98.6,114.0,70.0,74.5,176.9,23.8,84.0,0.3401358358041875,0.1724137931034483,0.02028397565922921,Low
81904,47,2,30.0,30.0,242.0,2.0,147.0,,,114.0,66.0,104.1,159.7,40.8,116.9,1.0637586860637525,0.30991735537190085,,Low
81909,18,2,18.0,10.0,222.0,2.0,159.0,89.0,69.6,90.0,56.0,56.2,160.6,21.8,72.3,0.4615216044570067,0.20270270270270271,0.02873563218390805,Low
81910,30,1,123.0,232.0,289.0,2.0,343.0,,,138.0,94.0,91.4,181.0,27.9,106.7,0.8382711717169139,1.0640138408304498,,Low
81913,18,2,31.0,16.0,301.0,2.0,155.0,,,106.0,56.0,76.5,156.8,31.1,100.0,0.4634551495016611,0.2574750830564784,,Low
81919,45,2,19.0,18.0,283.0,2.0,104.0,,,118.0,72.0,108.0,169.9,37.4,119.8,0.7121040022550037,0.16784452296819788,,Low
81920,50,1,24.0,21.0,358.0,2.0,277.0,,,124.0,92.0,96.0,179.6,29.8,107.8,0.7314566153161756,0.16759776536312848,,Low
81923,35,1,24.0,22.0,136.0,2.0,160.0,93.0,66.6,110.0,58.0,94.7,183.8,28.0,86.7,1.3168279539611234,0.4411764705882353,0.030030030030030033,Moderate
81925,23,1,30.0,56.0,258.0,2.0,177.0,,,,,62.0,166.9,22.3,82.2,0.35738421883638144,0.29069767441860467,,Low
81930,18,1,27.0,36.0,291.0,2.0,160.0,,,114.0,66.0,116.4,166.6,41.9,117.0,0.27835051546391754,0.23195876288659795,,Low
81932,24,2,17.0,15.0,237.0,2.0,197.0,,,,,79.4,171.1,27.1,97.2,0.44449429121030265,0.1793248945147679,,Low
81933,80,2,15.0,12.0,427.0,2.0,200.0,131.0,68.6,112.0,26.0,79.3,155.4,32.8,115.0,0.8112650152547435,0.08782201405152225,0.02915451895043732,Low
81934,61,2,23.0,33.0,323.0,2.0,160.0,,,128.0,60.0,77.1,153.0,32.9,105.2,0.7561329761790838,0.17801857585139316,,Low
81935,47,2,13.0,10.0,163.0,2.0,167.0,,,136.0,80.0,61.2,161.3,23.5,88.5,1.1853691106520734,0.19938650306748468,,Low
81940,24,2,18.0,6.0,240.0,2.0,136.0,,,104.0,74.0,66.8,158.2,26.7,83.7,0.7348469228349536,0.18750000000000003,,Low
81942,22,1,23.0,17.0,184.0,2.0,121.0,,,114.0,66.0,56.8,178.5,17.8,71.6,0.6669729688499156,0.3125,,Low
81944,32,2,19.0,14.0,333.0,2.0,133.0,,,100.0,68.0,93.5,166.6,33.7,105.6,0.48797247772598806,0.14264264264264265,,Low
81945,53,2,21.0,18.0,242.0,2.0,191.0,,,126.0,80.0,57.9,148.0,26.4,89.0,1.0840356025628477,0.21694214876033058,,Low
81946,30,2,18.0,16.0,203.0,2.0,150.0,,,106.0,54.0,64.1,158.5,25.5,88.5,0.6650246305418719,0.22167487684729065,,Low
81949,47,1,28.0,29.0,184.0,2.0,221.0,141.0,79.6,120.0,72.0,87.6,172.3,29.5,101.1,1.3281253534836972,0.3804347826086956,0.02512562814070352,Moderate
81950,52,1,27.0,29.0,210.0,2.0,234.0,141.0,92.6,102.0,80.0,101.0,188.4,28.5,100.0,1.2415059752408613,0.32142857142857145,0.021598272138228944,Low
81952,56,1,30.0,39.0,212.0,2.0,152.0,76.0,75.6,122.0,74.0,85.7,184.3,25.2,96.1,1.2689400867572944,0.3537735849056604,0.026455026455026457,Low
81953,22,2,19.0,14.0,228.0,2.0,135.0,,,92.0,66.0,69.5,160.5,27.0,91.8,0.4899789435061114,0.20833333333333334,,Low
81954,23,1,29.0,45.0,269.0,2.0,125.0,68.0,56.6,,,113.8,182.0,34.4,115.2,0.36963007211706556,0.2695167286245353,0.0353356890459364,Low
81955,26,1,38.0,33.0,182.0,2.0,185.0,117.0,67.6,106.0,62.0,77.8,175.0,25.4,89.8,0.9449929894737882,0.5219780219780219,0.02958579881656805,Low
81956,35,2,15.0,15.0,241.0,2.0,169.0,,,116.0,68.0,90.7,158.3,36.2,104.3,0.5624664610674672,0.15560165975103735,,Low
81957,49,1,21.0,27.0,172.0,2.0,223.0,,,126.0,78.0,110.6,176.6,35.5,116.6,1.1513438507676839,0.30523255813953487,,Low
81959,77,1,23.0,16.0,257.0,2.0,175.0,,,116.0,74.0,74.6,172.7,25.0,102.3,1.722762645914397,0.22373540856031127,,Moderate
81962,38,2,18.0,21.0,340.0,2.0,183.0,104.0,78.6,128.0,88.0,129.2,175.6,41.9,117.0,0.4390030497688788,0.1323529411764706,0.025445292620865142,Low
81965,42,1,19.0,31.0,254.0,2.0,230.0,,,142.0,88.0,95.1,185.0,27.8,102.7,0.5642717756589228,0.18700787401574803,,Low
81966,31,2,15.0,13.0,310.0,2.0,149.0,90.0,58.6,144.0,92.0,96.3,165.7,35.1,107.2,0.41602514716892186,0.12096774193548387,0.034129692832764506,Low
81967,30,2,44.0,63.0,308.0,2.0,187.0,102.0,84.6,126.0,66.0,74.0,163.1,27.8,92.6,0.5399492471560389,0.35714285714285715,0.023640661938534282,Low
81968,26,2,16.0,7.0,208.0,2.0,142.0,75.0,66.6,98.0,64.0,60.1,167.8,21.3,80.9,0.7559289460184544,0.19230769230769232,0.030030030030030033,Low
81969,58,1,21.0,19.0,179.0,2.0,247.0,141.0,105.6,112.0,56.0,59.8,163.1,22.5,84.4,1.5610523120354425,0.29329608938547486,0.01893939393939394,Moderate
81970,53,2,19.0,13.0,358.0,2.0,208.0,,,148.0,88.0,90.6,152.9,38.8,118.4,0.7801439910597846,0.13268156424581004,,Low
81971,30,1,20.0,19.0,248.0,2.0,167.0,,,98.0,46.0,100.5,180.8,30.7,111.5,0.5550380658158752,0.20161290322580644,,Low
81974,41,1,31.0,21.0,243.0,2.0,187.0,,,118.0,72.0,99.1,180.4,30.5,106.5,1.1413783476952524,0.31893004115226337,,Low
81975,48,2,16.0,21.0,277.0,2.0,229.0,136.0,92.6,110.0,78.0,77.8,157.6,31.3,102.0,0.6050228870080944,0.14440433212996392,0.021598272138228944,Low
81978,63,2,32.0,37.0,274.0,2.0,208.0,133.0,74.6,116.0,56.0,79.7,164.3,29.5,103.2,1.2095925489328478,0.29197080291970806,0.02680965147453083,Low
81979,53,1,18.0,19.0,235.0,2.0,176.0,,,130.0,74.0,142.0,189.0,39.8,125.6,0.9313302557979399,0.19148936170212766,,Low
81980,38,1,20.0,26.0,249.0,2.0,206.0,,,124.0,72.0,120.1,181.7,36.4,125.4,0.5985874004217666,0.2008032128514056,,Low
81982,55,2,19.0,28.0,235.0,2.0,139.0,,,130.0,56.0,152.7,168.3,53.9,156.5,0.8403678176481754,0.20212765957446807,,Low
81983,72,2,25.0,11.0,264.0,2.0,148.0,,,166.0,84.0,73.1,171.3,24.9,94.0,2.055759167575661,0.23674242424242425,,Moderate
81985,21,1,20.0,19.0,201.0,2.0,141.0,,,122.0,72.0,63.1,174.5,20.7,73.5,0.47937616032654695,0.24875621890547264,,Low
81987,80,2,25.0,25.0,235.0,2.0,199.0,100.0,98.6,124.0,58.0,64.8,153.4,27.5,103.0,1.702127659574468,0.26595744680851063,0.02028397565922921,Moderate
81988,65,1,19.0,17.0,225.0,2.0,148.0,,,,,111.0,181.4,33.7,127.8,1.3312510974216498,0.21111111111111108,,Moderate
81989,46,2,16.0,13.0,260.0,2.0,242.0,149.0,92.6,124.0,72.0,102.8,166.0,37.3,113.0,0.7851141238880166,0.15384615384615385,0.021598272138228944,Low
81992,51,2,21.0,15.0,345.0,2.0,231.0,136.0,94.6,108.0,62.0,48.1,154.1,20.3,70.6,0.8015391620846654,0.15217391304347827,0.021141649048625793,Low
81993,43,1,28.0,29.0,285.0,2.0,197.0,125.0,71.6,186.0,114.0,94.6,176.0,30.5,99.4,0.7844813584742822,0.24561403508771926,0.02793296089385475,Low
81994,80,1,18.0,9.0,293.0,2.0,158.0,,,178.0,84.0,80.5,177.5,25.6,,1.6382252559726962,0.15358361774744028,,Moderate
81996,48,1,51.0,30.0,210.0,2.0,221.0,137.0,83.6,112.0,74.0,78.6,182.1,23.7,94.5,2.1282933663057886,0.6071428571428571,0.023923444976076555,Moderate
81997,80,1,25.0,19.0,179.0,2.0,166.0,86.0,79.6,152.0,82.0,87.7,170.4,30.2,105.4,2.563304289056556,0.34916201117318435,0.02512562814070352,Moderate
82001,50,1,36.0,20.0,203.0,2.0,155.0,88.0,66.6,114.0,68.0,94.0,185.1,27.4,103.4,1.9827203741377446,0.4433497536945813,0.030030030030030033,Moderate
82002,28,2,32.0,27.0,211.0,2.0,144.0,,,108.0,72.0,74.7,166.2,27.0,91.0,0.8172288170519821,0.37914691943127965,,Low
82003,22,2,21.0,17.0,257.0,2.0,256.0,,,122.0,68.0,102.1,170.0,35.3,108.5,0.4359978940341861,0.20428015564202337,,Low
82005,68,1,30.0,31.0,169.0,2.0,161.0,86.0,74.6,130.0,76.0,78.5,167.6,27.9,95.6,2.1680166635184666,0.4437869822485207,0.02680965147453083,Moderate
82006,46,1,27.0,32.0,228.0,2.0,185.0,,,114.0,78.0,93.6,186.9,26.8,92.6,0.9629677875369429,0.2960526315789474,,Low
82007,55,2,32.0,20.0,302.0,2.0,249.0,129.0,119.6,134.0,78.0,47.8,158.6,19.0,76.6,1.3031389537747118,0.26490066225165565,0.016722408026755852,Moderate
82011,31,1,24.0,27.0,225.0,2.0,210.0,,,114.0,82.0,82.1,173.3,27.3,89.5,0.6363682967067874,0.26666666666666666,,Low
82012,71,2,21.0,17.0,228.0,2.0,219.0,137.0,81.6,146.0,72.0,63.4,153.5,26.9,78.9,1.5860553374086512,0.23026315789473686,0.02450980392156863,Moderate
82017,18,2,20.0,13.0,267.0,2.0,118.0,69.0,48.6,98.0,56.0,49.0,156.1,20.1,75.1,0.37395518846644665,0.18726591760299627,0.0411522633744856,Low
82019,62,1,18.0,22.0,290.0,2.0,207.0,116.0,90.6,136.0,64.0,77.0,166.6,27.7,93.5,0.8204551705271077,0.15517241379310345,0.02207505518763797,Low
82020,41,1,20.0,19.0,256.0,2.0,245.0,170.0,74.6,112.0,68.0,93.8,181.5,28.5,104.4,0.7348472725541431,0.1953125,0.02680965147453083,Low
82021,53,2,22.0,13.0,303.0,2.0,277.0,179.0,97.6,98.0,64.0,64.0,168.0,22.7,83.5,1.0672944369614146,0.18151815181518155,0.020491803278688527,Low
82023,41,2,20.0,17.0,225.0,2.0,186.0,67.0,118.6,116.0,62.0,61.6,167.2,22.0,81.1,0.8839076112435247,0.2222222222222222,0.016863406408094434,Low
82025,78,2,19.0,14.0,246.0,2.0,120.0,,,144.0,74.0,69.3,162.3,26.3,94.7,1.610086018350459,0.19308943089430894,,Moderate
82026,68,1,17.0,23.0,240.0,2.0,132.0,59.0,72.6,156.0,78.0,129.7,177.9,41.0,135.2,1.0043444277082434,0.17708333333333331,0.027548209366391185,Low
82027,80,1,25.0,13.0,166.0,2.0,153.0,86.0,66.6,130.0,68.0,75.9,166.8,27.3,102.1,3.3415674471399344,0.37650602409638556,0.030030030030030033,High
82028,46,2,17.0,14.0,228.0,2.0,147.0,69.0,77.6,114.0,74.0,111.3,165.7,40.5,127.5,0.9166591718224381,0.18640350877192982,0.025773195876288662,Low
82031,80,2,28.0,20.0,196.0,2.0,229.0,,,140.0,64.0,63.2,159.7,24.8,96.0,2.5555062599997598,0.35714285714285715,,Moderate
82037,43,2,85.0,81.0,339.0,2.0,340.0,,,104.0,60.0,79.8,149.6,35.7,113.0,1.1979678793838087,0.6268436578171092,,Low
82039,25,2,16.0,17.0,215.0,2.0,130.0,49.0,80.6,100.0,58.0,55.4,172.4,18.6,69.0,0.4512290698350381,0.18604651162790697,0.02481389578163772,Low
82041,66,2,37.0,36.0,304.0,2.0,256.0,161.0,94.6,124.0,78.0,60.8,148.6,27.5,98.6,1.3388157894736843,0.30427631578947373,0.021141649048625793,Moderate
82043,57,2,25.0,24.0,274.0,2.0,329.0,,,146.0,90.0,84.0,156.1,34.5,103.5,1.0615945509324907,0.22810218978102187,,Low
82046,80,1,19.0,25.0,188.0,2.0,177.0,113.0,63.6,,,95.5,164.5,35.3,129.8,1.6170212765957446,0.25265957446808507,0.031446540880503145,Moderate
82047,64,1,23.0,17.0,226.0,2.0,208.0,114.0,93.6,128.0,74.0,74.4,173.7,24.7,93.8,1.5797010621835494,0.25442477876106195,0.021367521367521368,Moderate
82050,19,2,28.0,20.0,231.0,2.0,157.0,,,96.0,50.0,61.6,169.9,21.3,83.3,0.5149732311817696,0.30303030303030304,,Low
82051,42,2,24.0,8.0,289.0,2.0,162.0,,,122.0,72.0,54.9,156.1,22.5,82.0,1.2331550786090655,0.2076124567474048,,Low
82052,60,2,28.0,23.0,235.0,2.0,138.0,66.0,71.6,106.0,74.0,77.7,162.7,29.4,93.1,1.4906562366633431,0.2978723404255319,0.02793296089385475,Moderate
82053,43,2,21.0,22.0,242.0,2.0,170.0,89.0,80.6,110.0,64.0,73.7,155.6,30.4,95.6,0.7955382102029596,0.21694214876033058,0.02481389578163772,Low
82055,77,1,15.0,13.0,214.0,2.0,135.0,,,162.0,78.0,106.6,171.7,36.2,,1.4969129127106067,0.17523364485981308,,Moderate
82056,76,1,23.0,15.0,163.0,2.0,164.0,86.0,77.6,128.0,72.0,93.3,164.8,34.4,118.8,2.768905885141335,0.352760736196319,0.025773195876288662,High
82057,36,2,23.0,18.0,220.0,2.0,147.0,,,108.0,60.0,92.3,168.9,32.4,105.7,0.8870975982158507,0.26136363636363635,,Low
82058,34,1,32.0,57.0,233.0,2.0,202.0,,,,,98.2,175.4,31.9,105.4,0.6184940791788702,0.34334763948497854,,Low
82059,29,2,19.0,12.0,304.0,2.0,134.0,,,118.0,74.0,50.2,153.8,21.2,71.6,0.5232236814530984,0.15625,,Low
82060,25,2,23.0,15.0,341.0,2.0,214.0,,,118.0,80.0,65.0,153.2,27.7,92.9,0.43537935954433327,0.16862170087976538,,Low
82061,80,2,28.0,19.0,213.0,2.0,187.0,121.0,65.6,176.0,94.0,85.7,155.3,35.5,116.9,2.412634947746753,0.32863849765258213,0.030487804878048783,Moderate
82067,56,2,20.0,26.0,127.0,2.0,156.0,76.0,79.6,154.0,78.0,110.0,161.6,42.1,135.1,1.7295281209036704,0.39370078740157477,0.02512562814070352,Moderate
82068,44,1,23.0,23.0,212.0,2.0,208.0,130.0,77.6,104.0,64.0,88.0,171.0,30.1,102.6,0.9953612595554703,0.2712264150943396,0.025773195876288662,Low
82070,18,1,16.0,19.0,231.0,2.0,150.0,107.0,42.6,118.0,78.0,105.5,177.1,33.6,105.2,0.28602481105940164,0.17316017316017315,0.046948356807511735,Low
82073,19,1,18.0,16.0,169.0,2.0,126.0,79.0,46.6,108.0,56.0,85.6,174.0,28.3,88.8,0.5059171597633136,0.2662721893491124,0.04291845493562232,Low
82075,26,1,26.0,24.0,235.0,2.0,209.0,,,112.0,62.0,95.9,179.5,29.8,103.8,0.5871826475607903,0.2765957446808511,,Low
82077,40,1,22.0,22.0,245.0,2.0,205.0,,,108.0,78.0,69.7,169.6,24.2,91.1,0.7657821648691313,0.22448979591836735,,Low
82083,57,2,23.0,21.0,200.0,2.0,235.0,,,104.0,62.0,67.4,160.2,26.3,98.2,1.4304182704969302,0.2875,,Moderate
82085,54,1,20.0,23.0,188.0,2.0,210.0,139.0,70.6,128.0,66.0,89.7,176.7,28.7,102.2,1.1978487616044722,0.26595744680851063,0.028328611898017,Low
82086,21,1,55.0,67.0,183.0,2.0,131.0,,,116.0,66.0,102.3,186.4,29.4,90.6,0.7710694438881559,0.7513661202185792,,Low
82087,47,1,20.0,22.0,165.0,2.0,200.0,128.0,71.6,102.0,66.0,93.1,173.8,30.8,106.5,1.2145980204501443,0.30303030303030304,0.02793296089385475,Low
82089,25,1,11.0,24.0,260.0,2.0,207.0,,,,,68.7,175.8,22.2,80.7,0.2159005382260814,0.10576923076923078,,Low
82090,48,2,20.0,11.0,202.0,2.0,185.0,,,,,53.3,153.7,22.6,76.5,1.4329252019537282,0.24752475247524752,,Moderate
82091,69,2,11.0,8.0,182.0,2.0,125.0,69.0,55.6,,,104.5,156.2,42.8,129.1,1.4744341948367843,0.15109890109890112,0.03597122302158273,Moderate
82093,36,1,29.0,58.0,163.0,2.0,258.0,158.0,99.6,96.0,72.0,78.2,177.6,24.8,99.9,0.8410056190524562,0.44478527607361956,0.020080321285140562,Low
82095,40,2,23.0,19.0,347.0,2.0,160.0,,,126.0,78.0,100.6,171.1,34.4,107.1,0.6082492079565325,0.16570605187319884,,Low
82098,64,1,18.0,21.0,271.0,2.0,179.0,,,128.0,78.0,95.2,160.8,36.8,124.6,0.9276273415197905,0.16605166051660517,,Low
82099,54,1,29.0,24.0,198.0,2.0,180.0,,,116.0,74.0,87.7,175.6,28.4,110.2,1.6144364213798221,0.36616161616161613,,Moderate
82102,56,2,54.0,31.0,81.0,2.0,171.0,87.0,83.6,126.0,82.0,51.4,158.7,20.4,84.0,6.705264608999596,1.6666666666666667,0.023923444976076555,High
82103,51,1,23.0,22.0,130.0,2.0,210.0,132.0,77.6,120.0,90.0,89.7,179.4,27.9,106.1,1.923726463731777,0.4423076923076923,0.025773195876288662,Moderate
82105,49,2,16.0,16.0,225.0,2.0,213.0,,,152.0,100.0,78.4,159.3,30.9,98.6,0.8711111111111111,0.17777777777777778,,Low
82106,33,2,18.0,16.0,262.0,2.0,191.0,,,112.0,64.0,66.2,161.3,25.4,94.0,0.566793893129771,0.1717557251908397,,Low
82107,43,1,25.0,31.0,208.0,2.0,212.0,146.0,65.6,124.0,74.0,102.9,179.9,31.8,107.4,0.9282485561479954,0.3004807692307693,0.030487804878048783,Low
82108,61,1,28.0,31.0,169.0,2.0,229.0,,,146.0,90.0,66.1,162.0,25.2,89.0,1.8151825790635003,0.41420118343195267,,Moderate
82109,19,1,14.0,19.0,202.0,2.0,143.0,,,122.0,78.0,97.7,187.0,27.9,96.5,0.30210190697806644,0.17326732673267325,,Low
82110,27,1,20.0,20.0,177.0,2.0,142.0,68.0,73.6,114.0,66.0,70.3,182.1,21.2,85.5,0.6821902304236647,0.2824858757062147,0.027173913043478264,Low
82111,25,1,21.0,36.0,290.0,2.0,191.0,134.0,56.6,110.0,70.0,73.3,182.5,22.0,84.0,0.3017241379310345,0.1810344827586207,0.0353356890459364,Low
82112,37,2,17.0,14.0,200.0,2.0,155.0,68.0,86.6,116.0,74.0,62.9,162.8,23.7,84.8,0.8405366058145747,0.21250000000000002,0.023094688221709007,Low
82113,69,1,18.0,13.0,277.0,2.0,282.0,,,150.0,108.0,77.9,178.7,24.4,103.5,1.2435697539923007,0.1624548736462094,,Low
82115,39,1,27.0,42.0,279.0,2.0,167.0,,,118.0,76.0,101.1,172.2,34.1,114.7,0.5823707079214436,0.24193548387096775,,Low
82116,18,2,24.0,40.0,323.0,2.0,194.0,118.0,75.6,120.0,72.0,119.8,160.1,46.7,128.4,0.21147119956543958,0.18575851393188852,0.026455026455026457,Low
82117,20,1,27.0,36.0,276.0,2.0,148.0,,,134.0,36.0,93.0,179.2,29.0,102.5,0.32608695652173914,0.24456521739130438,,Low
82120,36,2,22.0,16.0,211.0,2.0,163.0,,,108.0,68.0,70.5,175.2,23.0,84.9,0.9383886255924171,0.26066350710900477,,Low
82124,26,2,20.0,21.0,229.0,2.0,204.0,,,108.0,40.0,69.5,170.9,23.8,90.3,0.49551660664941505,0.21834061135371177,,Low
82125,69,2,27.0,18.0,200.0,2.0,244.0,,,94.0,66.0,49.3,154.1,20.8,81.6,2.19556655558423,0.3375,,Moderate
82126,56,1,26.0,35.0,307.0,2.0,225.0,147.0,77.6,112.0,70.0,70.5,173.2,23.5,91.2,0.8016577165372769,0.21172638436482086,0.025773195876288662,Low
82127,30,2,23.0,13.0,349.0,2.0,195.0,,,98.0,54.0,59.6,163.0,22.4,86.6,0.5483426008530202,0.164756446991404,,Low
82128,22,1,18.0,15.0,223.0,2.0,142.0,,,122.0,64.0,73.2,176.6,23.5,79.5,0.458505651748322,0.20179372197309417,,Low
82130,67,2,29.0,23.0,241.0,2.0,230.0,,,178.0,62.0,71.9,163.4,26.9,95.1,1.6810933880203165,0.3008298755186722,,Moderate
82131,73,2,22.0,9.0,169.0,2.0,211.0,138.0,72.6,182.0,94.0,56.5,143.1,27.6,92.2,3.1676528599605525,0.3254437869822486,0.027548209366391185,High
82133,61,2,22.0,18.0,298.0,2.0,254.0,176.0,77.6,132.0,80.0,112.9,183.8,33.4,119.8,1.0614511189623566,0.18456375838926176,0.025773195876288662,Low
82138,61,1,21.0,18.0,211.0,2.0,214.0,132.0,81.6,110.0,70.0,72.0,175.8,23.3,96.5,1.4309696472353355,0.24881516587677727,0.02450980392156863,Moderate
82139,39,2,22.0,22.0,212.0,2.0,187.0,,,108.0,74.0,73.4,152.6,31.5,102.2,0.8628595029863856,0.259433962264151,,Low
82140,24,1,20.0,19.0,159.0,2.0,130.0,,,114.0,66.0,64.2,177.3,20.4,73.5,0.69257580036396,0.3144654088050315,,Low
82143,73,1,23.0,19.0,137.0,2.0,144.0,,,154.0,72.0,65.2,163.9,24.3,90.5,2.8115986654647673,0.4197080291970802,,High
82144,50,2,19.0,12.0,344.0,2.0,164.0,114.0,49.6,128.0,66.0,61.0,160.4,23.7,93.1,0.7972133077473031,0.1380813953488372,0.04032258064516129,Low
82147,56,2,13.0,10.0,354.0,2.0,202.0,140.0,61.6,128.0,56.0,129.1,164.9,47.5,124.5,0.6503215075148532,0.09180790960451977,0.032467532467532464,Low
82148,35,1,28.0,24.0,226.0,2.0,218.0,,,118.0,70.0,70.0,165.7,25.5,85.4,0.8851400987933313,0.30973451327433627,,Low
82149,25,1,15.0,18.0,168.0,2.0,162.0,,,98.0,70.0,94.2,177.4,29.9,96.9,0.5261211169542764,0.2232142857142857,,Low
82151,23,1,24.0,22.0,197.0,2.0,169.0,,,124.0,74.0,101.9,178.7,31.9,98.5,0.5973949006512536,0.3045685279187817,,Low
82152,53,1,21.0,16.0,134.0,2.0,139.0,71.0,67.6,158.0,92.0,72.4,174.6,23.7,85.0,2.076492537313433,0.3917910447761195,0.02958579881656805,Moderate
82153,53,1,20.0,24.0,229.0,2.0,171.0,101.0,69.6,120.0,76.0,93.0,168.9,32.6,105.4,0.9448541220342682,0.21834061135371177,0.02873563218390805,Low
82157,25,1,26.0,42.0,196.0,2.0,205.0,,,134.0,62.0,129.1,184.2,38.0,129.8,0.5117202932416313,0.3316326530612245,,Low
82158,61,1,29.0,32.0,151.0,2.0,270.0,205.0,64.6,,,89.7,189.6,25.0,99.0,2.0709799601307988,0.48013245033112584,0.030959752321981428,Moderate
82160,60,2,21.0,16.0,223.0,2.0,143.0,,,112.0,76.0,97.1,176.3,31.2,107.0,1.4125560538116593,0.23542600896860988,,Moderate
82161,39,2,39.0,42.0,386.0,2.0,240.0,,,116.0,68.0,67.8,155.2,28.1,94.9,0.6080191587884503,0.25259067357512954,,Low
82162,68,1,17.0,16.0,256.0,2.0,186.0,,,132.0,66.0,113.7,181.1,34.7,127.1,1.12890625,0.166015625,,Low
82163,51,2,30.0,29.0,197.0,2.0,149.0,,,134.0,88.0,99.5,163.0,37.4,115.0,1.4422023726441084,0.3807106598984772,,Moderate
82164,40,1,25.0,31.0,242.0,2.0,231.0,167.0,63.6,110.0,68.0,96.0,172.2,32.4,100.0,0.7421706695321277,0.2582644628099174,0.031446540880503145,Low
82165,44,1,19.0,27.0,262.0,2.0,228.0,,,128.0,92.0,112.7,193.7,30.0,112.9,0.614077385550289,0.18129770992366412,,Low
82167,70,1,23.0,35.0,233.0,2.0,191.0,,,118.0,64.0,85.6,179.0,26.7,103.5,1.1679814164059328,0.2467811158798283,,Low
82169,58,2,62.0,124.0,258.0,2.0,252.0,136.0,115.6,104.0,62.0,63.1,155.1,26.2,92.6,1.2516679575354313,0.6007751937984496,0.01730103806228374,Low
82170,62,2,19.0,16.0,240.0,2.0,204.0,126.0,77.6,114.0,56.0,58.6,155.3,24.3,93.9,1.2270833333333333,0.19791666666666663,0.025773195876288662,Low
82171,64,1,20.0,16.0,173.0,2.0,195.0,136.0,58.6,108.0,74.0,66.4,166.7,23.9,,1.8497109826589595,0.2890173410404624,0.034129692832764506,Moderate
82172,29,1,20.0,15.0,198.0,2.0,129.0,,,128.0,68.0,68.9,167.4,24.6,83.3,0.7563401820876436,0.25252525252525254,,Low
82173,63,2,22.0,22.0,220.0,2.0,189.0,,,118.0,68.0,79.8,165.9,29.0,102.2,1.3431645130403456,0.25,,Moderate
82176,57,1,25.0,31.0,250.0,2.0,190.0,139.0,50.6,136.0,84.0,115.6,179.6,35.8,111.3,1.023750221552617,0.25,0.039525691699604744,Low
82177,80,1,24.0,19.0,241.0,3.0,123.0,,,118.0,36.0,60.6,157.0,24.6,98.3,1.8277104109189983,0.24896265560165973,,Moderate
82181,60,2,18.0,17.0,280.0,2.0,205.0,121.0,83.6,108.0,66.0,85.5,162.9,32.2,102.4,0.93549455371157,0.1607142857142857,0.023923444976076555,Low
82182,66,2,16.0,19.0,329.0,2.0,198.0,,,122.0,64.0,75.7,160.8,29.3,99.3,0.7363617476210128,0.12158054711246201,,Low
82184,72,1,16.0,12.0,224.0,2.0,146.0,65.0,80.6,146.0,56.0,81.9,172.6,27.5,98.5,1.4846149779161806,0.17857142857142858,0.02481389578163772,Moderate
82187,18,2,14.0,13.0,275.0,2.0,157.0,89.0,67.6,102.0,60.0,68.3,164.8,25.1,85.5,0.25415354445228683,0.12727272727272726,0.02958579881656805,Low
82188,42,1,23.0,27.0,196.0,2.0,229.0,152.0,76.6,128.0,76.0,89.8,164.2,33.3,110.7,0.9485040136686709,0.2933673469387755,0.026109660574412535,Low
82189,30,1,24.0,32.0,241.0,2.0,161.0,,,102.0,60.0,64.0,167.9,22.7,78.5,0.5281295461144337,0.24896265560165973,,Low
82190,45,1,19.0,17.0,174.0,2.0,170.0,102.0,67.6,104.0,64.0,69.5,176.9,22.2,89.4,1.1917698816440498,0.2729885057471264,0.02958579881656805,Low
82191,76,2,26.0,12.0,144.0,2.0,146.0,55.0,90.6,116.0,58.0,94.0,154.0,39.6,126.0,3.9612643469399327,0.45138888888888895,0.02207505518763797,High
82192,53,2,31.0,29.0,235.0,2.0,290.0,,,104.0,72.0,50.9,159.6,20.0,75.8,1.298286981382537,0.32978723404255317,,Low
82194,23,2,17.0,15.0,228.0,2.0,155.0,,,106.0,46.0,68.0,156.0,27.9,89.0,0.4427884468909649,0.18640350877192982,,Low
82195,20,1,29.0,15.0,262.0,2.0,193.0,115.0,77.6,104.0,52.0,69.9,174.7,22.9,81.4,0.5715853284479139,0.2767175572519084,0.025773195876288662,Low
82197,46,2,19.0,14.0,288.0,2.0,217.0,,,114.0,76.0,61.1,157.1,24.8,86.2,0.8110636299703434,0.16493055555555555,,Low
82199,19,2,17.0,18.0,240.0,2.0,174.0,103.0,70.6,110.0,66.0,82.1,162.6,31.1,105.6,0.3172159587822984,0.17708333333333331,0.028328611898017,Low
82200,31,1,26.0,21.0,195.0,2.0,170.0,,,100.0,62.0,73.7,177.1,23.5,90.0,0.9019672796421019,0.33333333333333337,,Low
82201,80,2,46.0,32.0,191.0,2.0,148.0,67.0,80.6,134.0,76.0,63.9,153.4,27.2,94.3,3.405959364877611,0.6020942408376962,0.02481389578163772,High
82204,80,1,23.0,25.0,251.0,2.0,139.0,,,156.0,84.0,80.1,171.1,27.4,107.4,1.4661354581673307,0.2290836653386454,,Moderate
82205,43,2,17.0,16.0,262.0,2.0,204.0,,,110.0,68.0,64.1,175.4,20.8,83.0,0.6975190839694656,0.16221374045801526,,Low
82207,37,2,30.0,63.0,235.0,2.0,182.0,93.0,88.6,134.0,100.0,88.6,164.3,32.8,104.9,0.5950930000570811,0.3191489361702127,0.022573363431151242,Low
82211,54,2,27.0,22.0,224.0,2.0,193.0,,,112.0,70.0,85.3,180.6,26.2,97.8,1.3877082341360716,0.30133928571428575,,Moderate
82212,80,2,20.0,12.0,150.0,2.0,260.0,,,,,75.8,167.3,27.1,,3.079201435678004,0.33333333333333337,,High
82213,46,1,27.0,35.0,195.0,2.0,132.0,,,112.0,80.0,76.6,178.0,24.2,90.1,1.0765964967926334,0.34615384615384615,,Low
82216,52,1,18.0,20.0,239.0,2.0,228.0,,,136.0,76.0,96.8,182.5,29.1,107.9,0.8757153250794155,0.18828451882845187,,Low
82219,49,1,23.0,21.0,251.0,2.0,257.0,,,148.0,90.0,72.8,166.1,26.4,103.0,0.9798070210994559,0.2290836653386454,,Low
82221,44,1,18.0,17.0,203.0,2.0,147.0,89.0,57.6,,,86.2,180.6,26.4,,0.946247364673772,0.22167487684729065,0.034722222222222224,Low
82223,27,1,24.0,24.0,224.0,2.0,143.0,72.0,70.6,122.0,70.0,88.7,175.6,28.8,101.0,0.5905019915638019,0.26785714285714285,0.028328611898017,Low
82224,20,2,22.0,17.0,221.0,2.0,144.0,,,104.0,62.0,42.7,146.7,19.8,73.5,0.48287635753840047,0.24886877828054302,,Low
82225,55,1,25.0,22.0,155.0,2.0,169.0,,,130.0,78.0,110.2,175.2,35.9,131.3,1.891296677348157,0.4032258064516129,,Moderate
82226,80,1,22.0,13.0,313.0,2.0,227.0,154.0,72.6,138.0,76.0,76.3,174.8,25.0,,1.5595404877897816,0.1757188498402556,0.027548209366391185,Moderate
82227,79,2,30.0,19.0,171.0,2.0,223.0,114.0,108.6,102.0,68.0,56.5,167.2,20.2,79.9,3.179621574697259,0.43859649122807015,0.01841620626151013,High
82230,60,1,17.0,23.0,212.0,2.0,223.0,,,114.0,84.0,80.3,170.5,27.6,99.2,1.0032297280104543,0.20047169811320756,,Low
82231,53,1,22.0,24.0,352.0,2.0,153.0,,,116.0,70.0,67.9,178.7,21.3,83.0,0.6761612310807732,0.15625,,Low
82233,47,2,48.0,70.0,142.0,2.0,238.0,,,122.0,74.0,107.8,174.2,35.5,127.0,1.8988984103228113,0.8450704225352111,,Moderate
82235,73,2,19.0,18.0,217.0,2.0,168.0,103.0,64.6,112.0,58.0,93.3,159.2,36.8,111.2,1.5065393325741037,0.21889400921658986,0.030959752321981428,Moderate
82236,79,1,30.0,27.0,141.0,2.0,139.0,,,134.0,64.0,79.6,167.9,28.2,99.2,3.2347993805659883,0.5319148936170213,,High
82238,66,2,16.0,13.0,312.0,2.0,192.0,,,124.0,62.0,73.6,162.1,28.0,101.1,0.9387234089965416,0.1282051282051282,,Low
82241,47,2,27.0,19.0,147.0,2.0,202.0,,,90.0,62.0,62.9,179.8,19.5,72.0,1.9804664372907677,0.4591836734693878,,Moderate
82243,32,1,28.0,17.0,145.0,2.0,164.0,78.0,85.6,106.0,62.0,85.7,181.1,26.1,86.6,1.4987028967762368,0.48275862068965514,0.023364485981308414,Moderate
82247,26,2,18.0,14.0,336.0,2.0,190.0,,,122.0,84.0,70.6,161.3,27.1,90.7,0.3722567298065911,0.13392857142857142,,Low
82250,19,1,26.0,31.0,242.0,2.0,247.0,,,112.0,70.0,81.5,171.5,27.7,93.0,0.36663231074887115,0.26859504132231404,,Low
82252,40,2,16.0,10.0,396.0,2.0,145.0,78.0,66.6,102.0,70.0,70.1,170.9,24.0,,0.5110751774009502,0.10101010101010101,0.030030030030030033,Low
82253,19,2,19.0,14.0,195.0,2.0,212.0,156.0,55.6,128.0,64.0,57.7,164.4,21.3,71.5,0.49477594015582155,0.24358974358974356,0.03597122302158273,Low
82254,77,1,61.0,49.0,211.0,2.0,107.0,53.0,53.6,124.0,72.0,85.1,175.8,27.5,101.9,3.1800947867298577,0.7227488151658767,0.03731343283582089,High
82257,25,2,16.0,14.0,138.0,2.0,166.0,85.0,80.6,106.0,48.0,73.5,168.4,25.9,83.2,0.7746702664128243,0.2898550724637681,0.02481389578163772,Low
82258,50,2,19.0,18.0,229.0,2.0,263.0,,,118.0,84.0,84.9,162.0,32.4,110.5,0.9778041370119654,0.20742358078602618,,Low
82259,20,1,18.0,12.0,261.0,2.0,130.0,69.0,60.6,96.0,58.0,69.0,177.4,21.9,80.8,0.39817259944112127,0.1724137931034483,0.033003300330033,Low
82261,42,1,134.0,166.0,210.0,2.0,278.0,,,118.0,76.0,101.4,173.3,33.8,117.9,2.080083408892972,1.5952380952380953,,Moderate
82270,49,1,32.0,37.0,143.0,2.0,184.0,,,140.0,80.0,77.2,172.4,26.0,87.3,1.8026406440195821,0.5594405594405595,,Moderate
82271,23,1,21.0,16.0,197.0,2.0,124.0,62.0,61.6,118.0,60.0,67.2,171.8,22.8,,0.6129441624365483,0.26649746192893403,0.032467532467532464,Low
82277,71,2,18.0,12.0,197.0,2.0,207.0,,,128.0,62.0,92.4,161.3,35.5,114.2,1.8727249848333547,0.2284263959390863,,Moderate
82278,20,1,31.0,40.0,228.0,2.0,193.0,121.0,71.6,122.0,60.0,66.2,179.0,20.7,81.2,0.42995880467201647,0.3399122807017544,0.02793296089385475,Low
82281,41,2,20.0,17.0,263.0,2.0,171.0,95.0,75.6,142.0,82.0,103.8,157.1,42.1,121.5,0.7561947244478823,0.19011406844106463,0.026455026455026457,Low
82282,34,1,31.0,41.0,177.0,2.0,209.0,148.0,60.6,114.0,66.0,77.6,176.7,24.9,86.4,0.9299838702293265,0.4378531073446328,0.033003300330033,Low
82283,48,1,21.0,15.0,255.0,2.0,159.0,,,114.0,82.0,109.2,179.3,34.0,114.5,1.0206450230005428,0.2058823529411765,,Low
82285,57,2,17.0,22.0,167.0,2.0,177.0,,,114.0,72.0,103.3,161.7,39.5,122.8,1.237074815260997,0.25449101796407186,,Low
82287,19,2,18.0,16.0,217.0,2.0,140.0,,,98.0,58.0,67.7,154.5,28.4,94.2,0.39400921658986177,0.20737327188940094,,Low
82288,55,1,14.0,14.0,253.0,2.0,187.0,133.0,53.6,130.0,66.0,76.1,180.8,23.3,91.8,0.8134037797334656,0.13833992094861658,0.03731343283582089,Low
82290,43,1,21.0,18.0,328.0,2.0,155.0,89.0,65.6,,,88.5,168.0,31.4,109.0,0.648899820540094,0.1600609756097561,0.030487804878048783,Low
82291,62,2,20.0,16.0,220.0,2.0,202.0,,,142.0,82.0,70.2,153.5,29.8,108.1,1.4090909090909092,0.22727272727272727,,Moderate
82295,80,1,21.0,15.0,219.0,2.0,181.0,102.0,78.6,150.0,74.0,66.8,166.4,24.1,97.6,1.9807038117590443,0.2397260273972603,0.025445292620865142,Moderate
82298,44,1,26.0,23.0,159.0,2.0,170.0,106.0,63.6,,,104.8,184.9,30.7,100.4,1.5002546520836073,0.4088050314465409,0.031446540880503145,Moderate
82300,80,2,29.0,19.0,331.0,2.0,144.0,,,120.0,68.0,51.8,148.2,23.6,78.8,1.6079894337755385,0.21903323262839877,,Moderate
82306,43,1,22.0,14.0,163.0,2.0,172.0,,,112.0,74.0,68.7,180.3,21.1,84.6,1.5510989868046228,0.33742331288343563,,Moderate
82307,73,2,27.0,22.0,190.0,2.0,278.0,,,138.0,62.0,76.0,163.5,28.4,97.5,2.2116769049310956,0.35526315789473684,,Moderate
82308,33,1,27.0,26.0,247.0,2.0,208.0,123.0,84.6,124.0,82.0,78.3,178.3,24.6,89.9,0.7074472729073765,0.2732793522267207,0.023640661938534282,Low
82310,19,2,22.0,22.0,192.0,2.0,140.0,63.0,76.6,,,41.0,157.2,16.6,65.1,0.4641557262325269,0.28645833333333337,0.026109660574412535,Low
82312,33,2,17.0,16.0,210.0,2.0,172.0,,,94.0,64.0,68.4,153.1,29.2,92.0,0.6678571428571428,0.20238095238095236,,Low
82315,23,1,20.0,17.0,239.0,2.0,227.0,158.0,68.6,112.0,66.0,70.0,173.2,23.3,87.5,0.4668049686891764,0.20920502092050208,0.02915451895043732,Low
82316,73,1,20.0,16.0,211.0,2.0,176.0,,,140.0,78.0,107.7,180.1,33.2,117.2,1.7298578199052133,0.23696682464454977,,Moderate
82318,27,1,32.0,36.0,231.0,2.0,166.0,,,104.0,66.0,59.4,171.3,20.2,74.3,0.6233766233766234,0.3463203463203463,,Low
82320,28,1,32.0,48.0,194.0,2.0,213.0,,,118.0,60.0,80.5,173.8,26.6,91.1,0.6666312386519391,0.4123711340206186,,Low
82321,59,1,40.0,33.0,208.0,2.0,251.0,72.0,178.6,152.0,58.0,66.6,170.7,22.9,86.7,1.975111865651187,0.4807692307692308,0.011198208286674132,Moderate
82325,39,1,26.0,29.0,264.0,2.0,191.0,,,116.0,72.0,88.5,170.3,30.5,102.7,0.7132389125436764,0.24621212121212124,,Low
82329,45,1,16.0,27.0,176.0,2.0,196.0,120.0,75.6,108.0,62.0,81.5,179.6,25.3,92.8,0.7872958216222169,0.2272727272727273,0.026455026455026457,Low
82330,51,2,27.0,25.0,209.0,2.0,135.0,,,130.0,74.0,71.9,167.6,25.6,90.5,1.3177033492822967,0.3229665071770335,,Moderate
82334,50,2,19.0,12.0,205.0,2.0,237.0,160.0,76.6,128.0,72.0,140.3,164.3,52.0,131.8,1.337762818854011,0.23170731707317072,0.026109660574412535,Moderate
82335,52,1,31.0,38.0,208.0,2.0,157.0,96.0,60.6,122.0,74.0,111.3,184.0,32.9,118.3,1.2572160137634099,0.37259615384615385,0.033003300330033,Low
82336,28,1,42.0,27.0,207.0,2.0,179.0,,,148.0,94.0,78.6,183.0,23.5,80.9,1.0933396402045088,0.5072463768115942,,Low
82337,35,2,29.0,46.0,218.0,2.0,121.0,52.0,68.6,96.0,68.0,72.9,168.3,25.7,93.7,0.6864843371432137,0.3325688073394495,0.02915451895043732,Low
82338,31,2,20.0,21.0,258.0,2.0,240.0,164.0,75.6,116.0,76.0,85.3,162.8,32.2,111.8,0.5243995811872685,0.1937984496124031,0.026455026455026457,Low
82342,25,2,17.0,17.0,260.0,2.0,151.0,,,148.0,100.0,143.3,175.4,46.6,147.0,0.39645246400169815,0.16346153846153846,,Low
82343,66,2,26.0,22.0,200.0,2.0,172.0,,,136.0,78.0,91.8,164.6,33.9,108.8,1.8292621463311374,0.325,,Moderate
82344,70,1,32.0,29.0,209.0,2.0,112.0,,,170.0,84.0,64.0,167.8,22.7,86.5,1.9902275479262976,0.3827751196172249,,Moderate
82345,32,1,26.0,39.0,272.0,2.0,268.0,186.0,81.6,110.0,68.0,114.1,191.8,31.0,107.5,0.4898037645802665,0.23897058823529413,0.02450980392156863,Low
82348,29,2,22.0,29.0,184.0,2.0,268.0,,,100.0,62.0,84.1,170.8,28.8,100.4,0.6438784008530386,0.29891304347826086,,Low
82351,65,1,27.0,20.0,238.0,2.0,210.0,93.0,116.6,160.0,100.0,66.0,162.8,24.9,82.9,1.6488652523160214,0.2836134453781513,0.017152658662092625,Moderate
82353,53,1,15.0,17.0,297.0,2.0,235.0,144.0,90.6,122.0,78.0,67.3,157.0,27.3,90.5,0.6492115215619014,0.12626262626262627,0.02207505518763797,Low
82354,57,2,25.0,30.0,338.0,2.0,190.0,116.0,73.6,114.0,62.0,129.4,162.5,49.0,140.2,0.7697284461980884,0.1849112426035503,0.027173913043478264,Low
82355,70,2,28.0,17.0,166.0,2.0,142.0,,,144.0,58.0,60.9,149.2,27.4,90.4,2.863673645007305,0.42168674698795183,,High
82356,63,2,19.0,17.0,162.0,2.0,179.0,120.0,58.6,140.0,40.0,72.1,154.3,30.3,95.0,1.7920687849906825,0.29320987654320985,0.034129692832764506,Moderate
82357,26,2,18.0,16.0,223.0,2.0,206.0,,,106.0,76.0,78.8,175.9,25.5,91.6,0.5246636771300448,0.20179372197309417,,Low
82359,48,1,48.0,96.0,251.0,2.0,182.0,,,132.0,96.0,113.4,170.5,39.0,129.7,0.9368566346899806,0.4780876494023904,,Low
82360,51,2,20.0,15.0,233.0,2.0,166.0,,,106.0,70.0,56.3,156.9,22.9,78.5,1.1303127362322076,0.2145922746781116,,Low
82363,38,1,30.0,35.0,297.0,2.0,272.0,,,172.0,100.0,108.7,169.2,38.0,122.6,0.6488052864582552,0.25252525252525254,,Low
82367,35,1,30.0,25.0,273.0,2.0,205.0,,,126.0,52.0,67.6,155.8,27.8,90.5,0.7692307692307693,0.27472527472527475,,Low
82368,49,2,20.0,18.0,170.0,2.0,265.0,,,,,90.7,155.6,37.5,119.7,1.358754206985915,0.29411764705882354,,Moderate
82369,37,2,16.0,10.0,312.0,2.0,143.0,,,104.0,62.0,90.0,164.2,33.4,94.4,0.6000219150063079,0.1282051282051282,,Low
82370,37,1,34.0,54.0,241.0,2.0,142.0,,,,,166.9,179.4,51.9,146.0,0.7103407322317284,0.35269709543568467,,Low
82372,44,2,16.0,21.0,359.0,2.0,250.0,177.0,72.6,108.0,72.0,76.4,158.0,30.6,111.1,0.4279258906020575,0.11142061281337048,0.027548209366391185,Low
82375,49,1,23.0,21.0,200.0,2.0,195.0,,,114.0,74.0,87.6,179.8,27.1,101.1,1.2296578114798171,0.2875,,Low
82376,41,1,24.0,22.0,206.0,2.0,222.0,155.0,66.6,,,76.1,164.1,28.3,98.1,1.0183956548248576,0.2912621359223301,0.030030030030030033,Low
82380,44,1,31.0,53.0,439.0,2.0,160.0,,,138.0,72.0,92.2,184.6,27.1,109.0,0.426787720332601,0.17653758542141232,,Low
82383,62,1,27.0,33.0,160.0,2.0,172.0,,,142.0,60.0,66.0,164.8,24.3,95.5,1.8212874754364887,0.421875,,Moderate
82384,65,2,25.0,20.0,252.0,2.0,202.0,116.0,85.6,118.0,66.0,80.3,160.6,31.1,104.3,1.4419089140623644,0.248015873015873,0.023364485981308414,Moderate
82389,34,2,22.0,19.0,287.0,2.0,216.0,127.0,88.6,130.0,84.0,155.4,151.7,67.5,172.5,0.5979197523873874,0.19163763066202094,0.022573363431151242,Low
82391,26,1,21.0,19.0,303.0,2.0,200.0,,,108.0,60.0,81.1,167.7,28.8,98.0,0.41340260954893304,0.17326732673267328,,Low
82393,20,1,25.0,22.0,269.0,2.0,101.0,,,112.0,48.0,49.5,160.3,19.3,67.5,0.3962838593970454,0.23234200743494424,,Low
82394,18,1,19.0,16.0,232.0,2.0,137.0,80.0,56.6,108.0,58.0,66.3,162.0,25.3,82.0,0.36853448275862066,0.2047413793103448,0.0353356890459364,Low
82395,25,2,14.0,14.0,198.0,2.0,155.0,90.0,64.6,90.0,50.0,47.1,162.9,17.7,71.2,0.472431488229033,0.17676767676767677,0.030959752321981428,Low
82396,19,1,17.0,10.0,226.0,2.0,151.0,,,116.0,76.0,56.7,168.6,19.9,74.9,0.45195384258158694,0.18805309734513273,,Low
82397,33,1,26.0,18.0,293.0,2.0,160.0,92.0,67.6,,,98.1,183.2,29.2,103.3,0.6902134451172445,0.2218430034129693,0.02958579881656805,Low
82398,31,1,23.0,23.0,174.0,2.0,207.0,,,106.0,72.0,108.1,167.7,38.4,117.7,0.8544297541534156,0.33045977011494254,,Low
82401,30,2,16.0,16.0,247.0,2.0,181.0,88.0,92.6,114.0,58.0,53.3,156.6,21.7,75.5,0.48582995951417,0.16194331983805668,0.021598272138228944,Low
82402,65,1,51.0,44.0,202.0,2.0,217.0,,,120.0,78.0,74.1,172.8,24.8,90.9,2.4740349189982336,0.6311881188118812,,Moderate
82403,80,1,20.0,16.0,159.0,2.0,208.0,,,182.0,92.0,60.4,164.7,22.3,90.8,2.5157232704402515,0.3144654088050315,,Moderate
82405,53,2,20.0,16.0,204.0,2.0,228.0,,,138.0,78.0,114.4,170.3,39.4,120.8,1.2990196078431373,0.24509803921568626,,Low
82406,73,1,18.0,11.0,166.0,,214.0,82.0,,134.0,70.0,56.4,172.7,18.9,86.1,2.3866620890071166,0.2710843373493976,,Moderate
82407,44,1,31.0,53.0,226.0,2.0,187.0,,,92.0,48.0,118.4,190.0,32.8,108.9,0.8290257045398753,0.34292035398230086,,Low
82408,18,1,22.0,18.0,229.0,2.0,139.0,92.0,46.6,130.0,54.0,85.0,174.6,27.9,89.2,0.40758993500709295,0.24017467248908297,0.04291845493562232,Low
82409,63,1,17.0,14.0,182.0,2.0,143.0,,,118.0,68.0,82.3,167.9,29.2,104.6,1.5727296158692665,0.23351648351648352,,Moderate
82410,35,1,20.0,16.0,234.0,2.0,203.0,,,124.0,70.0,81.2,175.4,26.4,91.5,0.7478632478632479,0.2136752136752137,,Low
82412,22,2,17.0,17.0,368.0,2.0,188.0,112.0,75.6,116.0,62.0,87.2,161.0,33.6,108.8,0.24649001022714276,0.11548913043478261,0.026455026455026457,Low
82413,47,2,21.0,15.0,237.0,2.0,235.0,146.0,88.6,124.0,82.0,97.3,164.2,36.1,108.2,1.075283983883747,0.22151898734177217,0.022573363431151242,Low
82416,50,1,29.0,36.0,295.0,2.0,165.0,88.0,76.6,116.0,60.0,105.2,180.5,32.3,107.1,0.8192090395480226,0.24576271186440676,0.026109660574412535,Low
82417,51,2,24.0,28.0,201.0,2.0,285.0,,,118.0,78.0,64.6,145.0,30.7,92.5,1.150817201401229,0.2985074626865672,,Low
82420,35,1,22.0,27.0,124.0,2.0,158.0,82.0,75.6,122.0,66.0,78.2,168.2,27.6,87.8,1.1950529765484188,0.4435483870967742,0.026455026455026457,Low
82423,56,1,26.0,25.0,196.0,2.0,172.0,110.0,61.6,140.0,82.0,108.1,189.1,30.2,116.4,1.4857142857142858,0.3316326530612245,0.032467532467532464,Moderate
82424,70,2,18.0,16.0,91.0,2.0,162.0,97.0,64.6,,,66.4,157.3,26.8,98.2,3.4615384615384617,0.49450549450549447,0.030959752321981428,High
82425,43,2,23.0,21.0,213.0,2.0,174.0,,,,,117.1,172.4,39.4,119.0,1.0132276687483404,0.26995305164319244,,Low
82426,24,1,20.0,15.0,277.0,2.0,155.0,88.0,66.6,104.0,70.0,69.1,170.0,23.9,83.5,0.4474204587676438,0.18050541516245489,0.030030030030030033,Low
82427,48,1,20.0,24.0,258.0,2.0,256.0,,,114.0,74.0,96.7,178.5,30.3,110.4,0.7595317031885824,0.1937984496124031,,Low
82428,26,2,17.0,12.0,249.0,2.0,173.0,114.0,58.6,126.0,82.0,47.3,148.6,21.4,79.5,0.5124273473530414,0.1706827309236948,0.034129692832764506,Low
82429,36,1,39.0,57.0,299.0,2.0,230.0,,,108.0,78.0,84.6,167.5,30.2,99.7,0.6219543241870641,0.32608695652173914,,Low
82430,24,2,23.0,26.0,350.0,2.0,160.0,86.0,73.6,108.0,74.0,80.9,161.2,31.1,96.8,0.3093031617036503,0.16428571428571428,0.027173913043478264,Low
82432,60,1,20.0,16.0,223.0,2.0,209.0,,,130.0,84.0,86.2,178.4,27.1,100.8,1.345291479820628,0.2242152466367713,,Moderate
82434,70,2,19.0,16.0,309.0,2.0,232.0,153.0,78.6,180.0,56.0,54.5,143.8,26.4,93.5,1.0760517799352751,0.15372168284789645,0.025445292620865142,Low
82436,61,1,28.0,11.0,113.0,2.0,135.0,,,126.0,62.0,80.4,167.3,28.7,101.4,4.557357314502834,0.6194690265486725,,High
82439,48,2,20.0,24.0,179.0,2.0,182.0,,,118.0,62.0,79.2,163.4,29.7,97.9,1.0947440191209736,0.27932960893854747,,Low
82440,63,2,24.0,13.0,227.0,2.0,240.0,,,154.0,70.0,43.6,157.6,17.6,73.1,1.8473715786179439,0.2643171806167401,,Moderate
82441,80,2,36.0,19.0,165.0,2.0,143.0,71.0,71.6,128.0,66.0,79.3,169.5,27.6,98.0,4.004347354831623,0.5454545454545455,0.02793296089385475,High
82445,52,2,18.0,12.0,214.0,2.0,195.0,,,118.0,76.0,55.2,150.6,24.3,85.1,1.2626164765455368,0.2102803738317757,,Low
82446,66,1,25.0,29.0,180.0,2.0,132.0,80.0,51.6,118.0,84.0,95.5,170.9,32.7,112.5,1.7022072666229755,0.3472222222222222,0.03875968992248062,Moderate
82448,29,1,29.0,30.0,223.0,2.0,129.0,61.0,67.6,110.0,60.0,103.3,187.9,29.3,102.9,0.6885421089115765,0.3251121076233184,0.02958579881656805,Low
82449,42,1,25.0,24.0,288.0,2.0,218.0,109.0,108.6,136.0,86.0,84.8,161.6,32.5,103.0,0.7442026128247503,0.2170138888888889,0.01841620626151013,Low
82450,34,2,18.0,17.0,199.0,2.0,170.0,100.0,69.6,102.0,64.0,97.1,156.8,39.5,114.7,0.745888454885607,0.22613065326633164,0.02873563218390805,Low
82451,34,2,20.0,15.0,147.0,2.0,179.0,,,106.0,68.0,78.6,160.0,30.7,88.6,1.194389421959657,0.3401360544217687,,Low
82452,20,2,18.0,16.0,319.0,2.0,128.0,,,116.0,60.0,55.4,159.9,21.7,71.1,0.28213166144200624,0.14106583072100315,,Low
82454,37,2,25.0,24.0,211.0,2.0,168.0,88.0,79.6,102.0,68.0,47.7,164.5,17.6,75.2,0.8948570347845339,0.2962085308056872,0.02512562814070352,Low
82455,25,2,17.0,10.0,210.0,2.0,125.0,67.0,57.6,94.0,52.0,48.1,152.8,20.6,76.2,0.6399847645578862,0.20238095238095236,0.034722222222222224,Low
82459,80,2,28.0,26.0,414.0,2.0,211.0,,,146.0,86.0,63.9,162.6,24.2,90.0,1.0611114558201262,0.1690821256038647,,Low
82460,58,2,35.0,37.0,181.0,2.0,199.0,,,130.0,76.0,96.0,157.8,38.6,118.5,1.8438118465738969,0.48342541436464087,,Moderate
82461,47,1,42.0,70.0,273.0,2.0,107.0,48.0,58.6,140.0,84.0,107.9,187.5,30.7,116.0,0.864242225211023,0.38461538461538464,0.034129692832764506,Low
82462,36,1,18.0,25.0,190.0,2.0,188.0,,,130.0,88.0,80.0,164.2,29.7,104.3,0.6821052631578948,0.2368421052631579,,Low
82463,48,2,17.0,14.0,235.0,2.0,255.0,,,104.0,62.0,64.8,153.2,27.6,,0.9280220144703758,0.18085106382978725,,Low
82464,62,1,35.0,29.0,334.0,2.0,223.0,125.0,97.6,130.0,74.0,66.2,170.3,22.8,86.8,1.206463724084439,0.2619760479041916,0.020491803278688527,Low
82465,44,2,22.0,18.0,256.0,2.0,197.0,,,116.0,72.0,68.1,150.7,30.0,99.9,0.8912491721205443,0.21484375000000003,,Low
82466,80,1,22.0,12.0,398.0,2.0,118.0,,,140.0,54.0,90.7,172.6,30.4,105.9,1.276553359012238,0.13819095477386936,,Low
82467,22,1,19.0,16.0,163.0,2.0,127.0,,,124.0,64.0,83.3,186.8,23.9,84.4,0.6411042944785276,0.29141104294478526,,Low
82477,34,1,28.0,37.0,279.0,2.0,172.0,64.0,107.6,140.0,106.0,105.1,182.8,31.5,115.2,0.5609599853573483,0.25089605734767023,0.01858736059479554,Low
82479,27,1,23.0,29.0,261.0,2.0,184.0,105.0,78.6,126.0,88.0,64.7,169.2,22.6,81.6,0.4418268391109165,0.22030651340996166,0.025445292620865142,Low
82482,80,2,20.0,12.0,199.0,2.0,156.0,,,,,105.4,171.4,35.9,,2.3210061072949784,0.25125628140703515,,Moderate
82483,32,1,26.0,48.0,219.0,2.0,198.0,110.0,87.6,102.0,78.0,67.7,160.9,26.2,88.3,0.5483509406001926,0.2968036529680365,0.022831050228310504,Low
82485,33,2,25.0,31.0,117.0,2.0,155.0,85.0,69.6,104.0,58.0,55.2,149.4,24.7,80.2,1.26644764249649,0.5341880341880342,0.02873563218390805,Low
82486,40,1,21.0,17.0,280.0,2.0,165.0,107.0,57.6,126.0,66.0,69.1,174.1,22.8,87.9,0.7276068751089989,0.18750000000000003,0.034722222222222224,Low
82487,21,1,26.0,20.0,287.0,2.0,216.0,133.0,82.6,116.0,54.0,55.6,163.3,20.8,78.8,0.42539829815849656,0.22648083623693382,0.02421307506053269,Low
82488,63,1,26.0,16.0,243.0,2.0,193.0,107.0,85.6,154.0,56.0,76.2,172.7,25.5,103.6,1.6851851851851851,0.2674897119341564,0.023364485981308414,Moderate
82492,25,2,21.0,20.0,241.0,2.0,149.0,,,116.0,68.0,62.0,167.6,22.1,85.8,0.4871102440611575,0.21784232365145229,,Low
82494,19,2,25.0,38.0,251.0,2.0,146.0,87.0,58.6,126.0,68.0,115.1,159.0,45.5,126.5,0.30699272923152277,0.24900398406374502,0.034129692832764506,Low
82495,51,2,35.0,32.0,210.0,2.0,160.0,80.0,79.6,134.0,78.0,128.7,172.2,43.4,139.5,1.5026019100214134,0.4166666666666667,0.02512562814070352,Moderate
82498,18,1,26.0,28.0,231.0,2.0,162.0,68.0,93.6,106.0,48.0,74.4,169.8,25.8,88.6,0.38287310252882756,0.2813852813852814,0.021367521367521368,Low
82500,38,1,34.0,48.0,186.0,2.0,174.0,,,130.0,72.0,126.2,188.5,35.5,122.4,1.0026028868185437,0.456989247311828,,Low
82501,38,2,16.0,11.0,220.0,2.0,170.0,,,100.0,64.0,51.0,155.0,21.2,75.3,0.8332677159240013,0.18181818181818182,,Low
82504,73,1,30.0,22.0,251.0,2.0,233.0,173.0,59.6,174.0,82.0,69.6,163.8,25.9,100.0,1.860197485333812,0.29880478087649404,0.03355704697986577,Moderate
82507,72,1,26.0,21.0,139.0,2.0,170.0,,,110.0,68.0,83.4,169.8,28.9,100.2,2.938876910228617,0.4676258992805756,,High
82509,63,1,20.0,22.0,142.0,2.0,253.0,,,134.0,84.0,79.9,164.0,29.7,101.9,1.8917810042821772,0.35211267605633806,,Moderate
82512,21,2,15.0,16.0,246.0,2.0,167.0,101.0,65.6,114.0,62.0,78.9,165.1,28.9,107.1,0.3201219512195122,0.1524390243902439,0.030487804878048783,Low
82513,47,1,30.0,20.0,178.0,2.0,216.0,,,94.0,66.0,63.1,173.8,20.9,78.2,1.7712673304914062,0.42134831460674155,,Moderate
82517,59,1,21.0,25.0,177.0,2.0,134.0,86.0,47.6,116.0,78.0,127.7,171.5,43.4,127.8,1.4,0.2966101694915254,0.04201680672268907,Moderate
82519,25,2,21.0,13.0,325.0,2.0,173.0,97.0,75.6,116.0,60.0,55.7,165.1,20.4,71.4,0.4480270815665312,0.16153846153846155,0.026455026455026457,Low
82521,70,2,20.0,19.0,304.0,2.0,185.0,,,,,98.7,153.2,42.1,102.0,1.0565198270354816,0.1644736842105263,,Low
82524,21,2,21.0,16.0,404.0,2.0,140.0,85.0,54.6,,,126.3,183.4,37.5,119.3,0.2728960396039604,0.12995049504950495,0.03663003663003663,Low
82527,39,2,26.0,18.0,278.0,2.0,214.0,,,128.0,64.0,58.4,158.7,23.2,73.5,0.8597197555433563,0.2338129496402878,,Low
82529,35,2,23.0,16.0,190.0,2.0,189.0,97.0,91.6,116.0,76.0,57.7,155.9,23.7,86.2,1.0592105263157894,0.30263157894736836,0.02183406113537118,Low
82531,36,2,29.0,26.0,237.0,2.0,164.0,,,116.0,66.0,76.2,166.1,27.6,98.5,0.863903987697317,0.30590717299578063,,Low
82533,26,2,19.0,12.0,279.0,2.0,190.0,,,114.0,76.0,64.7,155.4,26.8,90.7,0.5111308834761203,0.17025089605734767,,Low
82534,18,1,25.0,15.0,292.0,2.0,166.0,,,114.0,78.0,62.8,171.2,21.4,81.3,0.3979092478980223,0.21404109589041095,,Low
82535,64,2,20.0,19.0,244.0,2.0,212.0,126.0,85.6,126.0,72.0,58.8,165.5,21.5,87.8,1.2034923744029469,0.20491803278688525,0.023364485981308414,Low
82536,49,2,17.0,18.0,331.0,2.0,232.0,153.0,78.6,106.0,64.0,76.2,159.3,30.0,92.6,0.5931721538050293,0.12839879154078548,0.025445292620865142,Low
82538,26,2,20.0,14.0,250.0,2.0,162.0,90.0,71.6,120.0,62.0,51.7,160.6,20.0,67.6,0.5559033831778427,0.2,0.02793296089385475,Low
82541,78,2,44.0,40.0,98.0,2.0,161.0,,,146.0,56.0,88.1,164.8,32.4,110.4,5.537212719233611,1.1224489795918369,,High
82542,66,1,20.0,18.0,138.0,2.0,166.0,93.0,72.6,116.0,72.0,79.5,169.7,27.6,101.4,2.2545433603049343,0.36231884057971014,0.027548209366391185,Moderate
82547,65,2,22.0,25.0,257.0,2.0,246.0,,,136.0,74.0,69.6,148.9,31.4,104.3,1.11284046692607,0.21400778210116733,,Low
82550,34,2,21.0,18.0,234.0,2.0,205.0,104.0,100.6,114.0,62.0,93.9,167.9,33.3,,0.7191940765914459,0.2243589743589744,0.019880715705765408,Low
82554,54,2,23.0,15.0,203.0,2.0,228.0,,,106.0,62.0,59.1,171.3,20.1,85.2,1.5797193155959315,0.2832512315270936,,Moderate
82557,40,2,20.0,11.0,248.0,2.0,183.0,,,126.0,82.0,60.9,179.1,19.0,76.0,0.9726172405734311,0.20161290322580644,,Low
82558,54,2,19.0,27.0,183.0,2.0,199.0,110.0,88.6,112.0,62.0,79.4,161.8,30.3,103.7,1.0789824702888087,0.2595628415300546,0.022573363431151242,Low
82559,51,1,36.0,69.0,148.0,2.0,211.0,,,,,133.4,182.0,40.3,129.4,1.4934353126045423,0.6081081081081081,,Moderate
82560,48,1,21.0,38.0,265.0,2.0,166.0,75.0,90.6,116.0,76.0,103.9,186.3,29.9,117.5,0.6170535566030515,0.19811320754716982,0.02207505518763797,Low
82561,30,1,26.0,31.0,218.0,2.0,158.0,,,108.0,58.0,60.5,174.7,19.8,78.4,0.6426244751416718,0.2981651376146789,,Low
82562,36,2,20.0,19.0,184.0,2.0,158.0,78.0,79.6,120.0,82.0,94.9,165.0,34.9,113.0,0.8977137412326329,0.2717391304347826,0.02512562814070352,Low
82564,74,2,23.0,18.0,257.0,2.0,191.0,,,126.0,64.0,77.5,165.5,28.3,105.2,1.5609542692341167,0.22373540856031127,,Moderate
82565,71,1,24.0,26.0,261.0,2.0,178.0,,,126.0,62.0,89.6,176.2,28.9,108.6,1.2803903995228567,0.22988505747126436,,Low
82566,70,1,32.0,28.0,249.0,2.0,174.0,115.0,58.6,114.0,64.0,93.8,184.0,27.7,105.1,1.700081163736283,0.321285140562249,0.034129692832764506,Moderate
82567,25,1,19.0,18.0,366.0,2.0,149.0,,,116.0,64.0,73.7,181.7,22.3,86.5,0.3058977423165848,0.1297814207650273,,Low
82569,46,1,42.0,53.0,282.0,2.0,172.0,80.0,91.6,118.0,70.0,91.7,178.9,28.7,104.2,0.9410659913080398,0.37234042553191493,0.02183406113537118,Low
82570,80,1,27.0,17.0,175.0,2.0,149.0,82.0,66.6,142.0,68.0,65.4,164.1,24.3,,2.993582571877024,0.3857142857142858,0.030030030030030033,High
82572,80,1,19.0,11.0,196.0,2.0,175.0,70.0,104.6,108.0,54.0,90.9,164.3,33.7,127.7,2.3382512436642893,0.2423469387755102,0.019120458891013385,Moderate
82576,80,2,18.0,12.0,250.0,2.0,144.0,,,176.0,84.0,68.2,161.0,26.3,92.0,1.6627687752661222,0.18,,Moderate
82577,31,2,30.0,40.0,227.0,2.0,198.0,,,122.0,72.0,85.2,173.6,28.3,90.0,0.6477793444838309,0.3303964757709251,,Low
82579,64,2,29.0,27.0,124.0,2.0,165.0,,,124.0,60.0,120.6,152.9,51.6,136.0,2.8805432785374876,0.5846774193548387,,High
82582,71,1,19.0,16.0,153.0,2.0,236.0,167.0,68.6,144.0,78.0,92.1,169.9,31.9,112.2,2.204248366013072,0.3104575163398693,0.02915451895043732,Moderate
82587,37,1,34.0,78.0,178.0,2.0,183.0,118.0,64.6,120.0,68.0,93.8,168.7,33.0,108.3,0.8002272522212929,0.47752808988764045,0.030959752321981428,Low
82588,18,2,30.0,27.0,208.0,2.0,166.0,,,102.0,68.0,49.3,162.8,18.6,66.3,0.49963004064486843,0.3605769230769231,,Low
82589,48,2,21.0,16.0,191.0,2.0,224.0,,,118.0,68.0,78.5,169.1,27.5,93.2,1.3193717277486912,0.27486910994764396,,Moderate
82590,21,2,17.0,15.0,318.0,2.0,140.0,,,92.0,56.0,62.5,159.3,24.6,91.0,0.2898647913199262,0.13364779874213836,,Low
82591,29,1,51.0,56.0,293.0,2.0,230.0,,,126.0,88.0,98.7,168.6,34.7,108.0,0.674538185645863,0.43515358361774736,,Low
82595,18,1,33.0,52.0,288.0,2.0,194.0,124.0,69.6,140.0,62.0,101.6,175.3,33.1,108.1,0.28601728867863374,0.2864583333333333,0.02873563218390805,Low
82596,73,1,61.0,30.0,86.0,2.0,106.0,,,132.0,50.0,101.8,173.3,33.9,118.8,9.453521506087228,1.7732558139534882,,High
82597,56,1,20.0,19.0,204.0,2.0,197.0,,,106.0,64.0,63.1,159.8,24.7,86.0,1.2595373624266135,0.24509803921568626,,Low
82603,44,2,22.0,22.0,310.0,2.0,205.0,127.0,77.6,134.0,88.0,50.4,151.4,22.0,81.5,0.6657364304265513,0.1774193548387097,0.025773195876288662,Low
82604,49,1,23.0,21.0,295.0,2.0,209.0,123.0,85.6,110.0,74.0,67.9,177.5,21.6,87.7,0.8336663128676727,0.19491525423728812,0.023364485981308414,Low
82605,46,2,16.0,19.0,225.0,2.0,132.0,,,106.0,68.0,56.0,150.7,24.7,85.9,0.7504443561277042,0.17777777777777778,,Low
82608,78,1,16.0,15.0,276.0,2.0,184.0,113.0,70.6,114.0,60.0,69.4,162.9,26.2,95.5,1.1675080232045545,0.14492753623188406,0.028328611898017,Low
82609,46,2,25.0,25.0,278.0,2.0,159.0,,,110.0,66.0,97.3,151.9,42.2,118.0,0.8273381294964028,0.22482014388489208,,Low
82610,72,1,30.0,25.0,175.0,2.0,144.0,,,146.0,74.0,93.3,178.7,29.2,108.8,2.4685714285714284,0.4285714285714286,,Moderate
82611,33,1,20.0,24.0,188.0,2.0,243.0,,,122.0,74.0,88.7,176.4,28.5,96.0,0.7166060417716744,0.26595744680851063,,Low
82612,64,2,26.0,19.0,197.0,2.0,162.0,,,208.0,110.0,50.5,145.9,23.7,90.5,1.9378059957391611,0.3299492385786802,,Moderate
82613,19,1,22.0,15.0,199.0,2.0,168.0,,,116.0,84.0,72.0,164.0,26.8,85.0,0.542347416654841,0.2763819095477387,,Low
82615,57,1,21.0,15.0,244.0,2.0,129.0,,,126.0,84.0,103.2,173.9,34.1,116.6,1.2666560288006223,0.21516393442622953,,Low
82617,20,2,20.0,19.0,282.0,2.0,159.0,,,104.0,56.0,87.8,167.4,31.3,100.6,0.32541238846888193,0.1773049645390071,,Low
82618,45,1,22.0,33.0,180.0,2.0,234.0,161.0,72.6,112.0,74.0,92.4,167.1,33.1,109.0,0.9574271077563381,0.3055555555555556,0.027548209366391185,Low
82619,69,1,23.0,20.0,251.0,2.0,175.0,,,136.0,78.0,124.8,183.8,36.9,131.4,1.4138007491203848,0.2290836653386454,,Moderate
82621,41,1,22.0,44.0,267.0,2.0,214.0,,,118.0,78.0,74.3,169.2,26.0,101.0,0.5092944434628143,0.20599250936329588,,Low
82625,79,2,17.0,10.0,235.0,2.0,190.0,106.0,83.6,170.0,52.0,54.3,143.3,26.4,86.2,1.8072080415345249,0.18085106382978725,0.023923444976076555,Moderate
82629,41,1,28.0,22.0,254.0,2.0,253.0,,,,,115.4,180.7,35.3,125.3,0.9636000880954361,0.2755905511811024,,Low
82634,23,1,31.0,26.0,249.0,2.0,149.0,89.0,59.6,132.0,64.0,133.2,181.4,40.5,116.3,0.5615694953956837,0.3112449799196787,0.03355704697986577,Low
82635,62,2,24.0,19.0,238.0,2.0,221.0,,,,,55.5,166.1,20.1,81.0,1.4343303025184702,0.25210084033613445,,Moderate
82636,46,2,23.0,17.0,188.0,2.0,182.0,107.0,74.6,,,57.8,169.2,20.2,76.1,1.3649079323853208,0.3058510638297872,0.02680965147453083,Moderate
82637,80,1,24.0,15.0,258.0,2.0,145.0,75.0,69.6,118.0,56.0,110.9,172.4,37.3,132.7,1.9214801097463152,0.23255813953488372,0.02873563218390805,Moderate
82638,29,2,23.0,18.0,370.0,2.0,179.0,105.0,73.6,148.0,82.0,96.6,159.9,37.8,109.6,0.4249011018481326,0.1554054054054054,0.027173913043478264,Low
82640,24,2,26.0,21.0,199.0,2.0,174.0,92.0,81.6,118.0,52.0,71.1,178.2,22.4,84.5,0.6842611231520566,0.32663316582914576,0.02450980392156863,Low
82642,66,2,38.0,40.0,274.0,2.0,247.0,,,176.0,94.0,62.4,152.0,27.0,88.6,1.447261381697499,0.34671532846715325,,Moderate
82643,38,2,25.0,21.0,222.0,2.0,194.0,,,108.0,70.0,42.4,153.4,18.0,68.2,0.9338152960549223,0.28153153153153154,,Low
82644,25,1,16.0,19.0,213.0,2.0,138.0,,,102.0,52.0,91.2,184.3,26.8,96.5,0.43082766924049154,0.18779342723004697,,Low
82646,56,1,23.0,18.0,261.0,2.0,228.0,,,112.0,84.0,82.3,159.5,32.4,108.8,1.1631590474690592,0.22030651340996166,,Low
82648,25,2,21.0,26.0,257.0,2.0,69.0,23.0,45.6,116.0,70.0,72.9,154.6,30.5,96.4,0.4006263460994032,0.20428015564202337,0.043859649122807015,Low
82650,43,2,17.0,11.0,306.0,2.0,265.0,,,112.0,68.0,80.5,164.7,29.7,101.5,0.7202771009357687,0.1388888888888889,,Low
82651,78,1,18.0,15.0,166.0,2.0,140.0,80.0,59.6,160.0,0.0,108.1,165.7,39.4,129.7,2.1838026578615315,0.2710843373493976,0.03355704697986577,Moderate
82652,73,1,23.0,22.0,237.0,2.0,233.0,160.0,72.6,186.0,78.0,61.1,158.5,24.3,85.2,1.5103966361226577,0.24261603375527424,0.027548209366391185,Moderate
82654,18,2,20.0,14.0,255.0,2.0,150.0,80.0,69.6,108.0,44.0,67.4,167.0,24.2,81.3,0.3773099885822462,0.19607843137254902,0.02873563218390805,Low
82655,75,2,18.0,15.0,131.0,2.0,173.0,,,116.0,78.0,69.5,145.7,32.7,108.3,2.6608282531195995,0.3435114503816794,,Moderate
82657,66,2,21.0,16.0,280.0,2.0,200.0,112.0,87.6,156.0,74.0,101.0,161.7,38.6,110.0,1.2375,0.18750000000000003,0.022831050228310504,Low
82660,32,2,17.0,23.0,266.0,2.0,166.0,111.0,54.6,120.0,70.0,172.1,174.9,56.3,143.4,0.42643549340995746,0.15977443609022557,0.03663003663003663,Low
82664,48,1,18.0,22.0,182.0,2.0,195.0,,,114.0,72.0,79.9,180.9,24.4,90.0,1.0121176864354253,0.24725274725274723,,Low
82665,53,2,19.0,25.0,271.0,2.0,205.0,138.0,66.6,108.0,84.0,121.8,173.5,40.5,115.0,0.7431734317343174,0.17527675276752766,0.030030030030030033,Low
82666,47,1,25.0,36.0,235.0,2.0,162.0,78.0,83.6,112.0,80.0,74.9,173.2,25.0,87.3,0.8333333333333334,0.26595744680851063,0.023923444976076555,Low
82668,32,1,18.0,17.0,262.0,2.0,175.0,,,116.0,90.0,79.2,173.0,26.5,93.4,0.5332080916829305,0.1717557251908397,,Low
82669,33,2,13.0,21.0,326.0,2.0,158.0,,,102.0,70.0,92.0,171.4,31.3,101.0,0.28716403347006364,0.09969325153374234,,Low
82671,30,2,17.0,19.0,209.0,2.0,221.0,,,98.0,52.0,88.3,157.0,35.8,106.2,0.5598182979616578,0.2033492822966507,,Low
82674,45,2,20.0,22.0,458.0,2.0,222.0,,,126.0,82.0,61.1,158.7,24.3,88.7,0.41895337275119954,0.10917030567685589,,Low
82675,71,1,24.0,29.0,177.0,2.0,122.0,59.0,62.6,104.0,52.0,72.2,176.5,23.2,97.2,1.7877110522807707,0.3389830508474576,0.03194888178913738,Moderate
82677,80,2,19.0,14.0,202.0,2.0,174.0,,,120.0,56.0,73.5,152.8,31.5,100.0,2.011074691618243,0.23514851485148514,,Moderate
82678,58,2,20.0,16.0,222.0,2.0,260.0,151.0,108.6,122.0,56.0,51.1,165.3,18.7,72.6,1.3063063063063063,0.22522522522522523,0.01841620626151013,Moderate
82680,41,1,29.0,24.0,237.0,2.0,256.0,,,112.0,56.0,71.2,170.0,24.6,90.1,1.0240658594125172,0.30590717299578063,,Low
82682,37,1,26.0,37.0,238.0,2.0,188.0,108.0,79.6,114.0,72.0,110.0,190.5,30.3,108.3,0.6645034696964442,0.273109243697479,0.02512562814070352,Low
82684,42,2,48.0,25.0,206.0,2.0,231.0,,,148.0,86.0,94.0,167.2,33.6,111.5,1.9572815533980583,0.5825242718446602,,Moderate
82685,47,1,24.0,18.0,199.0,2.0,281.0,190.0,90.6,96.0,34.0,105.5,178.4,33.1,114.5,1.336040953397698,0.3015075376884422,0.02207505518763797,Moderate
82688,63,1,115.0,88.0,109.0,2.0,175.0,109.0,65.6,134.0,86.0,73.9,183.9,21.9,,7.0855008715431085,2.637614678899083,0.030487804878048783,High
82691,29,1,55.0,30.0,601.0,2.0,262.0,,,106.0,66.0,83.8,169.9,29.0,101.4,0.4845354848700721,0.22878535773710484,,Low
82692,39,1,28.0,22.0,339.0,2.0,160.0,88.0,71.6,116.0,70.0,65.2,181.0,19.9,81.2,0.6867704491455061,0.20648967551622419,0.02793296089385475,Low
82695,20,1,21.0,20.0,213.0,2.0,173.0,,,116.0,68.0,95.0,183.4,28.2,96.2,0.44091481246474723,0.24647887323943662,,Low
82696,22,2,24.0,18.0,270.0,2.0,146.0,,,98.0,70.0,75.4,164.5,27.9,88.3,0.46092886477345324,0.2222222222222222,,Low
82697,18,2,18.0,12.0,198.0,2.0,169.0,,,102.0,76.0,47.4,158.9,18.8,65.3,0.47237749297333026,0.22727272727272727,,Low
82698,74,1,16.0,14.0,256.0,2.0,112.0,64.0,47.6,156.0,76.0,97.4,174.3,32.1,110.8,1.2360832438449627,0.15625,0.04201680672268907,Low
82702,64,2,17.0,13.0,157.0,2.0,189.0,115.0,73.6,,,55.2,152.9,23.6,84.2,1.9220185143090742,0.27070063694267515,0.027173913043478264,Moderate
82703,50,1,18.0,22.0,202.0,2.0,216.0,125.0,90.6,114.0,78.0,83.0,174.7,27.2,97.5,0.9499041817824226,0.2227722772277228,0.02207505518763797,Low
82704,41,1,31.0,59.0,275.0,2.0,220.0,,,116.0,72.0,112.9,174.3,37.2,125.7,0.6017094758422805,0.2818181818181818,,Low
82705,76,2,27.0,19.0,164.0,2.0,209.0,,,140.0,58.0,91.7,165.8,33.4,,2.8704944262341017,0.41158536585365857,,High
82708,78,2,31.0,15.0,144.0,2.0,174.0,101.0,72.6,148.0,62.0,42.1,152.5,18.1,74.5,4.335589690337747,0.5381944444444444,0.027548209366391185,High
82709,61,2,16.0,15.0,282.0,2.0,276.0,,,124.0,76.0,68.2,169.5,23.7,96.0,0.893624526217125,0.14184397163120568,,Low
82710,61,2,19.0,21.0,222.0,2.0,210.0,,,176.0,76.0,104.9,162.5,39.7,121.8,1.1392546611870054,0.21396396396396394,,Low
82712,56,2,23.0,23.0,198.0,2.0,157.0,71.0,85.6,122.0,72.0,146.0,165.9,53.0,146.7,1.3563967944722843,0.2904040404040404,0.023364485981308414,Moderate
82716,19,2,19.0,15.0,290.0,2.0,163.0,,,108.0,52.0,74.4,152.7,31.9,100.1,0.3214131006852592,0.16379310344827586,,Low
82718,34,1,26.0,23.0,178.0,2.0,132.0,72.0,59.6,110.0,68.0,60.0,181.8,18.2,70.2,1.035543494530641,0.3651685393258427,0.03355704697986577,Low
82719,35,2,84.0,76.0,352.0,2.0,240.0,,,118.0,68.0,114.5,158.1,45.8,125.6,0.9580713886071756,0.5965909090909092,,Low
82720,58,1,27.0,24.0,197.0,2.0,270.0,,,118.0,72.0,73.1,174.8,23.9,95.4,1.6226315301177907,0.34263959390862947,,Moderate
82721,49,1,18.0,14.0,293.0,2.0,191.0,,,112.0,66.0,74.4,178.3,23.4,87.8,0.8045201889650455,0.15358361774744028,,Low
82723,74,2,24.0,29.0,310.0,2.0,191.0,105.0,85.6,122.0,56.0,54.2,158.4,21.6,92.5,1.0638545825885295,0.1935483870967742,0.023364485981308414,Low
82724,28,2,26.0,26.0,332.0,2.0,178.0,101.0,76.6,100.0,58.0,119.4,166.3,43.2,138.7,0.430037790303006,0.1957831325301205,0.026109660574412535,Low
82727,77,1,24.0,16.0,163.0,2.0,142.0,,,110.0,56.0,80.5,187.3,22.9,95.0,2.834355828220859,0.36809815950920244,,High
82728,18,2,17.0,11.0,335.0,2.0,166.0,,,106.0,76.0,43.4,159.6,17.0,64.0,0.2754103625098378,0.12686567164179105,,Low
82729,22,2,21.0,19.0,216.0,2.0,198.0,,,94.0,62.0,53.7,159.7,21.1,73.7,0.49069476411203483,0.24305555555555555,,Low
82731,36,2,23.0,18.0,241.0,2.0,155.0,79.0,75.6,146.0,94.0,155.8,165.5,56.9,152.6,0.8097986373754652,0.23858921161825725,0.026455026455026457,Low
82733,40,2,21.0,16.0,262.0,2.0,228.0,135.0,92.6,104.0,50.0,50.2,160.8,19.4,73.0,0.8015267175572519,0.20038167938931298,0.021598272138228944,Low
82735,23,2,15.0,11.0,414.0,2.0,183.0,,,120.0,74.0,94.7,159.2,37.4,121.4,0.251259453814803,0.09057971014492754,,Low
82736,26,1,18.0,15.0,280.0,2.0,149.0,,,114.0,60.0,65.4,185.0,19.1,80.0,0.43156100143454074,0.1607142857142857,,Low
82737,66,2,17.0,8.0,147.0,2.0,175.0,98.0,76.6,220.0,98.0,63.4,168.0,22.5,84.1,2.6985503690180486,0.2891156462585034,0.026109660574412535,High
82739,55,2,28.0,26.0,293.0,2.0,171.0,95.0,75.6,118.0,74.0,70.0,156.9,28.4,94.0,1.030781051579534,0.2389078498293515,0.026455026455026457,Low
82740,65,1,74.0,77.0,156.0,2.0,169.0,,,154.0,88.0,75.8,180.3,23.3,89.5,3.5137844408388363,1.1858974358974361,,High
82741,70,1,30.0,31.0,161.0,2.0,181.0,86.0,94.6,90.0,60.0,149.9,189.9,41.6,144.4,2.3426778525231513,0.4658385093167702,0.021141649048625793,Moderate
82742,52,2,18.0,18.0,220.0,2.0,265.0,,,104.0,66.0,45.6,153.7,19.3,71.0,1.002805980591831,0.20454545454545456,,Low
82743,47,2,26.0,22.0,190.0,2.0,169.0,,,110.0,58.0,62.8,166.5,22.7,85.9,1.3712172388766102,0.34210526315789475,,Moderate
82745,38,1,87.0,95.0,209.0,2.0,203.0,,,128.0,80.0,87.0,173.3,29.0,100.9,1.622911211480153,1.04066985645933,,Moderate
82746,33,1,28.0,33.0,282.0,2.0,204.0,,,108.0,72.0,114.2,196.5,29.6,114.1,0.5703821067484568,0.2482269503546099,,Low
82748,43,2,23.0,17.0,366.0,2.0,222.0,,,124.0,90.0,127.0,161.0,49.0,130.0,0.6553763201118397,0.157103825136612,,Low
82749,64,1,18.0,16.0,186.0,2.0,200.0,121.0,78.6,140.0,84.0,166.7,181.4,50.7,162.7,1.5483870967741935,0.24193548387096775,0.025445292620865142,Moderate
82750,27,2,16.0,12.0,175.0,2.0,167.0,90.0,76.6,94.0,62.0,54.1,152.6,23.2,,0.7126151893997668,0.2285714285714286,0.026109660574412535,Low
82755,32,2,19.0,27.0,234.0,2.0,263.0,176.0,86.6,,,148.4,171.0,50.8,151.5,0.5000412587853169,0.20299145299145296,0.023094688221709007,Low
82756,55,1,24.0,22.0,189.0,2.0,197.0,119.0,77.6,126.0,74.0,68.2,168.7,24.0,87.8,1.489020876134422,0.31746031746031744,0.025773195876288662,Moderate
82757,80,1,21.0,16.0,169.0,2.0,223.0,154.0,68.6,140.0,76.0,57.9,168.8,20.3,,2.485207100591716,0.31065088757396453,0.02915451895043732,Moderate
82758,52,1,20.0,20.0,237.0,2.0,137.0,,,128.0,84.0,95.1,168.4,33.5,119.0,0.981228142025224,0.21097046413502107,,Low
82759,24,1,37.0,97.0,198.0,2.0,176.0,,,126.0,76.0,90.6,180.9,27.7,103.2,0.4553673710296231,0.46717171717171724,,Low
82762,26,2,24.0,17.0,248.0,2.0,203.0,,,100.0,68.0,59.4,154.5,24.9,86.0,0.6102509275107733,0.24193548387096775,,Low
82766,48,2,36.0,34.0,179.0,2.0,159.0,88.0,70.6,94.0,58.0,50.7,155.5,21.0,74.4,1.655584106850588,0.5027932960893855,0.028328611898017,Moderate
82769,55,2,21.0,27.0,174.0,2.0,209.0,118.0,90.6,106.0,66.0,57.4,145.1,27.3,86.6,1.2774704232069305,0.3017241379310345,0.02207505518763797,Low
82770,46,2,20.0,14.0,445.0,2.0,181.0,115.0,65.6,126.0,68.0,65.0,165.0,23.9,85.7,0.5525400956391695,0.11235955056179776,0.030487804878048783,Low
82771,41,1,21.0,36.0,303.0,2.0,288.0,185.0,102.6,140.0,78.0,119.2,179.9,36.8,124.7,0.4735973597359736,0.17326732673267328,0.019493177387914232,Low
82772,60,2,28.0,26.0,344.0,2.0,178.0,,,116.0,60.0,88.9,163.8,33.1,112.5,0.9577764739306662,0.20348837209302326,,Low
82773,67,1,35.0,25.0,192.0,2.0,223.0,134.0,88.6,144.0,70.0,71.5,165.2,26.2,89.3,2.4427083333333335,0.4557291666666667,0.022573363431151242,Moderate
82774,19,2,20.0,20.0,222.0,2.0,191.0,,,110.0,68.0,71.2,156.1,29.2,90.7,0.382750374526991,0.22522522522522523,,Low
82775,57,1,22.0,19.0,184.0,2.0,229.0,147.0,81.6,186.0,68.0,70.3,160.9,27.2,97.2,1.5635180993135023,0.29891304347826086,0.02450980392156863,Moderate
82776,37,1,17.0,17.0,266.0,2.0,205.0,,,124.0,76.0,78.6,182.6,23.6,94.3,0.5735146922851634,0.15977443609022557,,Low
82778,57,1,21.0,21.0,247.0,2.0,216.0,,,128.0,76.0,122.7,178.0,38.7,124.2,1.0575174680667325,0.2125506072874494,,Low
82779,63,2,28.0,31.0,255.0,2.0,179.0,,,98.0,52.0,65.0,156.7,26.5,94.0,1.2424460893146312,0.2745098039215686,,Low
82780,28,2,15.0,14.0,221.0,2.0,156.0,,,106.0,62.0,89.1,167.1,31.9,104.3,0.5079172923222545,0.16968325791855204,,Low
82782,53,1,26.0,37.0,210.0,2.0,179.0,106.0,72.6,128.0,68.0,81.0,177.3,25.8,91.0,1.0787704976513446,0.30952380952380953,0.027548209366391185,Low
82784,32,2,17.0,20.0,229.0,2.0,206.0,,,112.0,76.0,138.4,159.7,54.3,142.7,0.531188200768509,0.185589519650655,,Low
82788,43,1,25.0,36.0,224.0,2.0,195.0,124.0,70.6,108.0,68.0,68.6,178.9,21.4,84.4,0.7998511904761905,0.27901785714285715,0.028328611898017,Low
82790,72,1,24.0,28.0,171.0,2.0,193.0,120.0,72.6,138.0,0.0,91.2,176.8,29.2,109.8,1.9097152320466215,0.3508771929824561,0.027548209366391185,Moderate
82791,56,2,27.0,32.0,181.0,2.0,171.0,,,116.0,70.0,86.6,162.0,33.0,107.7,1.476720239163066,0.37292817679558016,,Moderate
82794,55,2,17.0,19.0,269.0,2.0,259.0,159.0,99.6,106.0,74.0,43.8,153.5,18.6,67.2,0.7974115656839227,0.1579925650557621,0.020080321285140562,Low
82797,18,2,31.0,26.0,254.0,2.0,207.0,120.0,86.6,108.0,56.0,54.5,160.8,21.1,73.6,0.4308378086893965,0.3051181102362205,0.023094688221709007,Low
82798,31,2,165.0,84.0,293.0,2.0,148.0,,,108.0,54.0,57.7,154.4,24.2,,1.9047517210872034,1.4078498293515358,,Moderate
82802,76,1,31.0,26.0,184.0,2.0,146.0,62.0,83.6,108.0,60.0,67.7,180.1,20.9,91.5,2.5111392086171826,0.421195652173913,0.023923444976076555,Moderate
82803,23,2,18.0,14.0,287.0,2.0,192.0,126.0,65.6,112.0,54.0,83.2,162.0,31.7,107.1,0.38552666951827075,0.156794425087108,0.030487804878048783,Low
82805,34,2,15.0,15.0,263.0,2.0,145.0,87.0,57.6,116.0,64.0,100.6,165.8,36.6,110.2,0.5006898622473467,0.14258555133079848,0.034722222222222224,Low
82810,41,2,36.0,42.0,279.0,2.0,227.0,,,,,104.5,164.4,38.7,125.2,0.8163144965736475,0.3225806451612903,,Low
82811,51,2,32.0,26.0,158.0,2.0,220.0,,,96.0,58.0,54.1,165.0,19.9,73.5,2.0257059021868122,0.5063291139240507,,Moderate
82812,62,1,35.0,27.0,234.0,2.0,195.0,,,142.0,90.0,62.4,187.7,17.7,74.1,1.784686729546279,0.37393162393162394,,Moderate
82813,24,2,16.0,14.0,257.0,2.0,157.0,72.0,84.6,118.0,62.0,60.3,160.5,23.4,79.5,0.39933197235163803,0.1556420233463035,0.023640661938534282,Low
82814,44,1,16.0,14.0,254.0,2.0,211.0,,,120.0,80.0,195.4,195.4,51.2,149.9,0.7407555681352236,0.15748031496062995,,Low
82816,66,1,21.0,13.0,111.0,2.0,171.0,,,156.0,40.0,106.9,183.6,31.7,115.4,3.463128252108863,0.472972972972973,,High
82820,78,1,19.0,18.0,240.0,2.0,173.0,,,168.0,68.0,77.8,170.2,26.9,104.5,1.4554614579423104,0.19791666666666663,,Moderate
82822,56,1,29.0,24.0,292.0,2.0,277.0,180.0,96.6,162.0,100.0,110.1,183.1,32.8,114.9,1.1352657940296467,0.24828767123287668,0.020703933747412008,Low
82823,70,2,28.0,20.0,227.0,2.0,158.0,,,122.0,78.0,51.6,162.5,19.5,78.0,1.9307018660350606,0.3083700440528634,,Moderate
82825,18,2,17.0,14.0,181.0,2.0,172.0,100.0,71.6,102.0,52.0,68.7,156.6,28.0,80.7,0.45183392279117046,0.23480662983425415,0.02793296089385475,Low
82826,64,1,29.0,35.0,211.0,2.0,235.0,,,156.0,104.0,77.7,163.4,29.1,94.6,1.48683061305794,0.34360189573459715,,Moderate
82827,61,2,23.0,20.0,162.0,2.0,180.0,,,,,64.5,153.9,27.2,89.7,1.9365452916248176,0.35493827160493824,,Moderate
82829,63,1,26.0,34.0,146.0,2.0,200.0,113.0,86.6,112.0,70.0,110.5,187.8,31.3,119.2,1.924073167557736,0.4452054794520548,0.023094688221709007,Moderate
82831,54,2,33.0,23.0,286.0,2.0,224.0,140.0,83.6,,,83.4,168.2,29.5,,1.2992051952786967,0.28846153846153844,0.023923444976076555,Low
82832,49,2,17.0,12.0,311.0,2.0,262.0,157.0,104.6,104.0,70.0,64.2,166.5,23.2,83.4,0.7732038170980037,0.13665594855305466,0.019120458891013385,Low
82838,26,2,20.0,21.0,323.0,2.0,210.0,,,114.0,74.0,121.6,168.0,43.1,134.6,0.35131053536444595,0.15479876160990713,,Low
82839,32,2,20.0,18.0,190.0,2.0,175.0,106.0,68.6,108.0,58.0,53.1,166.6,19.1,78.0,0.7939444560691061,0.2631578947368421,0.02915451895043732,Low
82840,59,1,39.0,51.0,215.0,2.0,219.0,,,112.0,74.0,99.4,177.0,31.7,110.5,1.4986253364411397,0.45348837209302323,,Moderate
82841,45,1,21.0,15.0,221.0,2.0,207.0,,,124.0,82.0,68.0,163.7,25.4,82.2,1.1040631258419333,0.23755656108597287,,Low
82842,68,2,21.0,19.0,200.0,2.0,190.0,97.0,92.6,,,49.3,161.2,19.0,70.6,1.6380283398358109,0.2625,0.021598272138228944,Moderate
82844,58,1,65.0,49.0,187.0,2.0,188.0,115.0,72.6,128.0,72.0,83.6,185.1,24.4,93.0,2.880061115355233,0.8689839572192514,0.027548209366391185,High
82845,64,1,18.0,14.0,234.0,2.0,204.0,,,140.0,80.0,59.3,174.4,19.5,75.1,1.3157476524919354,0.19230769230769232,,Moderate
82846,33,2,19.0,13.0,243.0,2.0,206.0,126.0,79.6,102.0,70.0,55.3,158.5,22.0,82.0,0.7156317346362524,0.19547325102880658,0.02512562814070352,Low
82848,18,2,16.0,14.0,194.0,2.0,138.0,81.0,56.6,112.0,58.0,82.0,167.2,29.3,89.5,0.39675895706586717,0.2061855670103093,0.0353356890459364,Low
82849,80,1,30.0,35.0,439.0,2.0,118.0,61.0,56.6,118.0,56.0,83.6,180.0,25.8,107.0,0.9240866566507697,0.17084282460136674,0.0353356890459364,Low
82850,30,1,24.0,24.0,205.0,2.0,213.0,,,116.0,72.0,92.7,180.8,28.4,99.5,0.7169238271560522,0.2926829268292683,,Low
82851,51,2,23.0,14.0,171.0,2.0,186.0,117.0,68.6,108.0,72.0,55.4,161.9,21.1,78.0,1.833318343644876,0.3362573099415205,0.02915451895043732,Moderate
82854,68,1,20.0,14.0,241.0,2.0,170.0,91.0,78.6,130.0,76.0,79.7,158.1,31.9,108.3,1.508196219920735,0.2074688796680498,0.025445292620865142,Moderate
82855,80,1,16.0,13.0,226.0,2.0,140.0,,,102.0,48.0,74.0,169.5,25.8,100.1,1.5708324140891443,0.1769911504424779,,Moderate
82856,44,1,68.0,111.0,106.0,2.0,130.0,,,126.0,88.0,92.6,172.3,31.2,111.5,2.6791327578221478,1.6037735849056605,,High
82857,47,2,17.0,13.0,401.0,2.0,141.0,82.0,58.6,156.0,88.0,129.9,163.8,48.4,131.5,0.5526252578353592,0.1059850374064838,0.034129692832764506,Low
82859,80,2,24.0,17.0,181.0,2.0,124.0,,,114.0,56.0,44.0,147.9,20.1,83.5,2.5727535915456317,0.3314917127071823,,Moderate
82860,48,1,25.0,33.0,210.0,2.0,158.0,,,110.0,80.0,73.1,168.8,25.7,95.5,0.9947294626039876,0.2976190476190476,,Low
82862,39,2,21.0,16.0,229.0,2.0,157.0,91.0,65.6,108.0,78.0,47.2,151.0,20.7,78.0,0.8941048034934498,0.22925764192139741,0.030487804878048783,Low
82864,31,1,23.0,19.0,161.0,2.0,182.0,127.0,54.6,112.0,48.0,62.0,175.3,20.2,78.6,1.0159839642839164,0.35714285714285715,0.03663003663003663,Low
82867,41,2,25.0,18.0,236.0,2.0,163.0,,,,,52.0,151.0,22.8,,1.0237068512940837,0.26483050847457623,,Low
82868,78,1,20.0,13.0,223.0,2.0,117.0,,,,,68.4,175.4,22.2,85.8,1.9402069643752409,0.2242152466367713,,Moderate
82874,59,2,16.0,16.0,205.0,2.0,183.0,98.0,84.6,134.0,78.0,111.5,147.4,51.3,149.0,1.1512195121951219,0.19512195121951223,0.023640661938534282,Low
82876,80,1,23.0,17.0,199.0,2.0,199.0,123.0,75.6,134.0,72.0,67.9,154.0,28.6,109.8,2.2425404525972494,0.2889447236180904,0.026455026455026457,Moderate
82879,76,2,17.0,16.0,179.0,2.0,230.0,102.0,127.6,132.0,52.0,73.3,164.0,27.3,101.3,1.8044692737430168,0.23743016759776536,0.015673981191222573,Moderate
82881,70,1,27.0,22.0,184.0,2.0,153.0,99.0,53.6,140.0,82.0,82.9,178.2,26.1,108.5,2.1899421408266506,0.36684782608695654,0.03731343283582089,Moderate
82882,80,2,28.0,21.0,218.0,2.0,282.0,,,144.0,58.0,46.6,149.6,20.8,83.6,2.2422388721496462,0.3211009174311926,,Moderate
82884,18,1,20.0,13.0,245.0,2.0,166.0,88.0,77.6,124.0,58.0,54.5,183.3,16.2,67.3,0.4075348380430255,0.20408163265306123,0.025773195876288662,Low
82886,80,1,18.0,17.0,190.0,2.0,143.0,73.0,69.6,184.0,62.0,82.7,166.1,30.0,117.7,1.838164737117471,0.2368421052631579,0.02873563218390805,Moderate
82889,66,1,27.0,21.0,229.0,2.0,156.0,70.0,85.6,124.0,70.0,98.9,176.6,31.7,117.2,1.6980972943254953,0.29475982532751094,0.023364485981308414,Moderate
82894,49,1,23.0,19.0,266.0,2.0,174.0,,,94.0,62.0,69.8,165.2,25.6,91.6,0.9719982408726431,0.2161654135338346,,Low
82895,57,2,20.0,23.0,351.0,2.0,259.0,,,124.0,80.0,68.4,149.5,30.6,98.2,0.677226302065713,0.14245014245014245,,Low
82896,22,2,23.0,21.0,199.0,2.0,146.0,85.0,60.6,116.0,64.0,85.0,176.3,27.3,100.5,0.5548655902483023,0.2889447236180904,0.033003300330033,Low
82897,46,2,24.0,18.0,258.0,2.0,222.0,149.0,72.6,102.0,60.0,57.7,156.3,23.6,81.7,1.0085864165761609,0.23255813953488372,0.027548209366391185,Low
82898,66,1,28.0,31.0,172.0,2.0,217.0,,,104.0,40.0,65.3,159.0,25.8,97.2,1.9297127799155815,0.4069767441860465,,Moderate
82899,66,1,21.0,23.0,207.0,2.0,130.0,,,140.0,76.0,83.2,168.0,29.5,103.8,1.3961399897734572,0.2536231884057971,,Moderate
82900,80,1,9.0,14.0,181.0,2.0,134.0,,,170.0,70.0,73.9,170.1,25.5,102.1,1.0631386418615776,0.12430939226519339,,Low
82901,68,1,25.0,29.0,261.0,2.0,213.0,,,144.0,88.0,92.4,168.4,32.6,121.0,1.2095098655210275,0.23946360153256704,,Low
82903,57,2,25.0,31.0,286.0,2.0,226.0,,,124.0,78.0,64.0,146.1,30.0,90.0,0.8948865573012387,0.21853146853146854,,Low
82904,68,2,31.0,20.0,189.0,2.0,127.0,64.0,62.6,116.0,42.0,69.3,153.5,29.4,97.0,2.4939848129997655,0.4100529100529101,0.03194888178913738,Moderate
82906,72,1,27.0,16.0,218.0,2.0,175.0,91.0,83.6,102.0,60.0,56.6,169.2,19.8,80.9,2.229357798165138,0.3096330275229358,0.023923444976076555,Moderate
82909,55,1,21.0,21.0,226.0,2.0,173.0,119.0,53.6,100.0,62.0,147.4,179.4,45.8,147.0,1.1152285983299612,0.2323008849557522,0.03731343283582089,Low
82913,28,1,23.0,17.0,205.0,2.0,200.0,,,118.0,72.0,69.5,192.5,18.8,76.7,0.7619167927970656,0.28048780487804875,,Low
82915,70,1,19.0,24.0,234.0,2.0,136.0,,,118.0,54.0,119.3,168.0,42.3,137.1,1.1601927912755083,0.20299145299145296,,Low
82916,53,2,22.0,16.0,292.0,2.0,193.0,103.0,89.6,118.0,76.0,68.3,168.7,24.0,89.8,0.9982876712328768,0.18835616438356165,0.022321428571428572,Low
82917,42,1,24.0,29.0,194.0,2.0,182.0,124.0,57.6,100.0,74.0,85.8,167.3,30.7,100.0,0.9648500045488057,0.30927835051546393,0.034722222222222224,Low
82918,80,1,27.0,25.0,138.0,2.0,142.0,83.0,58.6,178.0,80.0,78.1,169.9,27.1,,3.130434782608696,0.48913043478260876,0.034129692832764506,High
82920,45,2,23.0,15.0,276.0,2.0,150.0,77.0,72.6,94.0,66.0,53.6,167.5,19.1,70.8,0.968245836551854,0.20833333333333334,0.027548209366391185,Low
82924,21,2,14.0,11.0,284.0,2.0,218.0,,,,,60.6,166.0,22.0,79.0,0.3121279412178257,0.1232394366197183,,Low
82925,38,1,26.0,26.0,158.0,2.0,129.0,67.0,61.6,166.0,120.0,88.3,177.6,28.0,102.7,1.2263464652944673,0.41139240506329117,0.032467532467532464,Low
82926,57,2,18.0,17.0,237.0,2.0,188.0,89.0,98.6,144.0,88.0,59.1,156.5,24.1,89.6,1.0499643514231123,0.189873417721519,0.02028397565922921,Low
82929,51,2,18.0,32.0,224.0,2.0,194.0,,,110.0,74.0,53.8,164.0,20.0,73.4,0.7244687780460386,0.20089285714285718,,Low
82931,70,1,31.0,26.0,308.0,2.0,185.0,,,,,76.4,162.6,28.9,107.6,1.3817273157462966,0.25162337662337664,,Moderate
82932,23,2,21.0,16.0,324.0,2.0,154.0,,,102.0,56.0,83.3,143.5,40.5,,0.3726851851851852,0.16203703703703706,,Low
82933,29,1,23.0,36.0,194.0,2.0,220.0,,,,,116.5,182.5,35.0,122.3,0.5730240549828178,0.2963917525773196,,Low
82938,52,2,21.0,21.0,294.0,2.0,167.0,,,124.0,70.0,81.7,158.7,32.4,112.5,0.8105235923051145,0.17857142857142858,,Low
82939,23,1,28.0,42.0,329.0,2.0,183.0,,,124.0,68.0,110.9,177.8,35.1,102.9,0.30204059992579696,0.2127659574468085,,Low
82940,21,2,15.0,12.0,153.0,2.0,158.0,92.0,65.6,116.0,50.0,61.6,164.3,22.8,72.5,0.5943311594599089,0.24509803921568626,0.030487804878048783,Low
82943,45,1,22.0,20.0,188.0,2.0,158.0,,,116.0,78.0,62.9,166.3,22.7,80.5,1.1775038817685062,0.2925531914893617,,Low
82945,80,2,19.0,12.0,235.0,2.0,185.0,94.0,90.6,112.0,64.0,75.8,143.4,36.9,107.8,1.8671753386558112,0.20212765957446807,0.02207505518763797,Moderate
82946,45,2,17.0,16.0,286.0,2.0,188.0,,,,,111.5,162.3,42.3,108.1,0.6687062937062938,0.1486013986013986,,Low
82948,45,2,15.0,16.0,228.0,2.0,182.0,,,106.0,66.0,73.5,164.6,27.1,98.7,0.7401315789473685,0.1644736842105263,,Low
82949,67,1,30.0,38.0,200.0,2.0,139.0,,,128.0,64.0,116.1,186.0,33.6,116.5,1.6303252823641634,0.375,,Moderate
82951,65,2,24.0,27.0,251.0,2.0,216.0,,,140.0,46.0,97.3,163.8,36.3,106.2,1.1961041433410575,0.2390438247011952,,Low
82952,66,2,26.0,23.0,175.0,2.0,226.0,,,136.0,84.0,60.8,154.0,25.6,81.6,2.0446327686968018,0.37142857142857144,,Moderate
82953,68,1,25.0,17.0,233.0,2.0,242.0,153.0,88.6,134.0,76.0,46.5,162.2,17.7,80.2,1.7695732298788243,0.26824034334763946,0.022573363431151242,Moderate
82956,72,1,21.0,10.0,186.0,2.0,152.0,75.0,76.6,146.0,68.0,53.6,173.9,17.7,80.2,2.5706257108465533,0.28225806451612906,0.026109660574412535,Moderate
82957,38,2,16.0,14.0,292.0,2.0,178.0,100.0,77.6,100.0,58.0,60.3,155.7,24.9,81.0,0.5564891612423083,0.136986301369863,0.025773195876288662,Low
82959,55,1,46.0,28.0,253.0,2.0,213.0,104.0,108.6,126.0,70.0,71.2,180.9,21.8,84.7,1.889822365046136,0.45454545454545453,0.01841620626151013,Moderate
82961,61,2,31.0,33.0,210.0,2.0,247.0,172.0,74.6,134.0,70.0,79.2,160.5,30.7,108.3,1.567527844820117,0.36904761904761907,0.02680965147453083,Moderate
82963,60,2,18.0,17.0,206.0,2.0,143.0,69.0,73.6,114.0,76.0,108.2,166.7,38.9,,1.2715459953361146,0.2184466019417476,0.027173913043478264,Low
82964,60,1,34.0,26.0,238.0,,525.0,,,146.0,70.0,103.4,178.6,32.4,112.1,1.6809954440415775,0.35714285714285715,,Moderate
82965,38,2,18.0,15.0,214.0,2.0,195.0,,,110.0,70.0,115.9,159.4,45.6,141.5,0.8252712176965337,0.2102803738317757,,Low
82967,80,2,26.0,15.0,418.0,2.0,188.0,101.0,86.6,120.0,52.0,53.6,153.3,22.8,85.7,1.2848174418040552,0.15550239234449761,0.023094688221709007,Low
82968,79,2,21.0,13.0,245.0,2.0,275.0,,,130.0,76.0,65.8,154.9,27.4,90.0,1.8780563786482758,0.2142857142857143,,Moderate
82969,54,1,25.0,21.0,235.0,2.0,150.0,,,144.0,82.0,129.4,176.2,41.7,134.0,1.2535921353982542,0.26595744680851063,,Low
82970,60,1,27.0,25.0,245.0,2.0,171.0,91.0,79.6,150.0,80.0,81.6,159.7,32.0,107.3,1.3224489795918368,0.2755102040816327,0.02512562814070352,Moderate
82971,34,2,19.0,15.0,246.0,2.0,226.0,,,114.0,60.0,100.2,164.3,37.1,115.0,0.678034482831976,0.19308943089430894,,Low
82974,54,1,23.0,19.0,259.0,2.0,271.0,,,,,58.8,151.8,25.5,90.3,1.1001325925375973,0.22200772200772198,,Low
82975,44,2,20.0,26.0,263.0,2.0,236.0,159.0,76.6,104.0,60.0,71.7,160.2,27.9,93.8,0.6562060795498174,0.19011406844106463,0.026109660574412535,Low
82976,22,1,16.0,19.0,227.0,2.0,137.0,,,110.0,60.0,76.2,186.7,21.9,82.3,0.3557459837992852,0.1762114537444934,,Low
82978,41,2,24.0,17.0,244.0,2.0,265.0,171.0,93.6,120.0,70.0,44.3,142.8,21.7,72.3,0.9780944878514412,0.24590163934426226,0.021367521367521368,Low
82982,74,2,25.0,20.0,199.0,2.0,210.0,134.0,75.6,,,66.9,148.3,30.4,102.5,2.0787566624998046,0.314070351758794,0.026455026455026457,Moderate
82987,60,1,72.0,68.0,211.0,2.0,302.0,,,,,100.2,165.9,36.4,118.8,2.4828291472913704,0.8530805687203791,,Moderate
82989,80,1,29.0,24.0,226.0,2.0,150.0,,,150.0,42.0,96.6,161.9,36.9,119.7,2.0954337032658454,0.32079646017699115,,Moderate
82990,66,1,18.0,14.0,257.0,2.0,176.0,107.0,68.6,106.0,50.0,81.8,175.4,26.6,97.0,1.2354332894628801,0.17509727626459146,0.02915451895043732,Low
82995,72,1,17.0,18.0,129.0,2.0,120.0,53.0,66.6,104.0,0.0,75.1,177.4,23.9,100.5,2.2364307497993132,0.32945736434108525,0.030030030030030033,Moderate
82996,37,2,23.0,18.0,299.0,2.0,214.0,,,154.0,100.0,62.4,156.2,25.6,83.6,0.6708448949718528,0.1923076923076923,,Low
82997,53,2,25.0,37.0,98.0,2.0,232.0,,,142.0,72.0,85.5,153.2,36.4,107.8,2.222741409995902,0.6377551020408163,,Moderate
82998,61,1,29.0,30.0,176.0,2.0,131.0,79.0,51.6,136.0,74.0,89.4,170.6,30.7,104.8,1.835078038308028,0.4119318181818181,0.03875968992248062,Moderate
82999,35,1,17.0,23.0,201.0,2.0,214.0,145.0,68.6,114.0,82.0,87.5,174.9,28.6,102.9,0.6172441610147238,0.21144278606965175,0.02915451895043732,Low
83001,43,2,29.0,47.0,410.0,2.0,207.0,129.0,77.6,114.0,58.0,71.8,166.2,26.0,89.2,0.4436430351167671,0.17682926829268295,0.025773195876288662,Low
83002,50,1,25.0,28.0,179.0,2.0,138.0,,,102.0,54.0,76.1,163.5,28.5,95.7,1.3197083554791453,0.34916201117318435,,Moderate
83003,32,2,23.0,17.0,272.0,2.0,203.0,,,104.0,68.0,56.6,162.3,21.5,75.0,0.6562728677453716,0.2113970588235294,,Low
83004,34,1,17.0,12.0,219.0,2.0,132.0,,,104.0,50.0,82.3,187.5,23.4,88.4,0.761891451122383,0.19406392694063926,,Low
83005,72,1,26.0,31.0,194.0,2.0,133.0,77.0,55.6,120.0,54.0,98.6,177.5,31.3,118.5,1.7330985845057867,0.3350515463917526,0.03597122302158273,Moderate
83006,71,2,28.0,34.0,227.0,2.0,204.0,,,112.0,72.0,71.6,150.3,31.7,99.7,1.5019347456533372,0.3083700440528634,,Moderate
83007,66,1,26.0,21.0,271.0,2.0,290.0,,,122.0,80.0,80.0,165.1,29.3,105.2,1.381778227472188,0.23985239852398524,,Moderate
83009,24,1,16.0,14.0,193.0,2.0,187.0,100.0,86.6,106.0,0.0,72.8,174.1,24.0,85.0,0.5317529372765335,0.20725388601036268,0.023094688221709007,Low
83010,80,2,23.0,16.0,191.0,2.0,165.0,80.0,84.6,,,43.9,155.9,18.1,80.9,2.4083769633507854,0.3010471204188481,0.023640661938534282,Moderate
83011,21,2,32.0,25.0,207.0,2.0,153.0,75.0,77.6,96.0,66.0,55.3,150.3,24.5,78.1,0.6492753623188405,0.38647342995169087,0.025773195876288662,Low
83014,29,1,51.0,41.0,238.0,2.0,174.0,,,116.0,74.0,98.2,163.5,36.7,116.9,0.9705083774506235,0.5357142857142857,,Low
83016,80,2,16.0,13.0,270.0,2.0,199.0,116.0,82.6,118.0,36.0,61.4,158.8,24.3,87.5,1.3148449095709136,0.14814814814814817,0.02421307506053269,Moderate
83018,20,2,21.0,25.0,317.0,2.0,154.0,,,104.0,64.0,51.9,164.2,19.2,73.3,0.26498422712933756,0.16561514195583596,,Low
83019,57,2,32.0,28.0,156.0,2.0,154.0,,,158.0,88.0,71.5,162.1,27.2,103.2,2.2096384575924053,0.5128205128205128,,Moderate
83020,62,1,34.0,35.0,157.0,2.0,154.0,,,162.0,88.0,89.3,173.0,29.8,112.9,2.269535247092628,0.5414012738853503,,Moderate
83027,50,2,18.0,18.0,148.0,2.0,237.0,127.0,109.6,108.0,74.0,74.6,165.7,27.2,98.6,1.433324556459218,0.30405405405405406,0.018248175182481754,Moderate
83031,49,1,58.0,85.0,184.0,2.0,205.0,134.0,70.6,114.0,74.0,74.3,156.9,30.2,99.2,1.6753161986973393,0.7880434782608695,0.028328611898017,Moderate
83033,60,2,20.0,40.0,174.0,2.0,141.0,75.0,65.6,180.0,84.0,60.9,158.5,24.2,92.0,1.0904405724718549,0.28735632183908044,0.030487804878048783,Low
83037,66,2,17.0,19.0,217.0,2.0,232.0,138.0,93.6,136.0,70.0,78.2,158.9,31.0,97.3,1.1861956378007847,0.195852534562212,0.021367521367521368,Low
83039,19,1,14.0,13.0,174.0,2.0,134.0,57.0,76.6,126.0,62.0,45.2,166.9,16.2,70.0,0.42399497757445676,0.20114942528735633,0.026109660574412535,Low
83041,32,2,19.0,25.0,424.0,2.0,176.0,,,104.0,70.0,71.6,163.0,26.9,89.0,0.28679245283018867,0.11202830188679246,,Low
83042,26,2,16.0,19.0,384.0,2.0,153.0,,,132.0,76.0,119.6,169.7,41.5,131.6,0.24853371169310853,0.10416666666666667,,Low
83045,51,1,20.0,19.0,186.0,2.0,242.0,150.0,91.6,114.0,62.0,76.3,182.6,22.9,91.3,1.2580862825159838,0.2688172043010753,0.02183406113537118,Low
83046,79,2,32.0,25.0,253.0,2.0,178.0,100.0,77.6,138.0,74.0,72.8,161.0,28.1,102.1,1.9984189723320158,0.31620553359683795,0.025773195876288662,Moderate
83047,31,1,22.0,21.0,197.0,2.0,183.0,99.0,83.6,118.0,58.0,63.1,173.9,20.9,77.1,0.7554548281266336,0.27918781725888325,0.023923444976076555,Low
83048,48,1,19.0,16.0,244.0,2.0,153.0,89.0,63.6,110.0,78.0,102.4,178.5,32.1,114.7,0.9344262295081968,0.19467213114754098,0.031446540880503145,Low
83050,46,2,18.0,18.0,291.0,2.0,249.0,,,116.0,58.0,54.1,156.0,22.2,84.6,0.6706579780326017,0.15463917525773196,,Low
83052,76,1,66.0,37.0,145.0,2.0,199.0,67.0,131.6,148.0,84.0,86.2,175.3,28.1,104.0,5.6870711746460145,1.1379310344827585,0.015197568389057751,High
83058,27,1,21.0,16.0,253.0,2.0,180.0,113.0,66.6,122.0,66.0,75.5,183.6,22.4,83.2,0.5602766798418972,0.20750988142292492,0.030030030030030033,Low
83059,19,1,29.0,35.0,165.0,2.0,139.0,,,114.0,72.0,55.7,156.9,22.6,75.6,0.564460599218682,0.43939393939393934,,Low
83061,55,2,55.0,68.0,183.0,2.0,205.0,130.0,74.6,132.0,58.0,89.4,151.1,39.2,118.8,2.0045635675817137,0.7513661202185792,0.02680965147453083,Moderate
83063,53,2,25.0,29.0,223.0,2.0,270.0,193.0,76.6,124.0,60.0,89.8,172.8,30.1,99.4,1.103346740289658,0.2802690582959641,0.026109660574412535,Low
83064,41,1,20.0,21.0,252.0,2.0,193.0,,,166.0,100.0,103.0,171.0,35.2,112.6,0.7100740872758482,0.1984126984126984,,Low
83065,44,2,23.0,15.0,260.0,2.0,168.0,,,100.0,56.0,65.8,158.5,26.2,88.8,1.004989524708181,0.22115384615384615,,Low
83067,34,2,14.0,22.0,307.0,2.0,183.0,115.0,67.6,,,104.3,175.2,34.0,121.0,0.33056528008231456,0.11400651465798045,0.02958579881656805,Low
83068,59,2,25.0,32.0,405.0,2.0,236.0,,,,,110.6,153.0,47.2,123.2,0.6438163594136774,0.15432098765432098,,Low
83069,25,2,20.0,15.0,341.0,2.0,179.0,124.0,54.6,100.0,64.0,61.5,161.1,23.7,81.7,0.37859074742985505,0.1466275659824047,0.03663003663003663,Low
83070,71,2,32.0,34.0,259.0,2.0,215.0,,,128.0,40.0,71.3,155.1,29.6,106.0,1.5044200210184557,0.3088803088803089,,Moderate
83073,53,2,21.0,19.0,192.0,2.0,160.0,104.0,55.6,116.0,66.0,68.1,162.1,25.9,86.6,1.3298943322809125,0.2734375,0.03597122302158273,Moderate
83074,27,2,14.0,12.0,231.0,2.0,192.0,120.0,71.6,104.0,70.0,80.0,180.3,24.6,91.0,0.4723774929733302,0.15151515151515152,0.02793296089385475,Low
83075,77,2,21.0,16.0,196.0,2.0,211.0,,,172.0,58.0,54.4,157.7,21.9,91.0,2.0625,0.26785714285714285,,Moderate
83078,32,1,26.0,35.0,148.0,2.0,177.0,120.0,56.6,124.0,74.0,99.5,181.1,30.3,104.7,0.9502274863974672,0.4391891891891892,0.0353356890459364,Low
83081,41,1,36.0,28.0,264.0,2.0,186.0,105.0,80.6,134.0,82.0,141.9,183.5,42.1,139.3,1.056582504093976,0.34090909090909094,0.02481389578163772,Low
83082,27,1,32.0,28.0,183.0,2.0,180.0,,,126.0,72.0,92.7,176.0,29.9,99.4,0.8922440018578478,0.4371584699453552,,Low
83083,23,2,23.0,30.0,310.0,2.0,190.0,,,118.0,34.0,93.6,171.7,31.7,110.0,0.3115540138927235,0.1854838709677419,,Low
83084,50,1,25.0,20.0,217.0,2.0,210.0,,,132.0,82.0,75.9,167.3,27.1,92.9,1.2880575907256853,0.28801843317972353,,Low
83085,18,1,29.0,19.0,289.0,2.0,176.0,,,102.0,54.0,54.8,160.1,21.4,71.1,0.4143772078907724,0.25086505190311414,,Low
83087,39,1,47.0,63.0,181.0,2.0,199.0,,,120.0,72.0,117.8,183.5,35.0,111.9,1.2758911215946842,0.6491712707182321,,Low
83088,78,2,34.0,22.0,231.0,2.0,221.0,,,110.0,64.0,47.1,153.3,20.0,75.5,2.4476549773812937,0.36796536796536794,,Moderate
83092,57,1,20.0,20.0,253.0,2.0,156.0,,,132.0,70.0,67.0,158.1,26.8,88.0,1.0075563218773755,0.1976284584980237,,Low
83094,43,1,17.0,27.0,207.0,2.0,157.0,95.0,61.6,110.0,72.0,90.2,191.6,24.6,98.9,0.6796184328141972,0.20531400966183577,0.032467532467532464,Low
83096,23,2,27.0,28.0,255.0,2.0,195.0,129.0,65.6,116.0,54.0,96.6,167.9,34.3,106.0,0.46022732889947077,0.26470588235294124,0.030487804878048783,Low
83097,51,1,32.0,25.0,246.0,2.0,204.0,125.0,78.6,116.0,64.0,75.1,184.4,22.1,87.8,1.326829268292683,0.3252032520325203,0.025445292620865142,Moderate
83098,80,2,24.0,19.0,148.0,2.0,131.0,,,112.0,66.0,70.4,166.5,25.4,92.5,2.9762041150775578,0.40540540540540543,,High
83099,32,1,17.0,21.0,233.0,2.0,194.0,,,128.0,72.0,59.0,169.2,20.6,81.4,0.5094872630402569,0.18240343347639484,,Low
83100,57,2,25.0,28.0,317.0,2.0,241.0,170.0,70.6,132.0,64.0,97.6,150.9,42.9,114.6,0.8495258265585942,0.1971608832807571,0.028328611898017,Low
83101,21,2,16.0,11.0,214.0,2.0,91.0,35.0,55.6,100.0,54.0,69.5,159.3,27.4,83.0,0.4734009896174233,0.1869158878504673,0.03597122302158273,Low
83103,32,2,23.0,33.0,300.0,2.0,219.0,,,140.0,84.0,99.6,161.3,38.3,112.0,0.4270705159446454,0.19166666666666665,,Low
83104,59,1,23.0,22.0,230.0,2.0,269.0,152.0,116.6,106.0,76.0,68.7,174.1,22.7,87.9,1.2578842264981016,0.24999999999999997,0.017152658662092625,Low
83106,44,1,29.0,17.0,306.0,2.0,195.0,123.0,71.6,124.0,78.0,79.8,174.0,26.4,91.4,1.0113577043998723,0.2369281045751634,0.02793296089385475,Low
83108,49,2,25.0,40.0,235.0,2.0,148.0,73.0,74.6,142.0,64.0,101.0,173.4,33.6,107.3,0.8242106667460137,0.26595744680851063,0.02680965147453083,Low
83109,80,1,22.0,13.0,255.0,2.0,214.0,,,148.0,72.0,55.8,168.8,19.6,,1.91425950069883,0.21568627450980396,,Moderate
83110,34,1,25.0,27.0,183.0,2.0,155.0,91.0,63.6,116.0,68.0,82.5,160.1,32.2,95.8,0.8938938594010599,0.34153005464480873,0.031446540880503145,Low
83111,64,2,39.0,42.0,225.0,2.0,201.0,,,140.0,74.0,57.8,160.3,22.5,80.7,1.7117384955794728,0.4333333333333333,,Moderate
83114,69,1,32.0,43.0,186.0,2.0,184.0,96.0,87.6,148.0,74.0,92.3,178.9,28.8,117.7,1.8103056091096297,0.43010752688172044,0.022831050228310504,Moderate
83116,65,2,24.0,14.0,324.0,2.0,176.0,,,208.0,116.0,44.1,159.9,17.2,71.2,1.2868133869857472,0.18518518518518517,,Low
83118,71,2,24.0,21.0,170.0,2.0,158.0,62.0,95.6,126.0,68.0,47.0,150.8,20.7,77.2,2.187313440953712,0.3529411764705882,0.020920502092050212,Moderate
83122,48,2,18.0,19.0,223.0,2.0,218.0,,,116.0,72.0,84.0,166.2,30.4,109.2,0.8888573724850464,0.20179372197309417,,Low
83124,64,1,18.0,15.0,254.0,2.0,162.0,98.0,63.6,116.0,72.0,113.8,176.7,36.4,119.8,1.1710437834201954,0.17716535433070865,0.031446540880503145,Low
83125,45,1,19.0,26.0,228.0,2.0,214.0,,,124.0,82.0,73.1,165.8,26.6,96.5,0.7354355067681901,0.20833333333333334,,Low
83127,38,1,72.0,172.0,190.0,2.0,258.0,,,136.0,80.0,88.0,165.5,32.1,106.8,1.0979897063947537,0.9473684210526316,,Low
83128,35,1,38.0,59.0,141.0,2.0,255.0,,,106.0,62.0,103.3,184.4,30.4,110.0,1.2280230610247924,0.6737588652482269,,Low
83129,74,2,23.0,20.0,195.0,2.0,121.0,,,,,60.4,147.9,27.6,,1.9516859988228932,0.2948717948717948,,Moderate
83130,38,1,33.0,47.0,238.0,2.0,242.0,,,122.0,76.0,88.0,168.4,31.0,112.3,0.7685491568838646,0.34663865546218486,,Low
83131,30,2,29.0,24.0,250.0,2.0,182.0,,,118.0,60.0,52.4,156.6,21.4,73.0,0.7103520254071217,0.29,,Low
83136,31,1,77.0,166.0,182.0,2.0,259.0,,,,,76.4,173.4,25.4,97.5,1.0179512664071517,1.0576923076923077,,Low
83138,54,1,21.0,27.0,214.0,2.0,193.0,114.0,78.6,120.0,82.0,102.3,182.6,30.7,110.0,1.019805615671395,0.24532710280373832,0.025445292620865142,Low
83140,44,2,19.0,19.0,288.0,2.0,149.0,,,116.0,66.0,67.4,144.5,32.3,99.8,0.6659428941520473,0.16493055555555555,,Low
83143,71,1,25.0,23.0,141.0,2.0,120.0,42.0,77.6,130.0,74.0,74.0,167.9,26.3,102.3,2.6249154961085654,0.44326241134751776,0.025773195876288662,Moderate
83144,34,2,72.0,50.0,267.0,2.0,203.0,146.0,56.6,124.0,62.0,102.8,159.4,40.5,121.5,1.2966272661757816,0.6741573033707865,0.0353356890459364,Low
83146,67,1,18.0,14.0,213.0,2.0,203.0,138.0,64.6,116.0,72.0,81.4,168.2,28.8,101.3,1.5132256232224592,0.21126760563380284,0.030959752321981428,Moderate
83147,73,1,19.0,22.0,178.0,2.0,208.0,137.0,70.6,130.0,78.0,115.6,171.2,39.4,135.4,1.6612887280069195,0.26685393258426965,0.028328611898017,Moderate
83148,54,1,31.0,16.0,669.0,2.0,99.0,15.0,83.6,114.0,76.0,64.0,167.2,22.9,86.2,0.625560538116592,0.11584454409566518,0.023923444976076555,Low
83150,43,2,32.0,21.0,276.0,2.0,186.0,,,112.0,66.0,75.0,152.3,32.3,105.8,1.0879268730605998,0.2898550724637681,,Low
83151,23,2,26.0,49.0,243.0,2.0,155.0,,,106.0,76.0,85.8,163.5,32.1,108.4,0.3515579071134627,0.2674897119341564,,Low
83152,27,1,109.0,38.0,212.0,2.0,82.0,51.0,30.6,128.0,62.0,76.2,169.8,26.4,84.7,2.2519700112633685,1.2853773584905661,0.06535947712418301,Moderate
83153,20,1,20.0,9.0,250.0,2.0,132.0,44.0,87.6,122.0,68.0,52.8,168.7,18.6,68.0,0.5333333333333333,0.2,0.022831050228310504,Low
83154,26,1,27.0,25.0,264.0,2.0,151.0,,,118.0,82.0,69.4,168.6,24.4,,0.5318181818181819,0.2556818181818182,,Low
83157,31,1,34.0,42.0,275.0,2.0,166.0,,,106.0,62.0,76.7,161.1,29.6,99.0,0.5914026576728905,0.3090909090909091,,Low
83158,38,1,28.0,36.0,177.0,2.0,248.0,165.0,82.6,112.0,74.0,81.5,187.2,23.3,83.4,1.0018832391713748,0.39548022598870053,0.02421307506053269,Low
83160,80,2,20.0,26.0,203.0,2.0,164.0,,,120.0,52.0,73.2,155.1,30.4,104.4,1.5457429370497264,0.24630541871921183,,Moderate
83162,19,2,23.0,14.0,204.0,2.0,146.0,,,94.0,58.0,63.4,166.4,22.9,81.8,0.5725155035084778,0.2818627450980392,,Low
83165,47,2,20.0,24.0,185.0,2.0,160.0,101.0,58.6,106.0,68.0,56.7,162.3,21.5,86.3,1.0371713325298142,0.2702702702702703,0.034129692832764506,Low
83170,68,2,21.0,20.0,301.0,2.0,154.0,75.0,78.6,138.0,74.0,79.0,156.2,32.4,104.0,1.0608322497905978,0.1744186046511628,0.025445292620865142,Low
83171,52,2,20.0,20.0,228.0,2.0,175.0,,,118.0,60.0,93.3,168.3,32.9,104.9,1.0199608318420093,0.21929824561403508,,Low
83172,23,1,21.0,31.0,226.0,2.0,198.0,130.0,67.6,112.0,60.0,92.9,179.8,28.7,104.8,0.38384672955279775,0.2323008849557522,0.02958579881656805,Low
83174,44,2,20.0,17.0,387.0,2.0,204.0,,,,,60.3,155.3,25.0,88.4,0.5515021964650465,0.12919896640826875,,Low
83177,36,2,27.0,22.0,222.0,2.0,155.0,,,108.0,68.0,72.0,176.3,23.2,80.7,0.9334734067461862,0.30405405405405406,,Low
83179,64,1,23.0,25.0,281.0,2.0,163.0,74.0,88.6,146.0,54.0,110.2,184.8,32.3,120.2,1.0476868327402136,0.2046263345195729,0.022573363431151242,Low
83180,30,1,45.0,76.0,231.0,2.0,205.0,136.0,68.6,,,88.0,178.3,27.7,99.1,0.6703706509204727,0.487012987012987,0.02915451895043732,Low
83181,18,1,26.0,23.0,231.0,2.0,160.0,110.0,49.6,118.0,54.0,75.1,171.5,25.5,91.1,0.4224447869208268,0.2813852813852814,0.04032258064516129,Low
83182,45,2,14.0,10.0,125.0,2.0,137.0,69.0,67.6,122.0,78.0,63.5,167.4,22.7,85.8,1.5937879407248632,0.27999999999999997,0.02958579881656805,Moderate
83183,76,1,26.0,21.0,149.0,2.0,112.0,,,126.0,56.0,100.2,176.2,32.3,120.2,2.893950007424973,0.43624161073825507,,High
83184,59,2,25.0,12.0,248.0,2.0,225.0,94.0,130.6,158.0,82.0,53.5,153.5,22.7,84.2,1.7169186432554395,0.25201612903225806,0.015313935681470138,Moderate
83187,65,1,16.0,13.0,273.0,2.0,216.0,,,118.0,68.0,65.1,177.3,20.7,84.0,1.0565718023337698,0.14652014652014653,,Low
83191,62,2,37.0,31.0,264.0,2.0,246.0,,,120.0,68.0,64.0,152.6,27.5,99.5,1.560661222914476,0.3503787878787879,,Moderate
83192,57,1,19.0,23.0,192.0,2.0,272.0,207.0,64.6,112.0,66.0,97.6,173.3,32.5,117.1,1.1761516167906874,0.24739583333333331,0.030959752321981428,Low
83196,61,2,24.0,23.0,306.0,2.0,273.0,,,128.0,74.0,86.3,157.6,34.7,112.0,0.9975983731358088,0.19607843137254902,,Low
83197,25,2,18.0,13.0,251.0,2.0,165.0,104.0,60.6,106.0,72.0,45.2,153.3,19.2,74.9,0.49724121175568353,0.17928286852589642,0.033003300330033,Low
83201,53,2,19.0,18.0,234.0,2.0,201.0,128.0,72.6,110.0,74.0,67.2,165.4,24.6,90.0,1.014325539394378,0.20299145299145296,0.027548209366391185,Low
83202,73,1,25.0,30.0,157.0,2.0,138.0,,,114.0,78.0,99.7,173.5,33.1,117.2,2.1222795487195927,0.3980891719745223,,Moderate
83203,61,2,30.0,34.0,126.0,2.0,211.0,125.0,85.6,116.0,74.0,71.3,159.9,27.9,99.1,2.4908127842126286,0.5952380952380952,0.023364485981308414,Moderate
83206,36,1,28.0,27.0,258.0,2.0,215.0,,,116.0,76.0,85.8,173.1,28.6,101.1,0.7518980249911406,0.2713178294573643,,Low
83207,60,1,24.0,29.0,268.0,2.0,222.0,,,146.0,74.0,110.6,168.9,38.8,127.1,0.9977659961752041,0.22388059701492538,,Low
83208,30,2,29.0,29.0,268.0,2.0,126.0,,,104.0,74.0,55.2,153.9,23.3,83.5,0.6028169560225192,0.27052238805970147,,Low
83210,63,2,28.0,22.0,199.0,2.0,219.0,,,118.0,74.0,64.7,168.5,22.8,91.8,1.8898797168406873,0.3517587939698492,,Moderate
83212,45,1,19.0,24.0,182.0,2.0,182.0,113.0,68.6,,,80.0,164.3,29.6,99.2,0.958934858095063,0.26098901098901095,0.02915451895043732,Low
83214,42,2,24.0,20.0,389.0,2.0,189.0,,,102.0,66.0,72.8,154.4,30.5,96.7,0.5794232702621563,0.15424164524421594,,Low
83215,42,2,74.0,41.0,276.0,2.0,292.0,,,134.0,82.0,96.0,167.5,34.2,118.5,1.758652362136912,0.6702898550724639,,Moderate
83218,52,1,19.0,21.0,191.0,2.0,148.0,,,118.0,74.0,78.7,176.1,25.4,98.6,1.1287920186029345,0.24869109947643978,,Low
83220,23,1,34.0,28.0,288.0,2.0,197.0,,,,,103.4,180.2,31.8,107.0,0.5131392671757217,0.2951388888888889,,Low
83222,51,2,99.0,59.0,309.0,2.0,178.0,104.0,73.6,132.0,90.0,70.4,159.1,27.8,99.3,2.1272615260264716,0.8009708737864077,0.027173913043478264,Moderate
83233,51,1,66.0,86.0,209.0,2.0,189.0,112.0,76.6,144.0,94.0,64.1,181.1,19.5,76.5,1.7366751894869554,0.7894736842105263,0.026109660574412535,Moderate
83236,52,2,21.0,14.0,246.0,2.0,230.0,,,130.0,86.0,60.7,156.6,24.8,84.3,1.1863791714161278,0.2134146341463415,,Low
83237,52,2,16.0,13.0,276.0,2.0,313.0,,,106.0,78.0,83.5,161.7,31.9,109.6,0.836069860977157,0.14492753623188406,,Low
83238,79,2,19.0,15.0,206.0,2.0,194.0,,,160.0,64.0,53.0,147.8,24.3,86.0,1.8813423956819848,0.23058252427184464,,Moderate
83239,80,1,22.0,18.0,138.0,2.0,146.0,,,146.0,84.0,75.8,167.8,26.9,95.6,3.0060578137399125,0.3985507246376812,,High
83241,51,1,25.0,29.0,308.0,2.0,192.0,126.0,65.6,116.0,68.0,107.8,181.6,32.7,115.5,0.7687063512199388,0.2029220779220779,0.030487804878048783,Low
83244,80,1,16.0,13.0,173.0,2.0,138.0,78.0,59.6,124.0,68.0,61.1,171.0,20.9,,2.0520700900817728,0.23121387283236997,0.03355704697986577,Moderate
83248,35,2,20.0,27.0,312.0,2.0,177.0,,,104.0,76.0,72.6,157.1,29.4,94.1,0.431779047470874,0.16025641025641024,,Low
83249,28,2,31.0,37.0,217.0,2.0,169.0,,,120.0,86.0,85.1,156.6,34.7,99.2,0.6575959492214293,0.35714285714285715,,Low
83250,66,1,29.0,29.0,155.0,2.0,188.0,,,130.0,82.0,91.0,180.2,28.0,99.4,2.2930379178766276,0.4677419354838709,,Moderate
83251,23,2,20.0,20.0,295.0,2.0,172.0,110.0,61.6,88.0,58.0,52.0,175.4,16.9,79.0,0.3486750066609841,0.1694915254237288,0.032467532467532464,Low
83252,41,2,19.0,10.0,406.0,2.0,177.0,115.0,61.6,106.0,66.0,80.7,167.5,28.8,94.3,0.6067522899682678,0.11699507389162563,0.032467532467532464,Low
83253,55,2,16.0,12.0,320.0,2.0,178.0,105.0,72.6,100.0,58.0,67.8,168.5,23.9,89.3,0.7938566201357355,0.125,0.027548209366391185,Low
83255,80,2,26.0,15.0,264.0,2.0,185.0,88.0,96.6,114.0,58.0,52.1,156.4,21.3,79.1,2.034294282856421,0.24621212121212124,0.020703933747412008,Moderate
83256,19,2,26.0,15.0,262.0,2.0,155.0,92.0,62.6,94.0,64.0,45.2,163.8,16.8,68.8,0.4868330211263267,0.2480916030534351,0.03194888178913738,Low
83258,33,2,22.0,21.0,250.0,2.0,237.0,,,116.0,70.0,69.0,164.8,25.4,84.2,0.6337047532453219,0.22,,Low
83260,24,2,21.0,16.0,200.0,2.0,131.0,73.0,57.6,100.0,72.0,58.1,164.8,21.4,82.9,0.63,0.2625,0.034722222222222224,Low
83261,63,2,22.0,21.0,267.0,2.0,182.0,,,,,48.3,146.4,22.5,72.5,1.1327715201014437,0.20599250936329588,,Low
83262,80,1,17.0,14.0,198.0,2.0,155.0,,,138.0,68.0,85.9,184.8,25.2,106.1,1.8357337828328142,0.21464646464646464,,Moderate
83263,41,1,33.0,44.0,291.0,2.0,210.0,,,120.0,74.0,61.6,166.9,22.1,91.7,0.7009361670338732,0.28350515463917525,,Low
83268,25,1,19.0,18.0,165.0,2.0,187.0,,,112.0,72.0,86.9,178.3,27.3,92.4,0.6785368102295153,0.28787878787878785,,Low
83270,18,1,25.0,22.0,242.0,2.0,126.0,,,112.0,76.0,71.9,170.9,24.6,80.4,0.3964476130579533,0.2582644628099174,,Low
83271,21,1,27.0,15.0,266.0,2.0,118.0,55.0,62.6,116.0,62.0,76.6,175.5,24.9,89.2,0.5503713176189488,0.25375939849624063,0.03194888178913738,Low
83272,65,2,27.0,20.0,220.0,2.0,209.0,,,210.0,102.0,62.8,152.5,27.0,100.2,1.7837724093236957,0.3068181818181818,,Moderate
83276,35,1,18.0,13.0,174.0,2.0,126.0,76.0,49.6,112.0,56.0,80.2,182.2,24.2,85.2,1.0041986310973976,0.25862068965517243,0.04032258064516129,Low
83277,51,1,20.0,16.0,315.0,2.0,177.0,104.0,72.6,126.0,88.0,74.9,181.8,22.7,91.6,0.8095238095238095,0.15873015873015872,0.027548209366391185,Low
83278,38,2,18.0,14.0,227.0,2.0,164.0,,,108.0,66.0,61.3,160.8,23.7,80.6,0.8053158126347941,0.19823788546255508,,Low
83280,39,1,30.0,32.0,234.0,2.0,154.0,,,130.0,80.0,120.1,180.0,37.1,118.5,0.8838834764831844,0.3205128205128205,,Low
83282,71,2,24.0,23.0,203.0,2.0,160.0,80.0,79.6,124.0,46.0,64.6,152.4,27.8,98.0,1.7502884805579084,0.29556650246305416,0.02512562814070352,Moderate
83284,52,2,20.0,19.0,283.0,2.0,183.0,80.0,102.6,92.0,70.0,49.4,164.1,18.3,75.6,0.8430825555667287,0.17667844522968199,0.019493177387914232,Low
83285,29,1,20.0,21.0,192.0,2.0,186.0,,,116.0,62.0,74.1,174.0,24.5,92.1,0.6591998767545603,0.26041666666666663,,Low
83286,24,2,20.0,15.0,226.0,2.0,167.0,,,104.0,76.0,55.6,160.8,21.5,73.8,0.5483870224718467,0.22123893805309736,,Low
83287,63,2,22.0,14.0,473.0,2.0,181.0,,,130.0,76.0,68.3,165.7,24.9,93.5,0.7831375925805923,0.11627906976744189,,Low
83291,38,1,21.0,24.0,375.0,2.0,223.0,,,,,90.8,173.8,30.1,100.8,0.4343761810535503,0.13999999999999999,,Low
83292,64,2,23.0,13.0,249.0,2.0,185.0,,,116.0,76.0,82.4,161.2,31.7,106.0,1.6395957607299947,0.23092369477911648,,Moderate
83294,80,1,21.0,13.0,216.0,2.0,213.0,139.0,73.6,124.0,68.0,62.5,160.6,24.2,93.8,2.15716742976478,0.24305555555555555,0.027173913043478264,Moderate
83296,25,2,21.0,21.0,266.0,2.0,155.0,93.0,61.6,110.0,66.0,55.0,160.4,21.4,76.1,0.4306932044131429,0.19736842105263158,0.032467532467532464,Low
83297,75,2,25.0,18.0,200.0,2.0,199.0,120.0,78.6,116.0,50.0,84.3,175.8,27.3,94.2,2.209708691207961,0.3125,0.025445292620865142,Moderate
83299,66,1,24.0,35.0,156.0,2.0,180.0,,,106.0,78.0,89.1,181.0,27.2,97.3,1.716313255756372,0.3846153846153846,,Moderate
83300,80,2,28.0,27.0,307.0,2.0,221.0,122.0,98.6,126.0,82.0,92.3,155.3,38.3,124.3,1.4041960944459955,0.2280130293159609,0.02028397565922921,Moderate
83301,30,2,26.0,44.0,290.0,2.0,185.0,,,116.0,78.0,104.1,157.4,42.0,113.5,0.4054807737425097,0.22413793103448273,,Low
83305,53,2,21.0,23.0,264.0,2.0,205.0,,,120.0,90.0,134.7,158.5,53.6,151.4,0.8790778138088039,0.19886363636363638,,Low
83309,42,2,14.0,12.0,197.0,2.0,143.0,86.0,56.6,108.0,66.0,59.9,161.4,23.0,80.7,0.8616293357449237,0.17766497461928932,0.0353356890459364,Low
83311,63,1,13.0,14.0,153.0,2.0,137.0,,,112.0,72.0,86.8,176.1,28.0,108.5,1.4306337067076833,0.2124183006535948,,Moderate
83313,24,2,28.0,21.0,254.0,2.0,149.0,,,100.0,56.0,76.9,162.9,29.0,96.7,0.5773323710180586,0.2755905511811024,,Low
83314,54,1,23.0,31.0,187.0,2.0,268.0,,,126.0,82.0,127.9,179.5,39.7,120.5,1.1928865514291682,0.3074866310160428,,Low
83316,31,2,14.0,13.0,349.0,2.0,114.0,64.0,49.6,106.0,62.0,94.9,165.0,34.9,112.0,0.3448995489423345,0.10028653295128939,0.04032258064516129,Low
83320,63,1,64.0,53.0,178.0,2.0,252.0,,,142.0,68.0,88.2,168.2,31.2,107.3,3.1114482800062593,0.8988764044943821,,High
83321,80,2,26.0,27.0,192.0,2.0,161.0,63.0,97.6,158.0,68.0,75.5,164.6,27.9,104.3,2.0848759720736485,0.3385416666666667,0.020491803278688527,Moderate
83323,68,1,27.0,35.0,254.0,2.0,283.0,192.0,90.6,,,92.5,174.0,30.6,103.2,1.2218135525051625,0.26574803149606296,0.02207505518763797,Low
83326,65,2,21.0,15.0,284.0,2.0,242.0,171.0,70.6,138.0,76.0,60.9,154.0,25.7,87.9,1.240991142622799,0.18485915492957747,0.028328611898017,Low
83328,48,2,17.0,16.0,281.0,2.0,250.0,,,106.0,60.0,76.6,149.1,34.5,97.3,0.7259786476868327,0.15124555160142347,,Low
83329,21,2,21.0,22.0,261.0,2.0,170.0,,,106.0,52.0,46.2,152.4,19.9,76.4,0.36023569315258314,0.20114942528735633,,Low
83331,18,1,14.0,9.0,262.0,2.0,141.0,,,132.0,56.0,59.5,165.0,21.9,74.6,0.32061068702290074,0.13358778625954199,,Low
83333,47,1,17.0,12.0,174.0,2.0,162.0,100.0,61.6,122.0,64.0,82.6,180.0,25.5,93.8,1.3255829456393993,0.2442528735632184,0.032467532467532464,Moderate
83334,27,1,24.0,36.0,219.0,2.0,223.0,160.0,62.6,128.0,64.0,79.8,176.4,25.6,91.8,0.4931506849315068,0.273972602739726,0.03194888178913738,Low
83336,32,2,18.0,15.0,206.0,2.0,186.0,,,136.0,78.0,71.2,160.0,27.8,103.0,0.7219541771571107,0.2184466019417476,,Low
83345,54,1,22.0,30.0,146.0,2.0,183.0,,,138.0,90.0,115.4,184.2,34.0,120.8,1.4856036491236013,0.3767123287671233,,Moderate
83347,80,2,27.0,15.0,122.0,2.0,147.0,,,118.0,62.0,69.3,166.9,24.9,,4.5713901791300655,0.5532786885245902,,High
83349,18,2,20.0,14.0,247.0,2.0,154.0,,,108.0,66.0,57.5,168.3,20.3,70.5,0.38953055501405986,0.20242914979757085,,Low
83351,63,1,21.0,21.0,175.0,2.0,142.0,,,134.0,80.0,113.1,178.3,35.6,118.5,1.6497272501841025,0.3,,Moderate
83352,20,1,36.0,30.0,193.0,2.0,182.0,,,138.0,78.0,95.6,184.4,28.1,93.9,0.6811057709908801,0.4663212435233161,,Low
83354,48,2,14.0,9.0,302.0,2.0,151.0,,,,,88.7,168.4,31.3,103.8,0.7417218543046358,0.11589403973509933,,Low
83356,21,2,12.0,10.0,301.0,2.0,205.0,,,112.0,72.0,62.4,155.1,25.9,88.0,0.26474882736293404,0.09966777408637872,,Low
83358,37,1,26.0,30.0,263.0,2.0,196.0,118.0,77.6,120.0,88.0,113.1,175.0,36.9,119.8,0.6678188850696702,0.24714828897338406,0.025773195876288662,Low
83359,60,2,19.0,17.0,232.0,2.0,157.0,,,138.0,48.0,96.6,153.4,41.1,122.5,1.1917698816440498,0.2047413793103448,,Low
83360,25,1,23.0,25.0,209.0,2.0,135.0,64.0,70.6,106.0,74.0,63.1,169.9,21.9,76.8,0.5502392344497608,0.2751196172248804,0.028328611898017,Low
83362,31,2,17.0,16.0,211.0,2.0,153.0,91.0,61.6,106.0,74.0,57.5,167.2,20.6,82.0,0.6244075829383886,0.2014218009478673,0.032467532467532464,Low
83363,28,1,23.0,29.0,260.0,2.0,214.0,,,108.0,72.0,89.5,180.3,27.5,98.7,0.4599530684077746,0.22115384615384615,,Low
83364,46,1,32.0,58.0,147.0,2.0,189.0,128.0,60.6,138.0,82.0,100.6,172.8,33.7,119.0,1.3148508106769496,0.54421768707483,0.033003300330033,Moderate
83368,43,2,17.0,15.0,354.0,2.0,215.0,,,102.0,72.0,52.6,160.9,20.3,78.6,0.53317341357394,0.12005649717514123,,Low
83369,63,2,20.0,14.0,222.0,2.0,279.0,,,120.0,64.0,64.7,163.0,24.4,85.3,1.5168881297732195,0.22522522522522523,,Moderate
83372,25,2,16.0,20.0,259.0,2.0,129.0,78.0,50.6,96.0,48.0,63.1,157.3,25.5,91.1,0.34533868378375127,0.15444015444015444,0.039525691699604744,Low
83374,61,1,20.0,28.0,215.0,2.0,109.0,,,124.0,62.0,99.5,169.6,34.6,109.4,1.0723643187703655,0.23255813953488372,,Low
83376,43,2,20.0,13.0,330.0,2.0,169.0,98.0,70.6,110.0,68.0,130.8,161.7,50.0,140.8,0.7227911647783288,0.15151515151515152,0.028328611898017,Low
83379,48,2,18.0,11.0,254.0,2.0,174.0,,,114.0,72.0,71.3,173.6,23.7,95.5,1.0256133925794793,0.17716535433070865,,Low
83380,46,2,25.0,14.0,200.0,2.0,153.0,,,120.0,70.0,69.9,170.4,24.1,82.0,1.5367521409964402,0.3125,,Moderate
83381,59,1,20.0,17.0,243.0,2.0,143.0,,,128.0,58.0,119.8,180.9,36.6,129.6,1.1777450104644975,0.205761316872428,,Low
83382,44,1,31.0,30.0,231.0,2.0,215.0,137.0,77.6,108.0,70.0,82.1,174.2,27.1,96.0,1.0780570973117556,0.3354978354978355,0.025773195876288662,Low
83385,50,2,38.0,25.0,191.0,2.0,143.0,,,126.0,76.0,61.1,174.2,20.1,88.5,1.9895287958115184,0.49738219895287955,,Moderate
83388,50,1,21.0,23.0,298.0,2.0,192.0,,,116.0,68.0,89.2,177.9,28.2,97.4,0.7346984387917064,0.1761744966442953,,Low
83389,30,1,24.0,27.0,254.0,2.0,215.0,,,116.0,80.0,110.3,175.8,35.7,113.4,0.5455278134075204,0.23622047244094488,,Low
83390,71,1,40.0,52.0,236.0,2.0,212.0,,,126.0,72.0,90.3,168.3,31.9,109.0,1.6688014377962401,0.423728813559322,,Moderate
83391,56,2,44.0,44.0,174.0,2.0,205.0,,,126.0,72.0,83.6,149.0,37.7,108.5,2.1348389455161194,0.6321839080459771,,Moderate
83392,35,1,25.0,36.0,172.0,2.0,293.0,,,120.0,88.0,102.6,182.1,30.9,103.8,0.8478682170542635,0.3633720930232558,,Low
83393,23,2,27.0,33.0,157.0,2.0,152.0,73.0,78.6,,,74.5,170.1,25.7,95.2,0.6885491996719004,0.4299363057324841,0.025445292620865142,Low
83395,75,2,25.0,29.0,264.0,2.0,224.0,143.0,80.6,158.0,72.0,88.7,160.3,34.5,110.3,1.3188589359165614,0.23674242424242425,0.02481389578163772,Moderate
83396,21,1,26.0,37.0,247.0,2.0,181.0,118.0,62.6,98.0,60.0,48.8,170.9,16.7,65.8,0.3634082877276319,0.2631578947368421,0.03194888178913738,Low
83398,56,2,24.0,20.0,245.0,2.0,214.0,139.0,74.6,124.0,62.0,63.1,159.4,24.8,85.6,1.2266430047998844,0.24489795918367346,0.02680965147453083,Low
83399,23,1,25.0,22.0,156.0,2.0,145.0,,,128.0,70.0,62.4,179.5,19.4,75.4,0.7858359737466409,0.4006410256410256,,Low
83403,80,2,19.0,19.0,245.0,2.0,240.0,167.0,72.6,136.0,56.0,72.1,154.9,30.0,105.9,1.423313940747975,0.19387755102040816,0.027548209366391185,Moderate
83406,80,2,28.0,18.0,260.0,2.0,185.0,,,112.0,46.0,63.5,164.8,23.4,99.4,2.030665628022906,0.2692307692307692,,Moderate
83408,36,1,14.0,11.0,175.0,2.0,146.0,80.0,65.6,108.0,60.0,76.4,184.1,22.5,86.4,0.8683526723839592,0.2,0.030487804878048783,Low
83409,43,2,28.0,31.0,283.0,2.0,183.0,116.0,66.6,128.0,66.0,71.0,153.6,30.1,96.4,0.7641158432517208,0.24734982332155478,0.030030030030030033,Low
83411,41,2,15.0,15.0,321.0,2.0,132.0,,,126.0,86.0,51.6,152.5,22.2,76.0,0.4946801158707292,0.11682242990654204,,Low
83414,47,1,26.0,36.0,308.0,2.0,202.0,,,128.0,78.0,103.0,167.2,36.8,121.4,0.6612554112554112,0.21103896103896105,,Low
83415,26,2,24.0,15.0,190.0,2.0,189.0,89.0,99.6,102.0,74.0,49.2,157.3,19.9,73.5,0.8479795115906765,0.3157894736842105,0.020080321285140562,Low
83417,33,1,18.0,27.0,201.0,2.0,162.0,,,128.0,74.0,80.1,170.9,27.4,102.0,0.5687331009927656,0.22388059701492538,,Low
83420,80,2,73.0,39.0,75.0,2.0,169.0,,,166.0,60.0,65.1,158.9,25.8,100.5,12.46864557628945,2.433333333333333,,High
83423,66,1,24.0,34.0,162.0,2.0,225.0,,,106.0,72.0,75.4,170.7,25.9,97.4,1.676875054726753,0.37037037037037035,,Moderate
83424,57,2,17.0,30.0,196.0,2.0,249.0,169.0,79.6,118.0,88.0,86.0,176.6,27.6,102.7,0.9026244187457585,0.21683673469387754,0.02512562814070352,Low
83426,56,2,27.0,30.0,193.0,2.0,275.0,154.0,120.6,150.0,78.0,92.0,158.7,36.5,126.6,1.4303221190808482,0.34974093264248707,0.01658374792703151,Moderate
83427,27,2,16.0,14.0,275.0,2.0,153.0,93.0,59.6,96.0,62.0,78.4,164.9,28.8,100.1,0.4198431145678812,0.14545454545454548,0.03355704697986577,Low
83428,63,2,17.0,18.0,239.0,2.0,221.0,116.0,104.6,150.0,86.0,65.3,161.2,25.1,87.8,1.0562222631112865,0.17782426778242677,0.019120458891013385,Low
83429,61,2,23.0,22.0,244.0,2.0,201.0,124.0,76.6,,,94.3,163.6,35.2,112.7,1.22590411904476,0.23565573770491802,0.026109660574412535,Low
83430,23,2,25.0,21.0,246.0,2.0,175.0,,,118.0,72.0,63.8,160.9,24.6,81.5,0.5100621418117708,0.25406504065040647,,Low
83431,64,2,22.0,20.0,220.0,2.0,208.0,142.0,65.6,126.0,66.0,57.0,155.0,23.7,92.0,1.4310835055998652,0.25,0.030487804878048783,Moderate
83432,62,1,20.0,19.0,128.0,2.0,216.0,,,140.0,80.0,101.1,176.0,32.6,122.7,2.222464921871067,0.390625,,Moderate
83433,29,2,24.0,22.0,229.0,2.0,167.0,92.0,74.6,102.0,52.0,50.9,149.5,22.8,80.3,0.6479812165218554,0.26200873362445415,0.02680965147453083,Low
83436,76,1,17.0,15.0,168.0,2.0,179.0,103.0,75.6,172.0,66.0,61.0,159.1,24.1,92.1,1.9856724140079296,0.25297619047619047,0.026455026455026457,Moderate
83437,49,2,20.0,17.0,241.0,2.0,169.0,91.0,77.6,170.0,52.0,109.0,167.5,38.9,107.8,0.9862444503552129,0.2074688796680498,0.025773195876288662,Low
83438,57,1,19.0,19.0,162.0,2.0,227.0,153.0,73.6,124.0,66.0,78.7,166.8,28.3,88.5,1.5336866653198664,0.29320987654320985,0.027173913043478264,Moderate
83439,30,1,17.0,24.0,242.0,2.0,244.0,,,116.0,84.0,76.5,176.2,24.6,92.6,0.43017898375324415,0.1756198347107438,,Low
83441,62,1,33.0,16.0,208.0,2.0,203.0,117.0,85.6,116.0,78.0,65.3,171.1,22.3,85.7,2.4591346153846154,0.39663461538461536,0.023364485981308414,Moderate
83445,80,2,31.0,27.0,271.0,2.0,121.0,,,124.0,72.0,63.0,156.0,25.9,90.4,1.7611668728047625,0.2859778597785978,,Moderate
83446,68,1,17.0,19.0,196.0,2.0,177.0,,,148.0,0.0,83.3,163.5,31.2,,1.3530846344610683,0.21683673469387754,,Moderate
83447,32,1,30.0,58.0,248.0,2.0,214.0,130.0,83.6,126.0,78.0,110.2,169.8,38.2,122.8,0.5082829659086034,0.3024193548387097,0.023923444976076555,Low
83448,43,2,28.0,58.0,374.0,2.0,160.0,82.0,77.6,124.0,72.0,77.5,153.8,32.8,104.5,0.42270840952702127,0.18716577540106952,0.025773195876288662,Low
83450,68,1,18.0,19.0,169.0,2.0,189.0,100.0,88.6,154.0,90.0,79.7,164.6,29.4,101.6,1.6615672086246602,0.2662721893491124,0.022573363431151242,Moderate
83452,48,1,21.0,23.0,216.0,2.0,163.0,89.0,73.6,176.0,88.0,89.9,169.5,31.3,113.5,0.9730672655996823,0.24305555555555555,0.027173913043478264,Low
83453,19,2,27.0,23.0,238.0,2.0,193.0,93.0,99.6,102.0,54.0,55.4,162.4,21.0,75.6,0.44944493450117384,0.2836134453781513,0.020080321285140562,Low
83455,44,2,18.0,20.0,196.0,2.0,204.0,108.0,95.6,94.0,66.0,62.8,170.4,21.6,88.3,0.9035539990713436,0.2295918367346939,0.020920502092050212,Low
83461,42,2,39.0,35.0,249.0,2.0,243.0,,,134.0,78.0,66.2,168.2,23.4,89.5,1.1119378869440242,0.391566265060241,,Low
83464,75,2,13.0,8.0,278.0,2.0,145.0,93.0,51.6,106.0,54.0,68.8,155.0,28.6,95.8,1.2399804166490715,0.1169064748201439,0.03875968992248062,Low
83465,24,1,23.0,18.0,262.0,2.0,153.0,70.0,82.6,128.0,50.0,75.6,173.6,25.1,86.0,0.4965940753371174,0.2194656488549618,0.02421307506053269,Low
83466,32,2,17.0,11.0,258.0,2.0,263.0,,,,,86.2,163.6,32.2,,0.6357448505825714,0.16472868217054262,,Low
83467,20,1,25.0,24.0,231.0,2.0,135.0,,,100.0,68.0,79.3,178.2,25.0,85.2,0.4418271541816699,0.27056277056277056,,Low
83472,63,2,18.0,14.0,236.0,2.0,278.0,170.0,107.6,128.0,72.0,69.5,166.3,25.1,94.2,1.2842129166469884,0.19067796610169493,0.01858736059479554,Low
83476,22,1,54.0,50.0,260.0,2.0,160.0,76.0,83.6,134.0,46.0,65.0,168.2,23.0,83.6,0.6461868123458603,0.5192307692307693,0.023923444976076555,Low
83477,20,1,24.0,17.0,222.0,2.0,162.0,85.0,76.6,128.0,68.0,86.7,185.2,25.3,88.0,0.5244013514299092,0.27027027027027023,0.026109660574412535,Low
83478,33,1,26.0,28.0,178.0,2.0,258.0,,,108.0,58.0,87.0,180.6,26.7,96.5,0.9109368478705533,0.3651685393258427,,Low
83480,24,2,17.0,13.0,203.0,2.0,205.0,,,,,61.3,166.8,22.0,75.1,0.5574327095071268,0.20935960591133002,,Low
83481,80,1,24.0,26.0,138.0,2.0,172.0,,,130.0,66.0,106.0,179.4,32.9,,2.728572314966039,0.43478260869565216,,High
83483,54,2,23.0,24.0,326.0,2.0,275.0,,,126.0,72.0,106.9,172.13,36.1,109.4,0.7776754244725734,0.1763803680981595,,Low
83484,67,2,18.0,13.0,271.0,2.0,177.0,,,114.0,82.0,83.6,159.4,32.9,99.9,1.2342591082059526,0.16605166051660517,,Low
83485,18,1,21.0,15.0,384.0,2.0,137.0,67.0,69.6,120.0,62.0,56.7,169.5,19.7,68.5,0.25416453209486173,0.13671875,0.02873563218390805,Low
83486,25,2,24.0,14.0,236.0,2.0,189.0,,,,,54.1,159.6,21.2,85.7,0.6794777336756552,0.2542372881355932,,Low
83487,33,1,21.0,22.0,170.0,2.0,201.0,145.0,55.6,108.0,74.0,90.7,183.3,27.0,104.0,0.8691064496143412,0.3088235294117647,0.03597122302158273,Low
83491,39,2,21.0,18.0,367.0,2.0,213.0,141.0,71.6,122.0,68.0,123.5,175.7,40.0,128.0,0.5259949625720095,0.14305177111716622,0.02793296089385475,Low
83492,22,1,33.0,35.0,260.0,2.0,140.0,,,98.0,72.0,81.1,182.5,24.3,93.5,0.4719861453330023,0.3173076923076923,,Low
83494,19,2,23.0,14.0,248.0,2.0,267.0,175.0,91.6,120.0,74.0,84.2,167.5,30.0,103.9,0.47094017224084456,0.2318548387096774,0.02183406113537118,Low
83496,18,2,14.0,18.0,255.0,2.0,179.0,108.0,70.6,108.0,46.0,60.5,159.4,23.8,83.7,0.23292929262615686,0.1372549019607843,0.028328611898017,Low
83497,29,2,18.0,17.0,278.0,2.0,179.0,104.0,74.6,100.0,70.0,54.3,153.0,23.2,80.0,0.4554086196725389,0.1618705035971223,0.02680965147453083,Low
83503,24,1,33.0,37.0,274.0,2.0,192.0,,,116.0,76.0,94.4,168.5,33.2,,0.47519707279504736,0.3010948905109489,,Low
83505,70,2,22.0,24.0,252.0,2.0,192.0,90.0,101.6,144.0,82.0,57.3,158.0,23.0,84.1,1.247425331972915,0.21825396825396826,0.01968503937007874,Low
83506,46,1,23.0,27.0,289.0,2.0,142.0,,,,,98.4,168.6,34.6,105.9,0.7045404669003738,0.19896193771626294,,Low
83507,50,1,14.0,14.0,279.0,2.0,218.0,135.0,82.6,126.0,74.0,86.4,177.4,27.5,103.6,0.6705479187766921,0.12544802867383512,0.02421307506053269,Low
83510,54,1,19.0,16.0,180.0,2.0,166.0,,,130.0,80.0,107.7,181.3,32.8,113.9,1.425,0.2638888888888889,,Moderate
83514,53,2,26.0,24.0,239.0,2.0,205.0,,,130.0,78.0,60.1,151.3,26.3,84.0,1.176916619789128,0.27196652719665276,,Low
83516,66,2,27.0,23.0,220.0,2.0,206.0,93.0,112.6,144.0,70.0,51.8,147.1,23.9,83.4,1.6889667538623057,0.3068181818181818,0.017761989342806397,Moderate
83518,33,2,21.0,17.0,244.0,2.0,160.0,,,120.0,46.0,79.0,161.7,30.2,94.3,0.6888409350417162,0.21516393442622953,,Low
83519,19,1,42.0,55.0,220.0,2.0,144.0,,,136.0,80.0,127.3,176.4,40.9,132.3,0.4891013547687883,0.4772727272727273,,Low
83520,49,2,22.0,15.0,288.0,2.0,185.0,,,110.0,70.0,53.3,154.3,22.4,78.0,0.9664527887063877,0.19097222222222224,,Low
83522,35,2,17.0,17.0,300.0,2.0,238.0,,,146.0,104.0,51.7,146.5,24.1,83.3,0.48102898965539376,0.14166666666666666,,Low
83524,55,2,28.0,25.0,265.0,2.0,266.0,161.0,104.6,146.0,76.0,49.0,157.0,19.9,76.3,1.1622641509433962,0.2641509433962264,0.019120458891013385,Low
83525,33,1,33.0,49.0,313.0,2.0,206.0,,,,,109.2,174.8,35.7,129.0,0.4970333181195801,0.26357827476038337,,Low
83526,58,1,29.0,43.0,139.0,2.0,206.0,,,140.0,80.0,93.5,157.3,37.8,117.0,1.8453424122261948,0.5215827338129496,,Moderate
83527,18,1,30.0,51.0,351.0,2.0,184.0,114.0,69.6,116.0,66.0,74.2,169.5,25.8,87.7,0.2154277052350784,0.2136752136752137,0.02873563218390805,Low
83528,69,1,26.0,28.0,116.0,2.0,146.0,,,110.0,68.0,86.9,187.5,24.7,98.5,2.922708036976524,0.5603448275862069,,High
83529,59,2,34.0,43.0,194.0,2.0,199.0,,,144.0,86.0,53.1,158.5,21.1,,1.5768666602433246,0.4381443298969072,,Moderate
83533,63,1,22.0,32.0,268.0,2.0,218.0,125.0,92.6,124.0,70.0,89.1,177.0,28.4,103.4,0.9142257450788757,0.20522388059701496,0.021598272138228944,Low
83535,69,1,22.0,23.0,283.0,2.0,196.0,,,144.0,92.0,83.5,162.3,31.7,105.7,1.118462475401553,0.1943462897526502,,Low
83536,20,2,21.0,18.0,266.0,2.0,143.0,,,102.0,62.0,111.1,168.9,38.9,101.1,0.3721614637823935,0.19736842105263158,,Low
83539,73,2,20.0,13.0,195.0,2.0,185.0,,,,,43.9,144.9,20.9,78.7,2.076569965355986,0.2564102564102564,,Moderate
83540,30,1,22.0,23.0,168.0,2.0,209.0,,,100.0,70.0,74.0,166.0,26.9,97.8,0.8191637695099366,0.3273809523809524,,Low
83541,44,1,27.0,32.0,176.0,2.0,155.0,94.0,60.6,112.0,72.0,72.1,163.1,27.1,91.5,1.1932426932522988,0.3835227272727273,0.033003300330033,Low
83542,71,2,19.0,28.0,229.0,2.0,168.0,94.0,73.6,142.0,84.0,90.9,160.9,35.1,110.3,1.113262170500977,0.20742358078602618,0.027173913043478264,Low
83543,71,1,20.0,20.0,186.0,2.0,159.0,85.0,73.6,130.0,70.0,69.8,175.2,22.7,94.4,1.707105660241775,0.2688172043010753,0.027173913043478264,Moderate
83544,68,1,21.0,26.0,181.0,2.0,137.0,77.0,59.6,134.0,48.0,85.5,170.0,29.6,105.0,1.5472587899299823,0.29005524861878457,0.03355704697986577,Moderate
83546,59,1,23.0,26.0,174.0,2.0,227.0,,,136.0,90.0,90.7,185.5,26.4,104.1,1.529480433232849,0.33045977011494254,,Moderate
83552,60,1,21.0,20.0,220.0,2.0,247.0,,,136.0,74.0,84.5,174.1,27.9,98.2,1.280657114386243,0.23863636363636365,,Low
83553,71,1,29.0,23.0,201.0,2.0,148.0,67.0,80.6,,,107.6,172.6,36.1,130.7,2.135976012654313,0.3606965174129353,0.02481389578163772,Moderate
83554,49,1,16.0,16.0,217.0,2.0,142.0,91.0,50.6,100.0,60.0,89.3,169.0,31.3,103.7,0.9032258064516129,0.18433179723502305,0.039525691699604744,Low
83557,61,1,21.0,22.0,138.0,2.0,137.0,71.0,65.6,124.0,88.0,91.2,185.6,26.5,98.8,1.979058823561862,0.3804347826086957,0.030487804878048783,Moderate
83562,21,2,32.0,24.0,265.0,2.0,173.0,99.0,73.6,100.0,50.0,54.4,160.7,21.1,71.2,0.5176280211164452,0.30188679245283023,0.027173913043478264,Low
83563,59,2,38.0,52.0,220.0,2.0,213.0,115.0,97.6,130.0,92.0,86.6,169.7,30.1,110.0,1.413224818110186,0.4318181818181818,0.020491803278688527,Moderate
83565,34,1,29.0,34.0,274.0,2.0,220.0,,,110.0,72.0,119.0,184.6,34.9,117.8,0.6171445436150136,0.2645985401459854,,Low
83567,68,1,18.0,14.0,265.0,2.0,175.0,,,128.0,76.0,67.8,169.6,23.6,93.6,1.234444377738896,0.16981132075471697,,Low
83568,32,2,19.0,19.0,250.0,2.0,170.0,107.0,62.6,114.0,78.0,67.2,158.2,26.9,88.8,0.5579390647732062,0.19,0.03194888178913738,Low
83569,53,1,21.0,22.0,156.0,2.0,237.0,,,136.0,72.0,76.6,166.5,27.6,93.3,1.5211051109217588,0.33653846153846156,,Moderate
83574,19,1,21.0,18.0,119.0,2.0,146.0,,,116.0,62.0,50.6,167.1,18.1,72.1,0.790295814267318,0.4411764705882353,,Low
83575,20,1,29.0,38.0,243.0,2.0,168.0,90.0,77.6,130.0,68.0,72.1,178.7,22.6,79.4,0.38719516154667605,0.29835390946502055,0.025773195876288662,Low
83576,65,2,21.0,24.0,394.0,2.0,139.0,60.0,78.6,124.0,68.0,106.6,155.6,44.0,126.6,0.7071813660953973,0.13324873096446702,0.025445292620865142,Low
83580,28,1,25.0,20.0,207.0,2.0,164.0,101.0,62.6,108.0,68.0,104.2,186.9,29.8,99.9,0.7561582532607983,0.30193236714975846,0.03194888178913738,Low
83581,41,2,21.0,18.0,263.0,2.0,154.0,49.0,104.6,102.0,64.0,66.3,164.2,24.6,82.5,0.7716336357434949,0.19961977186311788,0.019120458891013385,Low
83583,20,1,19.0,33.0,257.0,2.0,161.0,,,118.0,0.0,116.5,176.5,37.4,129.9,0.25739108662710186,0.1848249027237354,,Low
83584,56,2,20.0,19.0,191.0,2.0,172.0,,,114.0,74.0,87.6,163.2,32.9,105.4,1.345265036309053,0.2617801047120419,,Moderate
83585,43,1,49.0,40.0,210.0,2.0,198.0,103.0,94.6,124.0,76.0,114.8,175.5,37.3,127.2,1.5864092928511369,0.5833333333333334,0.021141649048625793,Moderate
83586,50,1,18.0,21.0,183.0,2.0,176.0,120.0,55.6,120.0,86.0,70.6,179.6,21.9,90.4,1.0732027388655363,0.24590163934426232,0.03597122302158273,Low
83589,59,1,21.0,22.0,252.0,2.0,209.0,142.0,66.6,110.0,64.0,85.3,179.0,26.6,101.2,1.0482368554150847,0.20833333333333334,0.030030030030030033,Low
83590,77,1,26.0,19.0,222.0,2.0,296.0,,,150.0,78.0,99.8,166.6,36.0,114.8,2.0688752216615525,0.2927927927927928,,Moderate
83592,58,1,24.0,29.0,197.0,2.0,192.0,,,126.0,82.0,92.1,178.2,29.0,112.4,1.312121374327189,0.3045685279187817,,Moderate
83595,63,1,29.0,23.0,166.0,2.0,136.0,,,132.0,82.0,99.6,171.4,33.9,120.1,2.294914665555877,0.43674698795180716,,Moderate
83597,42,2,28.0,28.0,288.0,2.0,235.0,167.0,67.6,110.0,80.0,70.0,154.4,29.4,104.0,0.7716774657271722,0.24305555555555555,0.02958579881656805,Low
83600,80,2,18.0,11.0,132.0,2.0,207.0,,,188.0,62.0,70.6,158.8,28.0,95.9,3.2892146681210574,0.34090909090909094,,High
83604,60,1,22.0,19.0,169.0,2.0,183.0,116.0,66.6,126.0,74.0,68.5,167.3,24.5,87.6,1.7918862053795355,0.3254437869822486,0.030030030030030033,Moderate
83610,18,1,24.0,32.0,174.0,2.0,112.0,,,120.0,62.0,71.9,173.7,23.8,89.0,0.43889386418475357,0.3448275862068966,,Low
83612,72,1,28.0,26.0,146.0,2.0,119.0,52.0,66.6,128.0,80.0,97.7,179.0,30.5,108.0,2.7080145783464316,0.47945205479452047,0.030030030030030033,High
83613,23,1,26.0,18.0,180.0,2.0,132.0,64.0,67.6,94.0,62.0,84.1,187.8,23.8,85.3,0.7830552873139917,0.36111111111111116,0.02958579881656805,Low
83614,62,1,14.0,13.0,173.0,2.0,239.0,,,124.0,64.0,85.1,191.9,23.1,90.4,1.3915600298367021,0.20231213872832368,,Moderate
83615,80,1,28.0,26.0,267.0,2.0,197.0,116.0,80.6,112.0,64.0,77.0,176.0,24.9,98.5,1.6453188865525552,0.26217228464419473,0.02481389578163772,Moderate
83616,60,2,19.0,16.0,357.0,2.0,171.0,100.0,70.6,130.0,78.0,78.8,150.7,34.7,109.5,0.7983193277310925,0.1330532212885154,0.028328611898017,Low
83618,40,1,28.0,40.0,191.0,2.0,199.0,146.0,52.6,100.0,70.0,97.1,181.7,29.4,108.6,0.9271599422483205,0.3664921465968586,0.03802281368821293,Low
83619,31,1,23.0,19.0,191.0,2.0,177.0,103.0,73.6,112.0,64.0,85.6,179.1,26.7,92.0,0.8564053311503168,0.3010471204188481,0.027173913043478264,Low
83620,29,2,20.0,17.0,277.0,2.0,184.0,,,116.0,74.0,49.2,157.0,20.0,72.7,0.5078363267908776,0.18050541516245489,,Low
83623,80,1,18.0,14.0,159.0,2.0,107.0,,,112.0,68.0,93.8,181.7,28.4,107.5,2.420479172037051,0.28301886792452835,,Moderate
83624,50,2,29.0,25.0,209.0,2.0,155.0,59.0,95.6,136.0,82.0,92.3,164.1,34.3,120.5,1.38755980861244,0.34688995215311,0.020920502092050212,Moderate
83625,58,2,19.0,17.0,285.0,2.0,297.0,214.0,82.6,98.0,58.0,55.6,150.4,24.6,89.1,0.9378044168071541,0.16666666666666666,0.02421307506053269,Low
83627,49,1,24.0,26.0,286.0,2.0,197.0,137.0,59.6,132.0,76.0,81.9,169.4,28.5,103.3,0.8064076046241414,0.2097902097902098,0.03355704697986577,Low
83630,80,2,20.0,15.0,161.0,2.0,225.0,128.0,96.6,170.0,46.0,55.2,145.8,26.0,88.5,2.5659516993506695,0.3105590062111801,0.020703933747412008,Moderate
83632,47,1,17.0,16.0,248.0,2.0,175.0,,,126.0,74.0,79.0,164.9,29.1,97.0,0.8054435483870968,0.1713709677419355,,Low
83633,45,1,26.0,41.0,226.0,2.0,322.0,213.0,108.6,122.0,86.0,96.7,180.4,29.7,104.2,0.8085101832286243,0.28761061946902655,0.01841620626151013,Low
83634,51,1,20.0,26.0,499.0,2.0,165.0,,,116.0,68.0,74.8,164.9,27.5,93.9,0.4008786730279514,0.1002004008016032,,Low
83636,25,1,27.0,26.0,235.0,2.0,194.0,,,114.0,66.0,82.9,176.3,26.7,84.9,0.563312303056486,0.2872340425531915,,Low
83637,40,1,27.0,29.0,232.0,2.0,178.0,121.0,56.6,114.0,82.0,179.4,193.3,48.0,146.5,0.8644438156517933,0.290948275862069,0.0353356890459364,Low
83638,80,1,24.0,22.0,191.0,2.0,241.0,131.0,109.6,116.0,66.0,72.3,172.9,24.2,104.7,2.143169504726555,0.3141361256544502,0.018248175182481754,Moderate
83639,80,2,28.0,13.0,412.0,2.0,207.0,,,126.0,64.0,36.5,160.4,14.2,71.0,1.5079228635248947,0.16990291262135923,,Moderate
83640,79,2,54.0,47.0,101.0,2.0,162.0,,,134.0,52.0,58.2,144.2,28.0,84.6,6.1609906309902795,1.3366336633663367,,High
83642,33,1,19.0,22.0,252.0,2.0,208.0,138.0,69.6,112.0,72.0,81.4,172.4,27.4,103.2,0.5304636871228879,0.18849206349206346,0.02873563218390805,Low
83643,29,2,18.0,13.0,204.0,2.0,172.0,,,106.0,68.0,56.9,159.9,22.3,77.6,0.7096899569352196,0.22058823529411764,,Low
83646,56,1,29.0,22.0,272.0,2.0,213.0,69.0,143.6,118.0,80.0,65.4,173.8,21.7,82.2,1.2729336888290859,0.2665441176470588,0.01392757660167131,Low
83647,20,2,17.0,10.0,235.0,2.0,209.0,,,108.0,32.0,72.6,157.3,29.3,103.8,0.4575210231732974,0.18085106382978725,,Low
83648,18,2,20.0,19.0,203.0,2.0,199.0,120.0,78.6,108.0,64.0,51.1,157.9,20.5,71.0,0.40684563642070065,0.24630541871921183,0.025445292620865142,Low
83655,41,1,14.0,13.0,145.0,2.0,180.0,121.0,58.6,,,166.3,186.0,48.1,153.0,1.0979238366664879,0.24137931034482757,0.034129692832764506,Low
83658,50,2,28.0,27.0,274.0,2.0,271.0,176.0,94.6,120.0,78.0,72.2,148.6,32.7,96.4,0.9833216263570268,0.25547445255474455,0.021141649048625793,Low
83659,19,1,32.0,30.0,173.0,2.0,136.0,,,100.0,42.0,69.5,159.6,27.3,82.0,0.6416480057093276,0.46242774566473993,,Low
83660,69,1,17.0,19.0,214.0,2.0,198.0,,,136.0,88.0,81.0,165.7,29.5,101.2,1.2574983917297613,0.1985981308411215,,Low
83663,72,2,23.0,12.0,355.0,2.0,215.0,,,120.0,60.0,74.6,163.5,27.9,110.5,1.3466085151803102,0.1619718309859155,,Moderate
83664,37,1,31.0,24.0,238.0,2.0,161.0,,,114.0,70.0,63.1,178.9,19.7,75.8,0.9837411537017876,0.32563025210084034,,Low
83665,31,2,16.0,18.0,255.0,2.0,207.0,,,114.0,58.0,72.0,165.9,26.2,85.1,0.45846400453402303,0.15686274509803924,,Low
83667,30,2,25.0,37.0,282.0,2.0,203.0,,,104.0,52.0,76.3,156.0,31.4,93.8,0.4372313492163758,0.22163120567375888,,Low
83668,21,2,24.0,14.0,271.0,2.0,153.0,,,98.0,60.0,52.7,159.4,20.7,76.9,0.49704673772642766,0.22140221402214022,,Low
83669,41,1,24.0,18.0,220.0,2.0,261.0,,,,,76.8,185.0,22.4,89.3,1.0542319283144892,0.2727272727272727,,Low
83672,36,1,35.0,41.0,224.0,2.0,190.0,,,126.0,80.0,110.1,175.5,35.7,107.1,0.8784774106234091,0.390625,,Low
83674,40,1,23.0,34.0,326.0,2.0,176.0,,,126.0,76.0,93.7,169.1,32.8,100.4,0.4839837372119881,0.1763803680981595,,Low
83676,51,2,22.0,29.0,232.0,2.0,214.0,117.0,96.6,120.0,76.0,60.0,152.1,25.9,90.5,0.898061075149363,0.2370689655172414,0.020703933747412008,Low
83677,18,2,16.0,14.0,182.0,2.0,152.0,92.0,59.6,104.0,58.0,74.1,166.2,26.8,89.8,0.42291888830097923,0.21978021978021978,0.03355704697986577,Low
83678,42,2,48.0,47.0,236.0,2.0,256.0,124.0,131.6,122.0,78.0,50.0,165.3,18.3,69.0,1.2460331477108282,0.5084745762711864,0.015197568389057751,Low
83683,33,2,15.0,21.0,256.0,2.0,160.0,75.0,84.6,106.0,64.0,76.5,159.7,30.0,106.4,0.4219447486985009,0.146484375,0.023640661938534282,Low
83684,80,1,23.0,27.0,171.0,2.0,187.0,,,134.0,78.0,82.0,168.7,28.8,104.1,2.0708079830583066,0.3362573099415205,,Moderate
83687,70,2,23.0,25.0,207.0,2.0,227.0,,,,,86.0,165.5,31.4,120.7,1.5555555555555556,0.27777777777777773,,Moderate
83688,29,2,18.0,10.0,187.0,2.0,103.0,,,108.0,80.0,64.4,169.1,22.5,77.9,0.882732052731494,0.24064171122994654,,Low
83689,30,2,18.0,18.0,160.0,2.0,146.0,,,108.0,72.0,60.3,159.8,23.6,86.4,0.7954951288348661,0.28125,,Low
83692,68,1,76.0,67.0,257.0,2.0,129.0,57.0,71.6,102.0,60.0,63.6,182.4,19.1,84.5,2.4566991767836006,0.7392996108949416,0.02793296089385475,Moderate
83694,36,2,29.0,40.0,233.0,2.0,171.0,65.0,105.6,114.0,72.0,71.3,167.8,25.3,87.2,0.7084587719347184,0.3111587982832618,0.01893939393939394,Low
83699,37,2,21.0,16.0,240.0,2.0,255.0,143.0,111.6,116.0,70.0,53.3,160.1,20.8,74.5,0.809375,0.21875000000000003,0.01792114695340502,Low
83700,29,2,18.0,13.0,213.0,2.0,245.0,,,,,68.8,161.6,26.3,92.5,0.6797030573464076,0.21126760563380284,,Low
83701,45,2,22.0,14.0,217.0,2.0,194.0,,,128.0,60.0,69.7,165.0,25.6,87.7,1.219302440061291,0.2534562211981567,,Low
83702,80,2,19.0,13.0,297.0,2.0,309.0,221.0,87.6,154.0,86.0,69.1,157.3,27.9,98.7,1.4194348455595092,0.15993265993265993,0.022831050228310504,Moderate
83703,22,1,20.0,12.0,168.0,2.0,126.0,,,128.0,64.0,101.1,169.5,35.2,,0.7560539239387957,0.2976190476190476,,Low
83705,35,2,21.0,19.0,303.0,2.0,222.0,,,100.0,64.0,67.9,162.9,25.6,85.8,0.5565035128543329,0.17326732673267328,,Low
83707,18,1,29.0,22.0,297.0,2.0,121.0,46.0,74.6,106.0,54.0,57.7,160.2,22.5,76.8,0.3747164105644062,0.24410774410774408,0.02680965147453083,Low
83708,64,1,20.0,17.0,175.0,2.0,161.0,103.0,57.6,94.0,74.0,175.2,188.3,49.4,157.6,1.7739748574086067,0.2857142857142857,0.034722222222222224,Moderate
83709,24,1,18.0,15.0,206.0,2.0,206.0,,,116.0,62.0,71.7,171.9,24.3,85.4,0.541465632867833,0.2184466019417476,,Low
83711,38,2,31.0,47.0,204.0,2.0,209.0,141.0,67.6,110.0,76.0,81.9,156.3,33.5,112.0,0.8422988234535285,0.3799019607843137,0.02958579881656805,Low
83712,61,1,24.0,25.0,227.0,2.0,165.0,94.0,70.6,124.0,70.0,90.8,174.1,30.0,107.3,1.2898678414096916,0.2643171806167401,0.028328611898017,Low
83713,34,1,29.0,37.0,185.0,2.0,180.0,94.0,85.6,118.0,66.0,62.5,162.4,23.7,,0.8762021701788233,0.3918918918918919,0.023364485981308414,Low
83714,19,2,13.0,22.0,310.0,2.0,187.0,127.0,59.6,112.0,64.0,71.7,159.7,28.1,,0.16987282883817992,0.10483870967741934,0.03355704697986577,Low
83715,58,1,21.0,20.0,288.0,2.0,179.0,,,118.0,74.0,76.3,170.4,26.3,97.5,0.945670415484286,0.18229166666666666,,Low
83717,80,2,26.0,16.0,157.0,2.0,193.0,,,,,43.6,143.2,21.3,86.3,3.3121019108280256,0.4140127388535032,,High
83718,60,2,19.0,14.0,241.0,2.0,221.0,135.0,85.6,114.0,72.0,74.7,165.1,27.4,100.4,1.264223301992381,0.1970954356846473,0.023364485981308414,Low
83720,36,1,25.0,23.0,167.0,2.0,202.0,,,130.0,88.0,89.0,192.8,23.9,80.6,1.123730375157888,0.37425149700598803,,Low
83721,52,1,24.0,47.0,152.0,2.0,138.0,,,108.0,70.0,79.5,176.2,25.6,92.7,1.197628351245871,0.39473684210526316,,Low
83723,61,1,24.0,23.0,181.0,2.0,186.0,116.0,69.6,,,99.5,173.5,33.1,115.0,1.6865475258539087,0.3314917127071823,0.02873563218390805,Moderate
83724,80,1,20.0,12.0,180.0,2.0,157.0,,,164.0,70.0,77.1,176.0,24.9,92.3,2.5660011963983367,0.2777777777777778,,Moderate
83727,26,1,27.0,26.0,226.0,2.0,190.0,119.0,70.6,110.0,68.0,71.8,171.3,24.5,87.1,0.6091748976416159,0.29867256637168144,0.028328611898017,Low
83729,42,2,26.0,13.0,213.0,2.0,152.0,,,136.0,82.0,89.6,162.3,34.0,102.7,1.4219075452534042,0.3051643192488263,,Moderate
